{
    "providers": [
        {
            "type": "bitmap",
            "file": "sysec_lib:addons/local/adnet.map.session_services/assets/rating_title_l3.png",
            "ascent": 5,
            "height": 5,
            "chars": ["\u0001\u0002\u0003\u0004\u0005\u0006\u0007\u0008\u0009"]
        },
        {
            "type": "bitmap",
            "file": "sysec_lib:addons/local/adnet.map.session_services/assets/rating_text_l3.png",
            "ascent": 10,
            "height": 15,
            "chars": ["\u0011\u0012\u0013\u0014\u0015\u0016\u0017\u0018"]
        }
    ]
}