{
    "providers": [
        {
            "type": "bitmap",
            "file": "sysec_lib:addons/local/adnet.map.session_services/assets/ui/button_combination.png",
            "ascent": -6,
            "height": 16,
            "chars": ["\u0001\u0002\u0003\u0004\u0005\u0006"]
        },
        {
            "type": "bitmap",
            "file": "sysec_lib:addons/local/adnet.map.session_services/assets/ui/right_click.png",
            "ascent": -6,
            "height": 16,
            "chars": ["\u0011\u0012"]
        },
        {
            "type": "bitmap",
            "file": "sysec_lib:addons/local/adnet.map.session_services/assets/ui/button_f.png",
            "ascent": -6,
            "height": 16,
            "chars": ["\u0021"]
        }
    ]
}