{
	"credit": "Made with Blockbench",
	"parent": "arrow",
	"textures": {
		"1": "item/leftarrow",
		"particle": "item/leftarrow"
	},
	"elements": [
		{
			"from": [6.5, 0.3, 6.8],
			"to": [9.5, 5.1, 9.2],
			"faces": {
				"north": {"uv": [0, 6, 3, 10.8125], "texture": "#1"},
				"south": {"uv": [6, 0, 9, 4.8125], "texture": "#1"},
				"up": {"uv": [12, 2.40625, 9, 0], "texture": "#1"},
				"down": {"uv": [6, 10, 3, 12.40625], "texture": "#1"}
			}
		},
		{
			"from": [8.9, 1.8, 6.5],
			"to": [9.8, 3.6, 9.5],
			"faces": {
				"west": {"uv": [9, 3, 12, 4.8125], "texture": "#1"},
				"up": {"uv": [12, 4.8125, 9, 3], "texture": "#1"},
				"down": {"uv": [12, 3, 9, 4.8125], "texture": "#1"}
			}
		},
		{
			"from": [9.8, 5.4, 9.5],
			"to": [8, 0, 6.5],
			"faces": {
				"north": {"uv": [6, 5, 7.8125, 10.40625], "texture": "#1"},
				"east": {"uv": [0, 0, 3, 5.40625], "texture": "#1"},
				"south": {"uv": [8, 5, 9.8125, 10.40625], "texture": "#1"},
				"west": {"uv": [3, 0, 6, 5.40625], "texture": "#1"},
				"up": {"uv": [12, 4.8125, 9, 3], "texture": "#1"},
				"down": {"uv": [12, 3, 9, 4.8125], "texture": "#1"}
			}
		},
		{
			"from": [8, 4.5, 9.5],
			"to": [7.1, 0.9, 6.5],
			"faces": {
				"north": {"uv": [9, 3, 12, 4.8125], "texture": "#1"},
				"east": {"uv": [3, 6, 6, 9.59375], "texture": "#1"},
				"south": {"uv": [9, 3, 12, 4.8125], "texture": "#1"},
				"up": {"uv": [12, 4.8125, 9, 3], "texture": "#1"},
				"down": {"uv": [12, 3, 9, 4.8125], "texture": "#1"}
			}
		},
		{
			"from": [7.1, 3.6, 9.5],
			"to": [6.2, 1.8, 6.5],
			"faces": {
				"north": {"uv": [9, 3, 12, 4.8125], "texture": "#1"},
				"east": {"uv": [9, 3, 12, 4.8125], "texture": "#1"},
				"south": {"uv": [9, 3, 12, 4.8125], "texture": "#1"},
				"up": {"uv": [12, 4.8125, 9, 3], "texture": "#1"},
				"down": {"uv": [12, 3, 9, 4.8125], "texture": "#1"}
			}
		}
	],
	"gui_light": "front",
	"display": {
		"head": {
			"translation": [0, 20, 0],
			"scale": [4, 4, 4]
		}
	},
	"groups": [
		{
			"name": ">",
			"origin": [0, 0, 0],
			"color": 0,
			"nbt": "{}",
			"children": [
				{
					"name": ">",
					"origin": [0, 0, 0],
					"color": 0,
					"nbt": "{}",
					"children": [0, 1, 2, 3, 4]
				}
			]
		}
	]
}