{
	"credit": "Made with Blockbench",
	"texture_size": [64, 64],
	"textures": {
		"1": "item/trashcan"
	},
	"elements": [
		{
			"from": [1, 0, 1],
			"to": [15, 16, 15],
			"rotation": {"angle": 0, "axis": "y", "origin": [1, 0, 1]},
			"faces": {
				"north": {"uv": [4, 0, 7.5, 4], "texture": "#1"},
				"east": {"uv": [4, 4, 7.5, 8], "texture": "#1"},
				"south": {"uv": [7.5, 0, 11, 4], "texture": "#1"},
				"west": {"uv": [7.5, 4, 11, 8], "texture": "#1"},
				"up": {"uv": [3.5, 11.5, 0, 8], "texture": "#1"},
				"down": {"uv": [7, 8, 3.5, 11.5], "texture": "#1"}
			}
		},
		{
			"from": [0, 16, 0],
			"to": [16, 20, 16],
			"rotation": {"angle": 0, "axis": "y", "origin": [1, 4, 1]},
			"faces": {
				"north": {"uv": [7, 8, 11, 9], "texture": "#1"},
				"east": {"uv": [7, 9, 11, 10], "texture": "#1"},
				"south": {"uv": [7, 10, 11, 11], "texture": "#1"},
				"west": {"uv": [11, 0, 15, 1], "texture": "#1"},
				"up": {"uv": [4, 4, 0, 0], "texture": "#1"},
				"down": {"uv": [4, 4, 0, 8], "texture": "#1"}
			}
		},
		{
			"from": [7, 20, 5],
			"to": [9, 22, 11],
			"rotation": {"angle": 0, "axis": "y", "origin": [1, 6, 1]},
			"faces": {
				"north": {"uv": [11, 5, 11.5, 5.5], "texture": "#1"},
				"east": {"uv": [11, 1, 12.5, 1.5], "texture": "#1"},
				"south": {"uv": [11, 5.5, 11.5, 6], "texture": "#1"},
				"west": {"uv": [11, 1.5, 12.5, 2], "texture": "#1"},
				"up": {"uv": [11.5, 3.5, 11, 2], "texture": "#1"},
				"down": {"uv": [11.5, 3.5, 11, 5], "texture": "#1"}
			}
		}
	],
	"groups": [
		{
			"name": "group",
			"origin": [8, 8, 8],
			"color": 0,
			"children": [0, 1, 2]
		}
	]
}