{
		"textures": {
		"0": "block/yellow_concrete",
		"1": "block/red_concrete",
		"particle": "block/yellow_concrete"
	},
	"elements": [
		{
			"from": [6, -0.5, 0.5],
			"to": [7, 0.5, 2.5],
			"rotation": {"angle": 0, "axis": "y", "origin": [8, 7.5, 7.5]},
			"faces": {
				"north": {"uv": [0, 0, 1, 1], "texture": "#0"},
				"east": {"uv": [0, 0, 2, 1], "texture": "#0"},
				"south": {"uv": [0, 0, 1, 1], "texture": "#0"},
				"west": {"uv": [0, 0, 2, 1], "texture": "#0"},
				"up": {"uv": [0, 0, 1, 2], "texture": "#0"},
				"down": {"uv": [0, 0, 1, 2], "texture": "#0"}
			}
		},
		{
			"from": [6.5, -0.5, 13.5],
			"to": [7.5, 0.5, 15.5],
			"rotation": {"angle": 0, "axis": "y", "origin": [8, 7.5, 20.5]},
			"faces": {
				"north": {"uv": [0, 0, 1, 1], "texture": "#0"},
				"east": {"uv": [0, 0, 2, 1], "texture": "#0"},
				"south": {"uv": [0, 0, 1, 1], "texture": "#0"},
				"west": {"uv": [0, 0, 2, 1], "texture": "#0"},
				"up": {"uv": [0, 0, 1, 2], "texture": "#0"},
				"down": {"uv": [0, 0, 1, 2], "texture": "#0"}
			}
		},
		{
			"from": [9, -0.5, 0.5],
			"to": [10, 0.5, 2.5],
			"rotation": {"angle": 0, "axis": "y", "origin": [8, 7.5, 7.5]},
			"faces": {
				"north": {"uv": [0, 0, 1, 1], "texture": "#0"},
				"east": {"uv": [0, 0, 2, 1], "texture": "#0"},
				"south": {"uv": [0, 0, 1, 1], "texture": "#0"},
				"west": {"uv": [0, 0, 2, 1], "texture": "#0"},
				"up": {"uv": [0, 0, 1, 2], "texture": "#0"},
				"down": {"uv": [0, 0, 1, 2], "texture": "#0"}
			}
		},
		{
			"from": [8.5, -0.5, 13.5],
			"to": [9.5, 0.5, 15.5],
			"rotation": {"angle": 0, "axis": "y", "origin": [8, 7.5, 20.5]},
			"faces": {
				"north": {"uv": [0, 0, 1, 1], "texture": "#0"},
				"east": {"uv": [0, 0, 2, 1], "texture": "#0"},
				"south": {"uv": [0, 0, 1, 1], "texture": "#0"},
				"west": {"uv": [0, 0, 2, 1], "texture": "#0"},
				"up": {"uv": [0, 0, 1, 2], "texture": "#0"},
				"down": {"uv": [0, 0, 1, 2], "texture": "#0"}
			}
		},
		{
			"from": [6, -0.5, 2.5],
			"to": [10, 0.5, 3.5],
			"rotation": {"angle": 0, "axis": "y", "origin": [8, 7.5, 7.5]},
			"faces": {
				"north": {"uv": [0, 0, 4, 1], "texture": "#0"},
				"east": {"uv": [0, 0, 1, 1], "texture": "#0"},
				"south": {"uv": [0, 0, 4, 1], "texture": "#0"},
				"west": {"uv": [0, 0, 1, 1], "texture": "#0"},
				"up": {"uv": [0, 0, 4, 1], "texture": "#0"},
				"down": {"uv": [0, 0, 4, 1], "texture": "#0"}
			}
		},
		{
			"from": [6.5, -0.5, 12.5],
			"to": [9.5, 0.5, 13.5],
			"rotation": {"angle": 0, "axis": "y", "origin": [8, 7.5, 7.5]},
			"faces": {
				"north": {"uv": [0, 0, 4, 1], "texture": "#0"},
				"east": {"uv": [0, 0, 1, 1], "texture": "#0"},
				"south": {"uv": [0, 0, 4, 1], "texture": "#0"},
				"west": {"uv": [0, 0, 1, 1], "texture": "#0"},
				"up": {"uv": [0, 0, 4, 1], "texture": "#0"},
				"down": {"uv": [0, 0, 4, 1], "texture": "#0"}
			}
		},
		{
			"from": [7, -0.5, 11.5],
			"to": [9, 0.5, 12.5],
			"rotation": {"angle": 0, "axis": "y", "origin": [8, 7.5, 19.5]},
			"faces": {
				"north": {"uv": [0, 0, 2, 1], "texture": "#0"},
				"east": {"uv": [0, 0, 1, 1], "texture": "#0"},
				"south": {"uv": [0, 0, 2, 1], "texture": "#0"},
				"west": {"uv": [0, 0, 1, 1], "texture": "#0"},
				"up": {"uv": [0, 0, 2, 1], "texture": "#0"},
				"down": {"uv": [0, 0, 2, 1], "texture": "#0"}
			}
		},
		{
			"from": [7, -0.5, 3.5],
			"to": [9, 0.5, 11.5],
			"rotation": {"angle": 0, "axis": "y", "origin": [8, 7.5, 7.5]},
			"faces": {
				"north": {"uv": [0, 0, 2, 1], "texture": "#0"},
				"east": {"uv": [0, 0, 8, 1], "texture": "#0"},
				"south": {"uv": [0, 0, 2, 1], "texture": "#0"},
				"west": {"uv": [0, 0, 8, 1], "texture": "#0"},
				"up": {"uv": [0, 0, 2, 8], "texture": "#0"},
				"down": {"uv": [0, 0, 2, 8], "texture": "#0"}
			}
		},
		{
			"from": [6.75, -0.75, 5.5],
			"to": [9.25, 0.75, 10.5],
			"rotation": {"angle": 0, "axis": "y", "origin": [8, 8, 7.5]},
			"faces": {
				"north": {"uv": [0, 0, 2.5, 1.5], "texture": "#1"},
				"east": {"uv": [0, 0, 5, 1.5], "texture": "#1"},
				"south": {"uv": [0, 0, 2.5, 1.5], "texture": "#1"},
				"west": {"uv": [0, 0, 5, 1.5], "texture": "#1"},
				"up": {"uv": [0, 0, 2.5, 5], "texture": "#1"},
				"down": {"uv": [0, 0, 2.5, 5], "texture": "#1"}
			}
		}
	],
	"gui_light": "front",
	"display": {
		"thirdperson_righthand": {
			"rotation": [90, 0, 90],
			"translation": [-8, 0, 0]
		},
		"thirdperson_lefthand": {
			"rotation": [90, 0, 90],
			"translation": [-8, 0, 0]
		},
		"firstperson_righthand": {
			"rotation": [115, 0, 90],
			"translation": [-8.5, 2.5, 0]
		},
		"firstperson_lefthand": {
			"rotation": [115, 0, 90],
			"translation": [-8.5, 2.5, 0]
		},
		"ground": {
			"translation": [0, 6, 0]
		},
		"gui": {
			"rotation": [90, -45, 0],
			"translation": [-0.25, 0, 0],
			"scale": [1.2, 1.2, 1.2]
		}
	}
}