{
		"textures": {
		"0": "block/black_terracotta",
		"1": "block/blast_furnace_front",
		"particle": "block/black_terracotta"
	},
	"elements": [
		{
			"from": [6.5, 6.5, 15],
			"to": [9.5, 9.5, 16],
			"rotation": {"angle": 0, "axis": "y", "origin": [16.5, 14.5, 23]},
			"faces": {
				"north": {"uv": [0, 0, 3, 3], "texture": "#0"},
				"east": {"uv": [0, 0, 1, 3], "texture": "#missing"},
				"south": {"uv": [0, 0, 3, 3], "texture": "#missing"},
				"west": {"uv": [0, 0, 1, 3], "texture": "#missing"},
				"up": {"uv": [0, 0, 3, 1], "texture": "#missing"},
				"down": {"uv": [0, 0, 3, 1], "texture": "#missing"}
			}
		},
		{
			"from": [5.5, 10.5, 15],
			"to": [10.5, 13.5, 16],
			"rotation": {"angle": 0, "axis": "y", "origin": [16.5, 18.5, 23]},
			"faces": {
				"north": {"uv": [5, 0, 10, 3], "texture": "#1"},
				"east": {"uv": [0, 0, 1, 3], "texture": "#1"},
				"south": {"uv": [0, 0, 5, 3], "texture": "#1"},
				"west": {"uv": [0, 0, 1, 3], "texture": "#1"},
				"up": {"uv": [0, 0, 5, 1], "texture": "#1"},
				"down": {"uv": [0, 0, 5, 1], "texture": "#1"}
			}
		},
		{
			"from": [2.5, 2.5, 15],
			"to": [5.5, 13.5, 16],
			"rotation": {"angle": 0, "axis": "y", "origin": [11.5, 18.5, 23]},
			"faces": {
				"north": {"uv": [13, 0, 16, 11], "texture": "#1"},
				"east": {"uv": [0, 0, 1, 11], "texture": "#1"},
				"south": {"uv": [0, 0, 3, 11], "texture": "#1"},
				"west": {"uv": [0, 0, 1, 11], "texture": "#1"},
				"up": {"uv": [0, 0, 3, 1], "texture": "#1"},
				"down": {"uv": [0, 0, 3, 1], "texture": "#1"}
			}
		},
		{
			"from": [10.5, 2.5, 15],
			"to": [13.5, 13.5, 16],
			"rotation": {"angle": 0, "axis": "y", "origin": [19.5, 18.5, 23]},
			"faces": {
				"north": {"uv": [0, 0, 3, 11], "texture": "#1"},
				"east": {"uv": [0, 0, 1, 11], "texture": "#1"},
				"south": {"uv": [0, 0, 3, 11], "texture": "#1"},
				"west": {"uv": [0, 0, 1, 11], "texture": "#1"},
				"up": {"uv": [0, 0, 3, 1], "texture": "#1"},
				"down": {"uv": [0, 0, 3, 1], "texture": "#1"}
			}
		},
		{
			"from": [5.5, 2.5, 15],
			"to": [10.5, 5.5, 16],
			"rotation": {"angle": 0, "axis": "y", "origin": [16.5, 10.5, 23]},
			"faces": {
				"north": {"uv": [5, 0, 10, 3], "texture": "#1"},
				"east": {"uv": [0, 0, 1, 3], "texture": "#1"},
				"south": {"uv": [0, 0, 5, 3], "texture": "#1"},
				"west": {"uv": [0, 0, 1, 3], "texture": "#1"},
				"up": {"uv": [0, 0, 5, 1], "texture": "#1"},
				"down": {"uv": [0, 0, 5, 1], "texture": "#1"}
			}
		},
		{
			"from": [5.5, 6.5, 8],
			"to": [6.5, 9.5, 16],
			"rotation": {"angle": 0, "axis": "y", "origin": [13.5, 14.5, 23]},
			"faces": {
				"north": {"uv": [0, 0, 1, 3], "texture": "#1"},
				"east": {"uv": [0, 0, 8, 3], "texture": "#0"},
				"south": {"uv": [0, 0, 1, 3], "texture": "#missing"},
				"west": {"uv": [3, 6, 13, 14], "texture": "#1"},
				"up": {"uv": [0, 0, 1, 8], "texture": "#missing"},
				"down": {"uv": [0, 0, 1, 8], "texture": "#missing"}
			}
		},
		{
			"from": [9.5, 6.5, 8],
			"to": [10.5, 9.5, 16],
			"rotation": {"angle": 0, "axis": "y", "origin": [17.5, 14.5, 23]},
			"faces": {
				"north": {"uv": [0, 0, 1, 3], "texture": "#1"},
				"east": {"uv": [3, 6, 13, 14], "texture": "#1"},
				"south": {"uv": [0, 0, 1, 3], "texture": "#missing"},
				"west": {"uv": [0, 0, 8, 3], "texture": "#0"},
				"up": {"uv": [0, 0, 1, 8], "texture": "#missing"},
				"down": {"uv": [0, 0, 1, 8], "texture": "#missing"}
			}
		},
		{
			"from": [5.5, 9.5, 8],
			"to": [10.5, 10.5, 16],
			"rotation": {"angle": 0, "axis": "y", "origin": [17.5, 17.5, 23]},
			"faces": {
				"north": {"uv": [0, 0, 5, 1], "texture": "#1"},
				"east": {"uv": [0, 0, 8, 1], "texture": "#1"},
				"south": {"uv": [0, 0, 5, 1], "texture": "#missing"},
				"west": {"uv": [0, 0, 8, 1], "texture": "#1"},
				"up": {"uv": [0, 0, 5, 8], "texture": "#1"},
				"down": {"uv": [0, 0, 5, 8], "texture": "#0"}
			}
		},
		{
			"from": [5.5, 5.5, 8],
			"to": [10.5, 6.5, 16],
			"rotation": {"angle": 0, "axis": "y", "origin": [17.5, 13.5, 23]},
			"faces": {
				"north": {"uv": [0, 0, 5, 1], "texture": "#1"},
				"east": {"uv": [0, 0, 8, 1], "texture": "#1"},
				"south": {"uv": [0, 0, 5, 1], "texture": "#missing"},
				"west": {"uv": [0, 0, 8, 1], "texture": "#1"},
				"up": {"uv": [0, 0, 5, 8], "texture": "#0"},
				"down": {"uv": [0, 0, 5, 8], "texture": "#1"}
			}
		}
	],
	"gui_light": "front",
	"display": {
		"thirdperson_righthand": {
			"rotation": [0, -180, 0],
			"translation": [0, 8, 0]
		},
		"thirdperson_lefthand": {
			"rotation": [0, -180, 0],
			"translation": [0, 8, 0]
		},
		"firstperson_righthand": {
			"rotation": [0, 45, 0],
			"scale": [0.4, 0.4, 0.4]
		},
		"firstperson_lefthand": {
			"rotation": [0, 225, 0],
			"scale": [0.4, 0.4, 0.4]
		},
		"ground": {
			"translation": [0, 3, 0],
			"scale": [0.25, 0.25, 0.25]
		},
		"gui": {
			"rotation": [30, 225, 0],
			"scale": [0.625, 0.625, 0.625]
		},
		"fixed": {
			"scale": [0.5, 0.5, 0.5]
		}
	}
}