{
		"textures": {
		"0": "block/red_concrete",
		"1": "block/black_terracotta",
		"2": "block/white_terracotta",
		"3": "block/anvil",
		"particle": "block/red_concrete"
	},
	"elements": [
		{
			"from": [10, 1.25, 8.75],
			"to": [20, 4.75, 9.75],
			"rotation": {"angle": 0, "axis": "y", "origin": [18, 11, 16.75]},
			"faces": {
				"north": {"uv": [0, 0, 10, 3.5], "texture": "#2"},
				"east": {"uv": [0, 0, 1, 3.5], "texture": "#2"},
				"south": {"uv": [0, 0, 10, 3.5], "texture": "#2"},
				"west": {"uv": [0, 0, 1, 3.5], "texture": "#2"},
				"up": {"uv": [0, 0, 10, 1], "texture": "#2"},
				"down": {"uv": [0, 0, 10, 1], "texture": "#2"}
			}
		},
		{
			"from": [20, 2, 8.75],
			"to": [28, 4, 9],
			"rotation": {"angle": 0, "axis": "y", "origin": [28, 11, 16.75]},
			"faces": {
				"north": {"uv": [0, 0, 8, 2], "texture": "#1"},
				"east": {"uv": [0, 0, 0.25, 2], "texture": "#1"},
				"south": {"uv": [0, 0, 8, 2], "texture": "#1"},
				"west": {"uv": [0, 0, 0.25, 2], "texture": "#1"},
				"up": {"uv": [0, 0, 8, 0.25], "texture": "#1"},
				"down": {"uv": [0, 0, 8, 0.25], "texture": "#1"}
			}
		},
		{
			"from": [10, 1.25, 6.25],
			"to": [20, 4.75, 7.25],
			"rotation": {"angle": 0, "axis": "y", "origin": [18, 11, 14.25]},
			"faces": {
				"north": {"uv": [0, 0, 10, 3.5], "texture": "#2"},
				"east": {"uv": [0, 0, 1, 3.5], "texture": "#2"},
				"south": {"uv": [0, 0, 10, 3.5], "texture": "#2"},
				"west": {"uv": [0, 0, 1, 3.5], "texture": "#2"},
				"up": {"uv": [0, 0, 10, 1], "texture": "#2"},
				"down": {"uv": [0, 0, 10, 1], "texture": "#2"}
			}
		},
		{
			"from": [10, 2.25, 5.25],
			"to": [20, 3.75, 6.25],
			"rotation": {"angle": 0, "axis": "y", "origin": [18, 11, 13.25]},
			"faces": {
				"north": {"uv": [0, 0, 10, 1.5], "texture": "#2"},
				"east": {"uv": [0, 0, 1, 1.5], "texture": "#2"},
				"south": {"uv": [0, 0, 10, 1.5], "texture": "#2"},
				"west": {"uv": [0, 0, 1, 1.5], "texture": "#2"},
				"up": {"uv": [0, 0, 10, 1], "texture": "#2"},
				"down": {"uv": [0, 0, 10, 1], "texture": "#2"}
			}
		},
		{
			"from": [10, 2.25, 9.75],
			"to": [20, 3.75, 10.75],
			"rotation": {"angle": 0, "axis": "y", "origin": [18, 11, 17.75]},
			"faces": {
				"north": {"uv": [0, 0, 10, 1.5], "texture": "#2"},
				"east": {"uv": [0, 0, 1, 1.5], "texture": "#2"},
				"south": {"uv": [0, 0, 10, 1.5], "texture": "#2"},
				"west": {"uv": [0, 0, 1, 1.5], "texture": "#2"},
				"up": {"uv": [0, 0, 10, 1], "texture": "#2"},
				"down": {"uv": [0, 0, 10, 1], "texture": "#2"}
			}
		},
		{
			"from": [20, 2, 7],
			"to": [28, 4, 7.25],
			"rotation": {"angle": 0, "axis": "y", "origin": [26, 11, 14.25]},
			"faces": {
				"north": {"uv": [0, 0, 8, 2], "texture": "#1"},
				"east": {"uv": [0, 0, 0.25, 2], "texture": "#1"},
				"south": {"uv": [0, 0, 8, 2], "texture": "#1"},
				"west": {"uv": [0, 0, 0.25, 2], "texture": "#1"},
				"up": {"uv": [0, 0, 8, 0.25], "texture": "#1"},
				"down": {"uv": [0, 0, 8, 0.25], "texture": "#1"}
			}
		},
		{
			"from": [10, 1.25, 7.25],
			"to": [20, 2.25, 8.75],
			"rotation": {"angle": 0, "axis": "y", "origin": [18, 11, 15.25]},
			"faces": {
				"north": {"uv": [0, 0, 10, 1], "texture": "#2"},
				"east": {"uv": [0, 0, 1.5, 1], "texture": "#2"},
				"south": {"uv": [0, 0, 10, 1], "texture": "#2"},
				"west": {"uv": [0, 0, 1.5, 1], "texture": "#2"},
				"up": {"uv": [0, 0, 10, 1.5], "texture": "#2"},
				"down": {"uv": [0, 0, 10, 1.5], "texture": "#2"}
			}
		},
		{
			"from": [20, 2, 7.25],
			"to": [28, 2.25, 8.75],
			"rotation": {"angle": 0, "axis": "y", "origin": [26, 11, 15.25]},
			"faces": {
				"north": {"uv": [0, 0, 8, 0.25], "texture": "#1"},
				"east": {"uv": [0, 0, 1.5, 0.25], "texture": "#1"},
				"south": {"uv": [0, 0, 8, 0.25], "texture": "#1"},
				"west": {"uv": [0, 0, 1.5, 0.25], "texture": "#1"},
				"up": {"uv": [0, 0, 8, 1.5], "texture": "#1"},
				"down": {"uv": [0, 0, 8, 1.5], "texture": "#1"}
			}
		},
		{
			"from": [10, 3.75, 7.25],
			"to": [20, 4.75, 8.75],
			"rotation": {"angle": 0, "axis": "y", "origin": [18, 13.5, 15.25]},
			"faces": {
				"north": {"uv": [0, 0, 10, 1], "texture": "#2"},
				"east": {"uv": [0, 0, 1.5, 1], "texture": "#2"},
				"south": {"uv": [0, 0, 10, 1], "texture": "#2"},
				"west": {"uv": [0, 0, 1.5, 1], "texture": "#2"},
				"up": {"uv": [0, 0, 10, 1.5], "texture": "#2"},
				"down": {"uv": [0, 0, 10, 1.5], "texture": "#2"}
			}
		},
		{
			"from": [20, 3.75, 7.25],
			"to": [28, 4, 8.75],
			"rotation": {"angle": 0, "axis": "y", "origin": [26, 13.5, 15.25]},
			"faces": {
				"north": {"uv": [0, 0, 8, 0.25], "texture": "#1"},
				"east": {"uv": [0, 0, 1.5, 0.25], "texture": "#1"},
				"south": {"uv": [0, 0, 8, 0.25], "texture": "#1"},
				"west": {"uv": [0, 0, 1.5, 0.25], "texture": "#1"},
				"up": {"uv": [0, 0, 8, 1.5], "texture": "#1"},
				"down": {"uv": [0, 0, 8, 1.5], "texture": "#1"}
			}
		},
		{
			"from": [0, 1, 6],
			"to": [11, 5, 10],
			"rotation": {"angle": 0, "axis": "y", "origin": [8, 12, 14]},
			"faces": {
				"north": {"uv": [0, 0, 11, 4], "texture": "#0"},
				"east": {"uv": [0, 0, 4, 4], "texture": "#0"},
				"south": {"uv": [0, 0, 11, 4], "texture": "#0"},
				"west": {"uv": [0, 0, 4, 4], "texture": "#0"},
				"up": {"uv": [0, 0, 11, 4], "texture": "#0"},
				"down": {"uv": [0, 0, 11, 4], "texture": "#0"}
			}
		},
		{
			"from": [0, 5, 6.25],
			"to": [12, 6, 9.75],
			"rotation": {"angle": 0, "axis": "y", "origin": [8, 16, 14]},
			"faces": {
				"north": {"uv": [0, 0, 12, 1], "texture": "#2"},
				"east": {"uv": [0, 0, 3.5, 1], "texture": "#2"},
				"south": {"uv": [0, 0, 12, 1], "texture": "#2"},
				"west": {"uv": [0, 0, 3.5, 1], "texture": "#2"},
				"up": {"uv": [0, 0, 12, 3.5], "texture": "#2"},
				"down": {"uv": [0, 0, 12, 3.5], "texture": "#2"}
			}
		},
		{
			"from": [18, 4.75, 6.25],
			"to": [19, 5.75, 9.75],
			"rotation": {"angle": 0, "axis": "y", "origin": [19, 15.75, 14]},
			"faces": {
				"north": {"uv": [0, 0, 1, 1], "texture": "#0"},
				"east": {"uv": [0, 0, 3.5, 1], "texture": "#0"},
				"south": {"uv": [0, 0, 1, 1], "texture": "#0"},
				"west": {"uv": [0, 0, 3.5, 1], "texture": "#0"},
				"up": {"uv": [0, 0, 1, 3.5], "texture": "#0"},
				"down": {"uv": [0, 0, 1, 3.5], "texture": "#0"}
			}
		},
		{
			"from": [4, 6, 6.25],
			"to": [5, 7, 9.75],
			"rotation": {"angle": 0, "axis": "y", "origin": [5, 17, 14]},
			"faces": {
				"north": {"uv": [0, 0, 1, 1], "texture": "#0"},
				"east": {"uv": [0, 0, 3.5, 1], "texture": "#0"},
				"south": {"uv": [0, 0, 1, 1], "texture": "#0"},
				"west": {"uv": [0, 0, 3.5, 1], "texture": "#0"},
				"up": {"uv": [0, 0, 1, 3.5], "texture": "#0"},
				"down": {"uv": [0, 0, 1, 3.5], "texture": "#0"}
			}
		},
		{
			"from": [18, 7.75, 6.25],
			"to": [19, 8.25, 9.75],
			"rotation": {"angle": 0, "axis": "y", "origin": [19, 18.75, 14]},
			"faces": {
				"north": {"uv": [0, 0, 1, 0.5], "texture": "#0"},
				"east": {"uv": [0, 0, 3.5, 0.5], "texture": "#0"},
				"south": {"uv": [0, 0, 1, 0.5], "texture": "#0"},
				"west": {"uv": [0, 0, 3.5, 0.5], "texture": "#0"},
				"up": {"uv": [0, 0, 1, 3.5], "texture": "#0"},
				"down": {"uv": [0, 0, 1, 3.5], "texture": "#0"}
			}
		},
		{
			"from": [4, 9, 6.25],
			"to": [5, 9.5, 9.75],
			"rotation": {"angle": 0, "axis": "y", "origin": [5, 20, 14]},
			"faces": {
				"north": {"uv": [0, 0, 1, 0.5], "texture": "#0"},
				"east": {"uv": [0, 0, 3.5, 0.5], "texture": "#0"},
				"south": {"uv": [0, 0, 1, 0.5], "texture": "#0"},
				"west": {"uv": [0, 0, 3.5, 0.5], "texture": "#0"},
				"up": {"uv": [0, 0, 1, 3.5], "texture": "#0"},
				"down": {"uv": [0, 0, 1, 3.5], "texture": "#0"}
			}
		},
		{
			"from": [18, 5.75, 9.25],
			"to": [19, 7.75, 9.75],
			"rotation": {"angle": 0, "axis": "y", "origin": [19, 16.75, 14]},
			"faces": {
				"north": {"uv": [0, 0, 1, 2], "texture": "#0"},
				"east": {"uv": [0, 0, 0.5, 2], "texture": "#0"},
				"south": {"uv": [0, 0, 1, 2], "texture": "#0"},
				"west": {"uv": [0, 0, 0.5, 2], "texture": "#0"},
				"up": {"uv": [0, 0, 1, 0.5], "texture": "#0"},
				"down": {"uv": [0, 0, 1, 0.5], "texture": "#0"}
			}
		},
		{
			"from": [4, 7, 9.25],
			"to": [5, 9, 9.75],
			"rotation": {"angle": 0, "axis": "y", "origin": [5, 18, 14]},
			"faces": {
				"north": {"uv": [0, 0, 1, 2], "texture": "#0"},
				"east": {"uv": [0, 0, 0.5, 2], "texture": "#0"},
				"south": {"uv": [0, 0, 1, 2], "texture": "#0"},
				"west": {"uv": [0, 0, 0.5, 2], "texture": "#0"},
				"up": {"uv": [0, 0, 1, 0.5], "texture": "#0"},
				"down": {"uv": [0, 0, 1, 0.5], "texture": "#0"}
			}
		},
		{
			"from": [18, 5.75, 6.25],
			"to": [19, 7.75, 6.75],
			"rotation": {"angle": 0, "axis": "y", "origin": [19, 16.75, 11]},
			"faces": {
				"north": {"uv": [0, 0, 1, 2], "texture": "#0"},
				"east": {"uv": [0, 0, 0.5, 2], "texture": "#0"},
				"south": {"uv": [0, 0, 1, 2], "texture": "#0"},
				"west": {"uv": [0, 0, 0.5, 2], "texture": "#0"},
				"up": {"uv": [0, 0, 1, 0.5], "texture": "#0"},
				"down": {"uv": [0, 0, 1, 0.5], "texture": "#0"}
			}
		},
		{
			"from": [4, 7, 6.25],
			"to": [5, 9, 6.75],
			"rotation": {"angle": 0, "axis": "y", "origin": [5, 18, 11]},
			"faces": {
				"north": {"uv": [0, 0, 1, 2], "texture": "#0"},
				"east": {"uv": [0, 0, 0.5, 2], "texture": "#0"},
				"south": {"uv": [0, 0, 1, 2], "texture": "#0"},
				"west": {"uv": [0, 0, 0.5, 2], "texture": "#0"},
				"up": {"uv": [0, 0, 1, 0.5], "texture": "#0"},
				"down": {"uv": [0, 0, 1, 0.5], "texture": "#0"}
			}
		},
		{
			"from": [-1, 4.375, 5],
			"to": [10, 4.625, 11],
			"rotation": {"angle": 0, "axis": "y", "origin": [8, 11.625, 15]},
			"faces": {
				"north": {"uv": [0, 0, 11, 0.25], "texture": "#3"},
				"east": {"uv": [0, 0, 6, 0.25], "texture": "#3"},
				"south": {"uv": [0, 0, 11, 0.25], "texture": "#3"},
				"west": {"uv": [0, 0, 6, 0.25], "texture": "#3"},
				"up": {"uv": [0, 0, 11, 6], "texture": "#3"},
				"down": {"uv": [0, 0, 11, 6], "texture": "#3"}
			}
		},
		{
			"from": [-1, 3.875, 5],
			"to": [10, 4.125, 11],
			"rotation": {"angle": 0, "axis": "y", "origin": [8, 11.125, 15]},
			"faces": {
				"north": {"uv": [0, 0, 11, 0.25], "texture": "#3"},
				"east": {"uv": [0, 0, 6, 0.25], "texture": "#3"},
				"south": {"uv": [0, 0, 11, 0.25], "texture": "#3"},
				"west": {"uv": [0, 0, 6, 0.25], "texture": "#3"},
				"up": {"uv": [0, 0, 11, 6], "texture": "#3"},
				"down": {"uv": [0, 0, 11, 6], "texture": "#3"}
			}
		},
		{
			"from": [-1, 3.375, 5],
			"to": [10, 3.625, 11],
			"rotation": {"angle": 0, "axis": "y", "origin": [8, 10.625, 15]},
			"faces": {
				"north": {"uv": [0, 0, 11, 0.25], "texture": "#3"},
				"east": {"uv": [0, 0, 6, 0.25], "texture": "#3"},
				"south": {"uv": [0, 0, 11, 0.25], "texture": "#3"},
				"west": {"uv": [0, 0, 6, 0.25], "texture": "#3"},
				"up": {"uv": [0, 0, 11, 6], "texture": "#3"},
				"down": {"uv": [0, 0, 11, 6], "texture": "#3"}
			}
		},
		{
			"from": [-1, 2.875, 5],
			"to": [10, 3.125, 11],
			"rotation": {"angle": 0, "axis": "y", "origin": [8, 10.125, 15]},
			"faces": {
				"north": {"uv": [0, 0, 11, 0.25], "texture": "#3"},
				"east": {"uv": [0, 0, 6, 0.25], "texture": "#3"},
				"south": {"uv": [0, 0, 11, 0.25], "texture": "#3"},
				"west": {"uv": [0, 0, 6, 0.25], "texture": "#3"},
				"up": {"uv": [0, 0, 11, 6], "texture": "#3"},
				"down": {"uv": [0, 0, 11, 6], "texture": "#3"}
			}
		},
		{
			"from": [-1, 2.375, 5],
			"to": [10, 2.625, 11],
			"rotation": {"angle": 0, "axis": "y", "origin": [8, 9.625, 15]},
			"faces": {
				"north": {"uv": [0, 0, 11, 0.25], "texture": "#3"},
				"east": {"uv": [0, 0, 6, 0.25], "texture": "#3"},
				"south": {"uv": [0, 0, 11, 0.25], "texture": "#3"},
				"west": {"uv": [0, 0, 6, 0.25], "texture": "#3"},
				"up": {"uv": [0, 0, 11, 6], "texture": "#3"},
				"down": {"uv": [0, 0, 11, 6], "texture": "#3"}
			}
		},
		{
			"from": [-1, 1.875, 5],
			"to": [10, 2.125, 11],
			"rotation": {"angle": 0, "axis": "y", "origin": [8, 9.125, 15]},
			"faces": {
				"north": {"uv": [0, 0, 11, 0.25], "texture": "#3"},
				"east": {"uv": [0, 0, 6, 0.25], "texture": "#3"},
				"south": {"uv": [0, 0, 11, 0.25], "texture": "#3"},
				"west": {"uv": [0, 0, 6, 0.25], "texture": "#3"},
				"up": {"uv": [0, 0, 11, 6], "texture": "#3"},
				"down": {"uv": [0, 0, 11, 6], "texture": "#3"}
			}
		},
		{
			"from": [-1, 1.375, 5],
			"to": [10, 1.625, 11],
			"rotation": {"angle": 0, "axis": "y", "origin": [8, 8.625, 15]},
			"faces": {
				"north": {"uv": [0, 0, 11, 0.25], "texture": "#3"},
				"east": {"uv": [0, 0, 6, 0.25], "texture": "#3"},
				"south": {"uv": [0, 0, 11, 0.25], "texture": "#3"},
				"west": {"uv": [0, 0, 6, 0.25], "texture": "#3"},
				"up": {"uv": [0, 0, 11, 6], "texture": "#3"},
				"down": {"uv": [0, 0, 11, 6], "texture": "#3"}
			}
		},
		{
			"from": [20, 3.75, 8.75],
			"to": [32, 4.5, 9.5],
			"rotation": {"angle": 0, "axis": "y", "origin": [28, 11.75, 16.75]},
			"faces": {
				"north": {"uv": [0, 0, 12, 0.75], "texture": "#0"},
				"east": {"uv": [0, 0, 0.75, 0.75], "texture": "#0"},
				"south": {"uv": [0, 0, 12, 0.75], "texture": "#0"},
				"west": {"uv": [0, 0, 0.75, 0.75], "texture": "#0"},
				"up": {"uv": [0, 0, 12, 0.75], "texture": "#0"},
				"down": {"uv": [0, 0, 12, 0.75], "texture": "#0"}
			}
		},
		{
			"from": [20, 3.75, 6.5],
			"to": [32, 4.5, 7.25],
			"rotation": {"angle": 0, "axis": "y", "origin": [28, 11.75, 14.5]},
			"faces": {
				"north": {"uv": [0, 0, 12, 0.75], "texture": "#0"},
				"east": {"uv": [0, 0, 0.75, 0.75], "texture": "#0"},
				"south": {"uv": [0, 0, 12, 0.75], "texture": "#0"},
				"west": {"uv": [0, 0, 0.75, 0.75], "texture": "#0"},
				"up": {"uv": [0, 0, 12, 0.75], "texture": "#0"},
				"down": {"uv": [0, 0, 12, 0.75], "texture": "#0"}
			}
		},
		{
			"from": [20, 1.5, 8.75],
			"to": [32, 2.25, 9.5],
			"rotation": {"angle": 0, "axis": "y", "origin": [28, 9.5, 16.75]},
			"faces": {
				"north": {"uv": [0, 0, 12, 0.75], "texture": "#0"},
				"east": {"uv": [0, 0, 0.75, 0.75], "texture": "#0"},
				"south": {"uv": [0, 0, 12, 0.75], "texture": "#0"},
				"west": {"uv": [0, 0, 0.75, 0.75], "texture": "#0"},
				"up": {"uv": [0, 0, 12, 0.75], "texture": "#0"},
				"down": {"uv": [0, 0, 12, 0.75], "texture": "#0"}
			}
		},
		{
			"from": [20, 1.5, 6.5],
			"to": [32, 2.25, 7.25],
			"rotation": {"angle": 0, "axis": "y", "origin": [28, 9.5, 14.5]},
			"faces": {
				"north": {"uv": [0, 0, 12, 0.75], "texture": "#0"},
				"east": {"uv": [0, 0, 0.75, 0.75], "texture": "#0"},
				"south": {"uv": [0, 0, 12, 0.75], "texture": "#0"},
				"west": {"uv": [0, 0, 0.75, 0.75], "texture": "#0"},
				"up": {"uv": [0, 0, 12, 0.75], "texture": "#0"},
				"down": {"uv": [0, 0, 12, 0.75], "texture": "#0"}
			}
		},
		{
			"from": [30, 3.75, 6.75],
			"to": [30.25, 4.75, 9.25],
			"rotation": {"angle": 0, "axis": "y", "origin": [38, 12, 15.25]},
			"faces": {
				"north": {"uv": [0, 0, 0.25, 1], "texture": "#0"},
				"east": {"uv": [0, 0, 2.5, 1], "texture": "#0"},
				"south": {"uv": [0, 0, 0.25, 1], "texture": "#0"},
				"west": {"uv": [0, 0, 2.5, 1], "texture": "#0"},
				"up": {"uv": [0, 0, 0.25, 2.5], "texture": "#0"},
				"down": {"uv": [0, 0, 0.25, 2.5], "texture": "#0"}
			}
		},
		{
			"from": [28, 3.75, 6.75],
			"to": [28.25, 4.75, 9.25],
			"rotation": {"angle": 0, "axis": "y", "origin": [36, 12, 15.25]},
			"faces": {
				"north": {"uv": [0, 0, 0.25, 1], "texture": "#0"},
				"east": {"uv": [0, 0, 2.5, 1], "texture": "#0"},
				"south": {"uv": [0, 0, 0.25, 1], "texture": "#0"},
				"west": {"uv": [0, 0, 2.5, 1], "texture": "#0"},
				"up": {"uv": [0, 0, 0.25, 2.5], "texture": "#0"},
				"down": {"uv": [0, 0, 0.25, 2.5], "texture": "#0"}
			}
		},
		{
			"from": [30, 1.25, 6.75],
			"to": [30.25, 2.25, 9.25],
			"rotation": {"angle": 0, "axis": "y", "origin": [38, 9.25, 15.25]},
			"faces": {
				"north": {"uv": [0, 0, 0.25, 1], "texture": "#0"},
				"east": {"uv": [0, 0, 2.5, 1], "texture": "#0"},
				"south": {"uv": [0, 0, 0.25, 1], "texture": "#0"},
				"west": {"uv": [0, 0, 2.5, 1], "texture": "#0"},
				"up": {"uv": [0, 0, 0.25, 2.5], "texture": "#0"},
				"down": {"uv": [0, 0, 0.25, 2.5], "texture": "#0"}
			}
		},
		{
			"from": [28, 1.25, 6.75],
			"to": [28.25, 2.25, 9.25],
			"rotation": {"angle": 0, "axis": "y", "origin": [36, 9.25, 15.25]},
			"faces": {
				"north": {"uv": [0, 0, 0.25, 1], "texture": "#0"},
				"east": {"uv": [0, 0, 2.5, 1], "texture": "#0"},
				"south": {"uv": [0, 0, 0.25, 1], "texture": "#0"},
				"west": {"uv": [0, 0, 2.5, 1], "texture": "#0"},
				"up": {"uv": [0, 0, 0.25, 2.5], "texture": "#0"},
				"down": {"uv": [0, 0, 0.25, 2.5], "texture": "#0"}
			}
		},
		{
			"from": [30.5, 3.75, 6.75],
			"to": [30.75, 4.75, 9.25],
			"rotation": {"angle": 0, "axis": "y", "origin": [38.5, 12, 15.25]},
			"faces": {
				"north": {"uv": [0, 0, 0.25, 1], "texture": "#0"},
				"east": {"uv": [0, 0, 2.5, 1], "texture": "#0"},
				"south": {"uv": [0, 0, 0.25, 1], "texture": "#0"},
				"west": {"uv": [0, 0, 2.5, 1], "texture": "#0"},
				"up": {"uv": [0, 0, 0.25, 2.5], "texture": "#0"},
				"down": {"uv": [0, 0, 0.25, 2.5], "texture": "#0"}
			}
		},
		{
			"from": [28.5, 3.75, 6.75],
			"to": [28.75, 4.75, 9.25],
			"rotation": {"angle": 0, "axis": "y", "origin": [36.5, 12, 15.25]},
			"faces": {
				"north": {"uv": [0, 0, 0.25, 1], "texture": "#0"},
				"east": {"uv": [0, 0, 2.5, 1], "texture": "#0"},
				"south": {"uv": [0, 0, 0.25, 1], "texture": "#0"},
				"west": {"uv": [0, 0, 2.5, 1], "texture": "#0"},
				"up": {"uv": [0, 0, 0.25, 2.5], "texture": "#0"},
				"down": {"uv": [0, 0, 0.25, 2.5], "texture": "#0"}
			}
		},
		{
			"from": [30.5, 1.25, 6.75],
			"to": [30.75, 2.25, 9.25],
			"rotation": {"angle": 0, "axis": "y", "origin": [38.5, 9.25, 15.25]},
			"faces": {
				"north": {"uv": [0, 0, 0.25, 1], "texture": "#0"},
				"east": {"uv": [0, 0, 2.5, 1], "texture": "#0"},
				"south": {"uv": [0, 0, 0.25, 1], "texture": "#0"},
				"west": {"uv": [0, 0, 2.5, 1], "texture": "#0"},
				"up": {"uv": [0, 0, 0.25, 2.5], "texture": "#0"},
				"down": {"uv": [0, 0, 0.25, 2.5], "texture": "#0"}
			}
		},
		{
			"from": [28.5, 1.25, 6.75],
			"to": [28.75, 2.25, 9.25],
			"rotation": {"angle": 0, "axis": "y", "origin": [36.5, 9.25, 15.25]},
			"faces": {
				"north": {"uv": [0, 0, 0.25, 1], "texture": "#0"},
				"east": {"uv": [0, 0, 2.5, 1], "texture": "#0"},
				"south": {"uv": [0, 0, 0.25, 1], "texture": "#0"},
				"west": {"uv": [0, 0, 2.5, 1], "texture": "#0"},
				"up": {"uv": [0, 0, 0.25, 2.5], "texture": "#0"},
				"down": {"uv": [0, 0, 0.25, 2.5], "texture": "#0"}
			}
		},
		{
			"from": [31, 3.75, 6.75],
			"to": [31.25, 4.75, 9.25],
			"rotation": {"angle": 0, "axis": "y", "origin": [39, 12, 15.25]},
			"faces": {
				"north": {"uv": [0, 0, 0.25, 1], "texture": "#0"},
				"east": {"uv": [0, 0, 2.5, 1], "texture": "#0"},
				"south": {"uv": [0, 0, 0.25, 1], "texture": "#0"},
				"west": {"uv": [0, 0, 2.5, 1], "texture": "#0"},
				"up": {"uv": [0, 0, 0.25, 2.5], "texture": "#0"},
				"down": {"uv": [0, 0, 0.25, 2.5], "texture": "#0"}
			}
		},
		{
			"from": [29, 3.75, 6.75],
			"to": [29.25, 4.75, 9.25],
			"rotation": {"angle": 0, "axis": "y", "origin": [37, 12, 15.25]},
			"faces": {
				"north": {"uv": [0, 0, 0.25, 1], "texture": "#0"},
				"east": {"uv": [0, 0, 2.5, 1], "texture": "#0"},
				"south": {"uv": [0, 0, 0.25, 1], "texture": "#0"},
				"west": {"uv": [0, 0, 2.5, 1], "texture": "#0"},
				"up": {"uv": [0, 0, 0.25, 2.5], "texture": "#0"},
				"down": {"uv": [0, 0, 0.25, 2.5], "texture": "#0"}
			}
		},
		{
			"from": [31, 1.25, 6.75],
			"to": [31.25, 2.25, 9.25],
			"rotation": {"angle": 0, "axis": "y", "origin": [39, 9.25, 15.25]},
			"faces": {
				"north": {"uv": [0, 0, 0.25, 1], "texture": "#0"},
				"east": {"uv": [0, 0, 2.5, 1], "texture": "#0"},
				"south": {"uv": [0, 0, 0.25, 1], "texture": "#0"},
				"west": {"uv": [0, 0, 2.5, 1], "texture": "#0"},
				"up": {"uv": [0, 0, 0.25, 2.5], "texture": "#0"},
				"down": {"uv": [0, 0, 0.25, 2.5], "texture": "#0"}
			}
		},
		{
			"from": [29, 1.25, 6.75],
			"to": [29.25, 2.25, 9.25],
			"rotation": {"angle": 0, "axis": "y", "origin": [37, 9.25, 15.25]},
			"faces": {
				"north": {"uv": [0, 0, 0.25, 1], "texture": "#0"},
				"east": {"uv": [0, 0, 2.5, 1], "texture": "#0"},
				"south": {"uv": [0, 0, 0.25, 1], "texture": "#0"},
				"west": {"uv": [0, 0, 2.5, 1], "texture": "#0"},
				"up": {"uv": [0, 0, 0.25, 2.5], "texture": "#0"},
				"down": {"uv": [0, 0, 0.25, 2.5], "texture": "#0"}
			}
		},
		{
			"from": [31.5, 3.75, 6.75],
			"to": [31.75, 4.75, 9.25],
			"rotation": {"angle": 0, "axis": "y", "origin": [39.5, 12, 15.25]},
			"faces": {
				"north": {"uv": [0, 0, 0.25, 1], "texture": "#0"},
				"east": {"uv": [0, 0, 2.5, 1], "texture": "#0"},
				"south": {"uv": [0, 0, 0.25, 1], "texture": "#0"},
				"west": {"uv": [0, 0, 2.5, 1], "texture": "#0"},
				"up": {"uv": [0, 0, 0.25, 2.5], "texture": "#0"},
				"down": {"uv": [0, 0, 0.25, 2.5], "texture": "#0"}
			}
		},
		{
			"from": [29.5, 3.75, 6.75],
			"to": [29.75, 4.75, 9.25],
			"rotation": {"angle": 0, "axis": "y", "origin": [37.5, 12, 15.25]},
			"faces": {
				"north": {"uv": [0, 0, 0.25, 1], "texture": "#0"},
				"east": {"uv": [0, 0, 2.5, 1], "texture": "#0"},
				"south": {"uv": [0, 0, 0.25, 1], "texture": "#0"},
				"west": {"uv": [0, 0, 2.5, 1], "texture": "#0"},
				"up": {"uv": [0, 0, 0.25, 2.5], "texture": "#0"},
				"down": {"uv": [0, 0, 0.25, 2.5], "texture": "#0"}
			}
		},
		{
			"from": [31.5, 1.25, 6.75],
			"to": [31.75, 2.25, 9.25],
			"rotation": {"angle": 0, "axis": "y", "origin": [39.5, 9.25, 15.25]},
			"faces": {
				"north": {"uv": [0, 0, 0.25, 1], "texture": "#0"},
				"east": {"uv": [0, 0, 2.5, 1], "texture": "#0"},
				"south": {"uv": [0, 0, 0.25, 1], "texture": "#0"},
				"west": {"uv": [0, 0, 2.5, 1], "texture": "#0"},
				"up": {"uv": [0, 0, 0.25, 2.5], "texture": "#0"},
				"down": {"uv": [0, 0, 0.25, 2.5], "texture": "#0"}
			}
		},
		{
			"from": [29.5, 1.25, 6.75],
			"to": [29.75, 2.25, 9.25],
			"rotation": {"angle": 0, "axis": "y", "origin": [37.5, 9.25, 15.25]},
			"faces": {
				"north": {"uv": [0, 0, 0.25, 1], "texture": "#0"},
				"east": {"uv": [0, 0, 2.5, 1], "texture": "#0"},
				"south": {"uv": [0, 0, 0.25, 1], "texture": "#0"},
				"west": {"uv": [0, 0, 2.5, 1], "texture": "#0"},
				"up": {"uv": [0, 0, 0.25, 2.5], "texture": "#0"},
				"down": {"uv": [0, 0, 0.25, 2.5], "texture": "#0"}
			}
		},
		{
			"from": [30, 1.75, 8.75],
			"to": [30.25, 4.25, 9.75],
			"rotation": {"angle": 0, "axis": "y", "origin": [38, 10, 15.25]},
			"faces": {
				"north": {"uv": [0, 0, 0.25, 2.5], "texture": "#0"},
				"east": {"uv": [0, 0, 1, 2.5], "texture": "#0"},
				"south": {"uv": [0, 0, 0.25, 2.5], "texture": "#0"},
				"west": {"uv": [0, 0, 1, 2.5], "texture": "#0"},
				"up": {"uv": [0, 0, 0.25, 1], "texture": "#0"},
				"down": {"uv": [0, 0, 0.25, 1], "texture": "#0"}
			}
		},
		{
			"from": [28, 1.75, 8.75],
			"to": [28.25, 4.25, 9.75],
			"rotation": {"angle": 0, "axis": "y", "origin": [36, 10, 15.25]},
			"faces": {
				"north": {"uv": [0, 0, 0.25, 2.5], "texture": "#0"},
				"east": {"uv": [0, 0, 1, 2.5], "texture": "#0"},
				"south": {"uv": [0, 0, 0.25, 2.5], "texture": "#0"},
				"west": {"uv": [0, 0, 1, 2.5], "texture": "#0"},
				"up": {"uv": [0, 0, 0.25, 1], "texture": "#0"},
				"down": {"uv": [0, 0, 0.25, 1], "texture": "#0"}
			}
		},
		{
			"from": [30, 1.75, 6.25],
			"to": [30.25, 4.25, 7.25],
			"rotation": {"angle": 0, "axis": "y", "origin": [38, 10, 12.75]},
			"faces": {
				"north": {"uv": [0, 0, 0.25, 2.5], "texture": "#0"},
				"east": {"uv": [0, 0, 1, 2.5], "texture": "#0"},
				"south": {"uv": [0, 0, 0.25, 2.5], "texture": "#0"},
				"west": {"uv": [0, 0, 1, 2.5], "texture": "#0"},
				"up": {"uv": [0, 0, 0.25, 1], "texture": "#0"},
				"down": {"uv": [0, 0, 0.25, 1], "texture": "#0"}
			}
		},
		{
			"from": [28, 1.75, 6.25],
			"to": [28.25, 4.25, 7.25],
			"rotation": {"angle": 0, "axis": "y", "origin": [36, 10, 12.75]},
			"faces": {
				"north": {"uv": [0, 0, 0.25, 2.5], "texture": "#0"},
				"east": {"uv": [0, 0, 1, 2.5], "texture": "#0"},
				"south": {"uv": [0, 0, 0.25, 2.5], "texture": "#0"},
				"west": {"uv": [0, 0, 1, 2.5], "texture": "#0"},
				"up": {"uv": [0, 0, 0.25, 1], "texture": "#0"},
				"down": {"uv": [0, 0, 0.25, 1], "texture": "#0"}
			}
		},
		{
			"from": [30.5, 1.75, 8.75],
			"to": [30.75, 4.25, 9.75],
			"rotation": {"angle": 0, "axis": "y", "origin": [38.5, 10, 15.25]},
			"faces": {
				"north": {"uv": [0, 0, 0.25, 2.5], "texture": "#0"},
				"east": {"uv": [0, 0, 1, 2.5], "texture": "#0"},
				"south": {"uv": [0, 0, 0.25, 2.5], "texture": "#0"},
				"west": {"uv": [0, 0, 1, 2.5], "texture": "#0"},
				"up": {"uv": [0, 0, 0.25, 1], "texture": "#0"},
				"down": {"uv": [0, 0, 0.25, 1], "texture": "#0"}
			}
		},
		{
			"from": [28.5, 1.75, 8.75],
			"to": [28.75, 4.25, 9.75],
			"rotation": {"angle": 0, "axis": "y", "origin": [36.5, 10, 15.25]},
			"faces": {
				"north": {"uv": [0, 0, 0.25, 2.5], "texture": "#0"},
				"east": {"uv": [0, 0, 1, 2.5], "texture": "#0"},
				"south": {"uv": [0, 0, 0.25, 2.5], "texture": "#0"},
				"west": {"uv": [0, 0, 1, 2.5], "texture": "#0"},
				"up": {"uv": [0, 0, 0.25, 1], "texture": "#0"},
				"down": {"uv": [0, 0, 0.25, 1], "texture": "#0"}
			}
		},
		{
			"from": [30.5, 1.75, 6.25],
			"to": [30.75, 4.25, 7.25],
			"rotation": {"angle": 0, "axis": "y", "origin": [38.5, 10, 12.75]},
			"faces": {
				"north": {"uv": [0, 0, 0.25, 2.5], "texture": "#0"},
				"east": {"uv": [0, 0, 1, 2.5], "texture": "#0"},
				"south": {"uv": [0, 0, 0.25, 2.5], "texture": "#0"},
				"west": {"uv": [0, 0, 1, 2.5], "texture": "#0"},
				"up": {"uv": [0, 0, 0.25, 1], "texture": "#0"},
				"down": {"uv": [0, 0, 0.25, 1], "texture": "#0"}
			}
		},
		{
			"from": [28.5, 1.75, 6.25],
			"to": [28.75, 4.25, 7.25],
			"rotation": {"angle": 0, "axis": "y", "origin": [36.5, 10, 12.75]},
			"faces": {
				"north": {"uv": [0, 0, 0.25, 2.5], "texture": "#0"},
				"east": {"uv": [0, 0, 1, 2.5], "texture": "#0"},
				"south": {"uv": [0, 0, 0.25, 2.5], "texture": "#0"},
				"west": {"uv": [0, 0, 1, 2.5], "texture": "#0"},
				"up": {"uv": [0, 0, 0.25, 1], "texture": "#0"},
				"down": {"uv": [0, 0, 0.25, 1], "texture": "#0"}
			}
		},
		{
			"from": [31, 1.75, 8.75],
			"to": [31.25, 4.25, 9.75],
			"rotation": {"angle": 0, "axis": "y", "origin": [39, 10, 15.25]},
			"faces": {
				"north": {"uv": [0, 0, 0.25, 2.5], "texture": "#0"},
				"east": {"uv": [0, 0, 1, 2.5], "texture": "#0"},
				"south": {"uv": [0, 0, 0.25, 2.5], "texture": "#0"},
				"west": {"uv": [0, 0, 1, 2.5], "texture": "#0"},
				"up": {"uv": [0, 0, 0.25, 1], "texture": "#0"},
				"down": {"uv": [0, 0, 0.25, 1], "texture": "#0"}
			}
		},
		{
			"from": [29, 1.75, 8.75],
			"to": [29.25, 4.25, 9.75],
			"rotation": {"angle": 0, "axis": "y", "origin": [37, 10, 15.25]},
			"faces": {
				"north": {"uv": [0, 0, 0.25, 2.5], "texture": "#0"},
				"east": {"uv": [0, 0, 1, 2.5], "texture": "#0"},
				"south": {"uv": [0, 0, 0.25, 2.5], "texture": "#0"},
				"west": {"uv": [0, 0, 1, 2.5], "texture": "#0"},
				"up": {"uv": [0, 0, 0.25, 1], "texture": "#0"},
				"down": {"uv": [0, 0, 0.25, 1], "texture": "#0"}
			}
		},
		{
			"from": [31, 1.75, 6.25],
			"to": [31.25, 4.25, 7.25],
			"rotation": {"angle": 0, "axis": "y", "origin": [39, 10, 12.75]},
			"faces": {
				"north": {"uv": [0, 0, 0.25, 2.5], "texture": "#0"},
				"east": {"uv": [0, 0, 1, 2.5], "texture": "#0"},
				"south": {"uv": [0, 0, 0.25, 2.5], "texture": "#0"},
				"west": {"uv": [0, 0, 1, 2.5], "texture": "#0"},
				"up": {"uv": [0, 0, 0.25, 1], "texture": "#0"},
				"down": {"uv": [0, 0, 0.25, 1], "texture": "#0"}
			}
		},
		{
			"from": [29, 1.75, 6.25],
			"to": [29.25, 4.25, 7.25],
			"rotation": {"angle": 0, "axis": "y", "origin": [37, 10, 12.75]},
			"faces": {
				"north": {"uv": [0, 0, 0.25, 2.5], "texture": "#0"},
				"east": {"uv": [0, 0, 1, 2.5], "texture": "#0"},
				"south": {"uv": [0, 0, 0.25, 2.5], "texture": "#0"},
				"west": {"uv": [0, 0, 1, 2.5], "texture": "#0"},
				"up": {"uv": [0, 0, 0.25, 1], "texture": "#0"},
				"down": {"uv": [0, 0, 0.25, 1], "texture": "#0"}
			}
		},
		{
			"from": [31.5, 1.75, 8.75],
			"to": [31.75, 4.25, 9.75],
			"rotation": {"angle": 0, "axis": "y", "origin": [39.5, 10, 15.25]},
			"faces": {
				"north": {"uv": [0, 0, 0.25, 2.5], "texture": "#0"},
				"east": {"uv": [0, 0, 1, 2.5], "texture": "#0"},
				"south": {"uv": [0, 0, 0.25, 2.5], "texture": "#0"},
				"west": {"uv": [0, 0, 1, 2.5], "texture": "#0"},
				"up": {"uv": [0, 0, 0.25, 1], "texture": "#0"},
				"down": {"uv": [0, 0, 0.25, 1], "texture": "#0"}
			}
		},
		{
			"from": [29.5, 1.75, 8.75],
			"to": [29.75, 4.25, 9.75],
			"rotation": {"angle": 0, "axis": "y", "origin": [37.5, 10, 15.25]},
			"faces": {
				"north": {"uv": [0, 0, 0.25, 2.5], "texture": "#0"},
				"east": {"uv": [0, 0, 1, 2.5], "texture": "#0"},
				"south": {"uv": [0, 0, 0.25, 2.5], "texture": "#0"},
				"west": {"uv": [0, 0, 1, 2.5], "texture": "#0"},
				"up": {"uv": [0, 0, 0.25, 1], "texture": "#0"},
				"down": {"uv": [0, 0, 0.25, 1], "texture": "#0"}
			}
		},
		{
			"from": [31.5, 1.75, 6.25],
			"to": [31.75, 4.25, 7.25],
			"rotation": {"angle": 0, "axis": "y", "origin": [39.5, 10, 12.75]},
			"faces": {
				"north": {"uv": [0, 0, 0.25, 2.5], "texture": "#0"},
				"east": {"uv": [0, 0, 1, 2.5], "texture": "#0"},
				"south": {"uv": [0, 0, 0.25, 2.5], "texture": "#0"},
				"west": {"uv": [0, 0, 1, 2.5], "texture": "#0"},
				"up": {"uv": [0, 0, 0.25, 1], "texture": "#0"},
				"down": {"uv": [0, 0, 0.25, 1], "texture": "#0"}
			}
		},
		{
			"from": [29.5, 1.75, 6.25],
			"to": [29.75, 4.25, 7.25],
			"rotation": {"angle": 0, "axis": "y", "origin": [37.5, 10, 12.75]},
			"faces": {
				"north": {"uv": [0, 0, 0.25, 2.5], "texture": "#0"},
				"east": {"uv": [0, 0, 1, 2.5], "texture": "#0"},
				"south": {"uv": [0, 0, 0.25, 2.5], "texture": "#0"},
				"west": {"uv": [0, 0, 1, 2.5], "texture": "#0"},
				"up": {"uv": [0, 0, 0.25, 1], "texture": "#0"},
				"down": {"uv": [0, 0, 0.25, 1], "texture": "#0"}
			}
		},
		{
			"from": [0, 0, 6.25],
			"to": [7, 1, 9.75],
			"rotation": {"angle": 0, "axis": "y", "origin": [8, 11, 14]},
			"faces": {
				"north": {"uv": [0, 0, 7, 1], "texture": "#2"},
				"east": {"uv": [0, 0, 3.5, 1], "texture": "#2"},
				"south": {"uv": [0, 0, 7, 1], "texture": "#2"},
				"west": {"uv": [0, 0, 3.5, 1], "texture": "#2"},
				"up": {"uv": [0, 0, 7, 3.5], "texture": "#2"},
				"down": {"uv": [0, 0, 7, 3.5], "texture": "#2"}
			}
		},
		{
			"from": [-6, 0, 6],
			"to": [0, 1, 10],
			"faces": {
				"north": {"uv": [0, 0, 6, 1], "texture": "#1"},
				"east": {"uv": [0, 0, 4, 1], "texture": "#1"},
				"south": {"uv": [0, 0, 6, 1], "texture": "#1"},
				"west": {"uv": [0, 0, 4, 1], "texture": "#1"},
				"up": {"uv": [0, 0, 6, 4], "texture": "#1"},
				"down": {"uv": [0, 0, 6, 4], "texture": "#1"}
			}
		},
		{
			"from": [-3.9519, -0.05546, 6.25],
			"to": [-3.4519, 7.04454, 6.5],
			"rotation": {"angle": -45, "axis": "z", "origin": [-3.7019, 2.94454, 6.25]},
			"faces": {
				"north": {"uv": [0, 0, 7.1, 0.5], "rotation": 90, "texture": "#1"},
				"east": {"uv": [0, 0, 7.1, 0.25], "rotation": 270, "texture": "#1"},
				"south": {"uv": [0, 0, 7.1, 0.5], "rotation": 270, "texture": "#1"},
				"west": {"uv": [0, 0, 7.1, 0.25], "rotation": 270, "texture": "#1"},
				"up": {"uv": [0, 0, 0.25, 0.5], "rotation": 270, "texture": "#1"},
				"down": {"uv": [0, 0, 0.25, 0.5], "rotation": 270, "texture": "#1"}
			}
		},
		{
			"from": [-0.95, 5.5, 6.25],
			"to": [0, 6, 6.5],
			"rotation": {"angle": 0, "axis": "z", "origin": [-4, 2.75, 6.4]},
			"faces": {
				"north": {"uv": [0, 0, 0.95, 0.5], "texture": "#1"},
				"east": {"uv": [0, 0, 0.25, 0.5], "texture": "#1"},
				"south": {"uv": [0, 0, 0.95, 0.5], "texture": "#1"},
				"west": {"uv": [0, 0, 0.25, 0.5], "texture": "#1"},
				"up": {"uv": [0, 0, 0.95, 0.25], "texture": "#1"},
				"down": {"uv": [0, 0, 0.95, 0.25], "texture": "#1"}
			}
		},
		{
			"from": [-0.95, 5.5, 6.5],
			"to": [-0.75, 6, 9.5],
			"rotation": {"angle": 0, "axis": "z", "origin": [-4, 2.75, 6.4]},
			"faces": {
				"north": {"uv": [0, 0, 0.2, 0.5], "texture": "#1"},
				"east": {"uv": [0, 0, 3, 0.5], "texture": "#1"},
				"south": {"uv": [0, 0, 0.2, 0.5], "texture": "#1"},
				"west": {"uv": [0, 0, 3, 0.5], "texture": "#1"},
				"up": {"uv": [0, 0, 0.2, 3], "texture": "#1"},
				"down": {"uv": [0, 0, 0.2, 3], "texture": "#1"}
			}
		},
		{
			"from": [-3.9519, -0.05546, 9.5],
			"to": [-3.4519, 7.04454, 9.75],
			"rotation": {"angle": -45, "axis": "z", "origin": [-3.7019, 2.94454, 9.75]},
			"faces": {
				"north": {"uv": [0, 0.5, 7.1, 0], "rotation": 270, "texture": "#1"},
				"east": {"uv": [0, 0.25, 7.1, 0], "rotation": 270, "texture": "#1"},
				"south": {"uv": [0, 0.5, 7.1, 0], "rotation": 90, "texture": "#1"},
				"west": {"uv": [0, 0.25, 7.1, 0], "rotation": 270, "texture": "#1"},
				"up": {"uv": [0.25, 0, 0, 0.5], "rotation": 270, "texture": "#1"},
				"down": {"uv": [0.25, 0, 0, 0.5], "rotation": 270, "texture": "#1"}
			}
		},
		{
			"from": [-0.95, 5.5, 9.5],
			"to": [0, 6, 9.75],
			"rotation": {"angle": 0, "axis": "z", "origin": [-4, 2.75, 9.6]},
			"faces": {
				"north": {"uv": [0.95, 0, 0, 0.5], "texture": "#1"},
				"east": {"uv": [0.25, 0, 0, 0.5], "texture": "#1"},
				"south": {"uv": [0.95, 0, 0, 0.5], "texture": "#1"},
				"west": {"uv": [0.25, 0, 0, 0.5], "texture": "#1"},
				"up": {"uv": [0, 0.25, 0.95, 0], "texture": "#1"},
				"down": {"uv": [0, 0.25, 0.95, 0], "texture": "#1"}
			}
		}
	],
	"gui_light": "front",
	"display": {
		"thirdperson_righthand": {
			"rotation": [0, 90, 0],
			"translation": [0, 8, -8]
		},
		"thirdperson_lefthand": {
			"rotation": [0, -180, 0],
			"translation": [0, 8, 0]
		},
		"firstperson_righthand": {
			"rotation": [0, 45, 0],
			"scale": [0.4, 0.4, 0.4]
		},
		"firstperson_lefthand": {
			"rotation": [0, 225, 0],
			"scale": [0.4, 0.4, 0.4]
		},
		"ground": {
			"translation": [0, 3, 0],
			"scale": [0.25, 0.25, 0.25]
		},
		"gui": {
			"rotation": [30, 225, 0],
			"scale": [0.625, 0.625, 0.625]
		},
		"fixed": {
			"scale": [0.5, 0.5, 0.5]
		}
	},
	"groups": [
		{
			"name": "group",
			"origin": [8, 16, 14],
			"color": 0,
			"children": [
				0,
				1,
				2,
				3,
				4,
				5,
				6,
				7,
				8,
				9,
				10,
				11,
				12,
				13,
				14,
				15,
				16,
				17,
				18,
				19,
				20,
				21,
				22,
				23,
				24,
				25,
				26,
				27,
				28,
				29,
				30,
				31,
				32,
				33,
				34,
				35,
				36,
				37,
				38,
				39,
				40,
				41,
				42,
				43,
				44,
				45,
				46,
				47,
				48,
				49,
				50,
				51,
				52,
				53,
				54,
				55,
				56,
				57,
				58,
				59,
				60,
				61,
				62,
				63,
				64,
				65,
				66,
				67,
				68,
				69
			]
		}
	]
}