{
		"textures": {
		"4": "block/fire_0"
	},
	"elements": [
		{
			"from": [12.75, -4.5, 8],
			"to": [14.75, 1.5, 8],
			"rotation": {"angle": -45, "axis": "y", "origin": [13.75, -1.5, 8]},
			"faces": {
				"north": {"uv": [0, 0, 16, 16], "rotation": 180, "texture": "#4"},
				"south": {"uv": [0, 0, 16, 16], "rotation": 180, "texture": "#4"}
			}
		},
		{
			"from": [12.75, 3, 0.5],
			"to": [14.75, 3, 6.5],
			"rotation": {"angle": -45, "axis": "z", "origin": [13.75, 3, 3.5]},
			"faces": {
				"up": {"uv": [0, 0, 16, 16], "texture": "#4"},
				"down": {"uv": [0, 0, 16, 16], "rotation": 180, "texture": "#4"}
			}
		},
		{
			"from": [12.75, 3, 9.5],
			"to": [14.75, 3, 15.5],
			"rotation": {"angle": -45, "axis": "z", "origin": [13.75, 3, 12.5]},
			"faces": {
				"up": {"uv": [0, 16, 16, 0], "texture": "#4"},
				"down": {"uv": [0, 16, 16, 0], "rotation": 180, "texture": "#4"}
			}
		},
		{
			"from": [12.75, 4.5, 8],
			"to": [14.75, 10.5, 8],
			"rotation": {"angle": 45, "axis": "y", "origin": [13.75, 7.5, 8]},
			"faces": {
				"north": {"uv": [0, 16, 16, 0], "rotation": 180, "texture": "#4"},
				"south": {"uv": [0, 16, 16, 0], "rotation": 180, "texture": "#4"}
			}
		},
		{
			"from": [12.75, 4.5, 8],
			"to": [14.75, 10.5, 8],
			"rotation": {"angle": -45, "axis": "y", "origin": [13.75, 7.5, 8]},
			"faces": {
				"north": {"uv": [0, 16, 16, 0], "rotation": 180, "texture": "#4"},
				"south": {"uv": [0, 16, 16, 0], "rotation": 180, "texture": "#4"}
			}
		},
		{
			"from": [12.75, 3, 0.5],
			"to": [14.75, 3, 6.5],
			"rotation": {"angle": 45, "axis": "z", "origin": [13.75, 3, 3.5]},
			"faces": {
				"up": {"uv": [0, 0, 16, 16], "texture": "#4"},
				"down": {"uv": [0, 0, 16, 16], "rotation": 180, "texture": "#4"}
			}
		},
		{
			"from": [12.75, 3, 9.5],
			"to": [14.75, 3, 15.5],
			"rotation": {"angle": 45, "axis": "z", "origin": [13.75, 3, 12.5]},
			"faces": {
				"up": {"uv": [0, 16, 16, 0], "texture": "#4"},
				"down": {"uv": [0, 16, 16, 0], "rotation": 180, "texture": "#4"}
			}
		},
		{
			"from": [12.75, -4.5, 8],
			"to": [14.75, 1.5, 8],
			"rotation": {"angle": 45, "axis": "y", "origin": [13.75, -1.5, 8]},
			"faces": {
				"north": {"uv": [0, 0, 16, 16], "rotation": 180, "texture": "#4"},
				"south": {"uv": [0, 0, 16, 16], "rotation": 180, "texture": "#4"}
			}
		},
		{
			"from": [16, 2, 8],
			"to": [28, 4, 8],
			"rotation": {"angle": 45, "axis": "x", "origin": [19, 3, 8]},
			"faces": {
				"north": {"uv": [0, 0, 16, 16], "rotation": 270, "texture": "#4"},
				"south": {"uv": [0, 0, 16, 16], "rotation": 90, "texture": "#4"}
			}
		},
		{
			"from": [16, 2, 8],
			"to": [28, 4, 8],
			"rotation": {"angle": -45, "axis": "x", "origin": [19, 3, 8]},
			"faces": {
				"north": {"uv": [0, 0, 16, 16], "rotation": 270, "texture": "#4"},
				"south": {"uv": [0, 0, 16, 16], "rotation": 90, "texture": "#4"}
			}
		}
	],
	"gui_light": "front",
	"display": {
		"thirdperson_righthand": {
			"rotation": [0, 90, 0],
			"translation": [0, 8, -24]
		},
		"thirdperson_lefthand": {
			"rotation": [0, -180, 0],
			"translation": [0, 8, 0]
		},
		"firstperson_righthand": {
			"rotation": [0, 45, 0],
			"scale": [0.4, 0.4, 0.4]
		},
		"firstperson_lefthand": {
			"rotation": [0, 225, 0],
			"scale": [0.4, 0.4, 0.4]
		},
		"ground": {
			"translation": [0, 3, 0],
			"scale": [0.25, 0.25, 0.25]
		},
		"gui": {
			"rotation": [30, 225, 0],
			"scale": [0.625, 0.625, 0.625]
		},
		"fixed": {
			"scale": [0.5, 0.5, 0.5]
		}
	},
	"groups": [
		{
			"name": "group",
			"origin": [8, 16, 14],
			"color": 0,
			"children": []
		},
		0,
		1,
		2,
		3,
		4,
		5,
		6,
		7,
		8,
		9
	]
}