{
		"textures": {
		"4": "images/lava"
	},
	"elements": [
		{
			"from": [2, 2, 8],
			"to": [14, 4, 8],
			"rotation": {"angle": 45, "axis": "x", "origin": [11, 3, 8]},
			"faces": {
				"north": {"uv": [0, 16, 16, 0], "rotation": 270, "texture": "#4"},
				"south": {"uv": [0, 16, 16, 0], "rotation": 90, "texture": "#4"}
			}
		},
		{
			"from": [2, 2, 8],
			"to": [14, 4, 8],
			"rotation": {"angle": -45, "axis": "x", "origin": [11, 3, 8]},
			"faces": {
				"north": {"uv": [0, 16, 16, 0], "rotation": 270, "texture": "#4"},
				"south": {"uv": [0, 16, 16, 0], "rotation": 90, "texture": "#4"}
			}
		}
	],
	"gui_light": "front",
	"display": {
		"thirdperson_righthand": {
			"rotation": [0, 90, 0],
			"translation": [0, 8, -24]
		},
		"thirdperson_lefthand": {
			"rotation": [0, -180, 0],
			"translation": [0, 8, 0]
		},
		"firstperson_righthand": {
			"rotation": [0, 45, 0],
			"scale": [0.4, 0.4, 0.4]
		},
		"firstperson_lefthand": {
			"rotation": [0, 225, 0],
			"scale": [0.4, 0.4, 0.4]
		},
		"ground": {
			"translation": [0, 3, 0],
			"scale": [0.25, 0.25, 0.25]
		},
		"gui": {
			"rotation": [30, 225, 0],
			"scale": [0.625, 0.625, 0.625]
		},
		"fixed": {
			"scale": [0.5, 0.5, 0.5]
		}
	},
	"groups": [
		{
			"name": "group",
			"origin": [8, 16, 14],
			"color": 0,
			"children": []
		},
		0,
		1
	]
}