{
		"textures": {
		"3": "block/anvil"
	},
	"elements": [
		{
			"from": [-4.5, 4, 5.25],
			"to": [4.5, 5, 10.75],
			"rotation": {"angle": 0, "axis": "y", "origin": [4.5, 15, 14]},
			"faces": {
				"north": {"uv": [0, 0, 9, 1], "texture": "#3"},
				"east": {"uv": [0, 0, 5.5, 1], "texture": "#3"},
				"south": {"uv": [0, 0, 9, 1], "texture": "#3"},
				"west": {"uv": [0, 0, 5.5, 1], "texture": "#3"},
				"up": {"uv": [0, 0, 9, 5.5], "texture": "#3"},
				"down": {"uv": [0, 0, 9, 5.5], "texture": "#3"}
			}
		},
		{
			"from": [-2, 4, 10.75],
			"to": [2, 5, 12.25],
			"rotation": {"angle": 0, "axis": "y", "origin": [5, 15, 19.5]},
			"faces": {
				"north": {"uv": [0, 0, 4, 1], "texture": "#3"},
				"east": {"uv": [0, 0, 1.5, 1], "texture": "#3"},
				"south": {"uv": [0, 0, 4, 1], "texture": "#3"},
				"west": {"uv": [0, 0, 1.5, 1], "texture": "#3"},
				"up": {"uv": [0, 0, 4, 1.5], "texture": "#3"},
				"down": {"uv": [0, 0, 4, 1.5], "texture": "#3"}
			}
		},
		{
			"from": [-2, 4, 3.75],
			"to": [2, 5, 5.25],
			"rotation": {"angle": 0, "axis": "y", "origin": [5, 15, 12.5]},
			"faces": {
				"north": {"uv": [0, 0, 4, 1], "texture": "#3"},
				"east": {"uv": [0, 0, 1.5, 1], "texture": "#3"},
				"south": {"uv": [0, 0, 4, 1], "texture": "#3"},
				"west": {"uv": [0, 0, 1.5, 1], "texture": "#3"},
				"up": {"uv": [0, 0, 4, 1.5], "texture": "#3"},
				"down": {"uv": [0, 0, 4, 1.5], "texture": "#3"}
			}
		},
		{
			"from": [-4.5, 4, 0.25],
			"to": [-3.5, 5, 5.25],
			"rotation": {"angle": 0, "axis": "y", "origin": [3.5, 12, 12.25]},
			"faces": {
				"north": {"uv": [0, 0, 1, 1], "texture": "#3"},
				"east": {"uv": [0, 0, 5, 1], "texture": "#3"},
				"south": {"uv": [0, 0, 1, 1], "texture": "#3"},
				"west": {"uv": [0, 0, 5, 1], "texture": "#3"},
				"up": {"uv": [0, 0, 1, 5], "texture": "#3"},
				"down": {"uv": [0, 0, 1, 5], "texture": "#3"}
			}
		},
		{
			"from": [-4.5, 0, -0.75],
			"to": [-3.5, 5, 0.25],
			"rotation": {"angle": 0, "axis": "y", "origin": [3.5, 12, 11.25]},
			"faces": {
				"north": {"uv": [0, 0, 1, 5], "texture": "#3"},
				"east": {"uv": [0, 0, 1, 5], "texture": "#3"},
				"south": {"uv": [0, 0, 1, 5], "texture": "#3"},
				"west": {"uv": [0, 0, 1, 5], "texture": "#3"},
				"up": {"uv": [0, 0, 1, 1], "texture": "#3"},
				"down": {"uv": [0, 0, 1, 1], "texture": "#3"}
			}
		},
		{
			"from": [-4.25, 0.91865, -0.13164],
			"to": [-3.75, 1.91865, 10.36836],
			"rotation": {"angle": -22.5, "axis": "x", "origin": [-4, 1.41865, 2.36836]},
			"faces": {
				"north": {"uv": [0, 0, 0.5, 1], "rotation": 180, "texture": "#3"},
				"east": {"uv": [0, 0, 1, 10.5], "rotation": 270, "texture": "#3"},
				"south": {"uv": [0, 0, 0.5, 1], "texture": "#3"},
				"west": {"uv": [0, 0, 1, 10.5], "rotation": 90, "texture": "#3"},
				"up": {"uv": [0, 0, 0.5, 10.5], "rotation": 180, "texture": "#3"},
				"down": {"uv": [0, 0, 0.5, 10.5], "texture": "#3"}
			}
		},
		{
			"from": [3.75, 0.91865, -0.13164],
			"to": [4.25, 1.91865, 10.36836],
			"rotation": {"angle": -22.5, "axis": "x", "origin": [4, 1.41865, 2.36836]},
			"faces": {
				"north": {"uv": [0, 0, 0.5, 1], "rotation": 180, "texture": "#3"},
				"east": {"uv": [0, 0, 1, 10.5], "rotation": 270, "texture": "#3"},
				"south": {"uv": [0, 0, 0.5, 1], "texture": "#3"},
				"west": {"uv": [0, 0, 1, 10.5], "rotation": 90, "texture": "#3"},
				"up": {"uv": [0, 0, 0.5, 10.5], "rotation": 180, "texture": "#3"},
				"down": {"uv": [0, 0, 0.5, 10.5], "texture": "#3"}
			}
		},
		{
			"from": [3.5, 0, -0.75],
			"to": [4.5, 5, 0.25],
			"rotation": {"angle": 0, "axis": "y", "origin": [11.5, 12, 11.25]},
			"faces": {
				"north": {"uv": [0, 0, 1, 5], "texture": "#3"},
				"east": {"uv": [0, 0, 1, 5], "texture": "#3"},
				"south": {"uv": [0, 0, 1, 5], "texture": "#3"},
				"west": {"uv": [0, 0, 1, 5], "texture": "#3"},
				"up": {"uv": [0, 0, 1, 1], "texture": "#3"},
				"down": {"uv": [0, 0, 1, 1], "texture": "#3"}
			}
		},
		{
			"from": [3.5, 4, 0.25],
			"to": [4.5, 5, 5.25],
			"rotation": {"angle": 0, "axis": "y", "origin": [11.5, 12, 12.25]},
			"faces": {
				"north": {"uv": [0, 0, 1, 1], "texture": "#3"},
				"east": {"uv": [0, 0, 5, 1], "texture": "#3"},
				"south": {"uv": [0, 0, 1, 1], "texture": "#3"},
				"west": {"uv": [0, 0, 5, 1], "texture": "#3"},
				"up": {"uv": [0, 0, 1, 5], "texture": "#3"},
				"down": {"uv": [0, 0, 1, 5], "texture": "#3"}
			}
		},
		{
			"from": [-1, 5, 7],
			"to": [1, 8, 9],
			"rotation": {"angle": 0, "axis": "y", "origin": [-3.5, 0, 0]},
			"faces": {
				"north": {"uv": [0, 0, 3, 3], "texture": "#3"},
				"east": {"uv": [0, 0, 2, 3], "texture": "#3"},
				"south": {"uv": [0, 0, 3, 3], "texture": "#3"},
				"west": {"uv": [0, 0, 2, 3], "texture": "#3"},
				"up": {"uv": [0, 0, 3, 2], "texture": "#3"},
				"down": {"uv": [0, 0, 3, 2], "texture": "#3"}
			}
		}
	],
	"gui_light": "front",
	"display": {
		"thirdperson_righthand": {
			"rotation": [0, -180, 0],
			"translation": [0, 8, 0]
		},
		"thirdperson_lefthand": {
			"rotation": [0, -180, 0],
			"translation": [0, 8, 0]
		},
		"firstperson_righthand": {
			"rotation": [0, 45, 0],
			"scale": [0.4, 0.4, 0.4]
		},
		"firstperson_lefthand": {
			"rotation": [0, 225, 0],
			"scale": [0.4, 0.4, 0.4]
		},
		"ground": {
			"translation": [0, 3, 0],
			"scale": [0.25, 0.25, 0.25]
		},
		"gui": {
			"rotation": [30, 225, 0],
			"scale": [0.625, 0.625, 0.625]
		},
		"fixed": {
			"scale": [0.5, 0.5, 0.5]
		}
	}
}