{
"music.combat":   {"sounds": [{"name": "music:music/combat","stream": true}],"category":"master"},
"music.parkour":  {"sounds": [{"name": "music:music/parkour","stream": true}],"category":"master"},
"music.puzzle":   {"sounds": [{"name": "music:music/puzzle","stream": true}],"category":"master"},
"music.speed":    {"sounds": [{"name": "music:music/speed","stream": true}],"category":"master"},
"music.timing":   {"sounds": [{"name": "music:music/timing","stream": true}],"category":"master"},
"music.memory":   {"sounds": [{"name": "music:music/memory","stream": true}],"category":"master"},
"music.maze":     {"sounds": [{"name": "music:music/maze","stream": true}],"category":"master"},
"music.strategy": {"sounds": [{"name": "music:music/strategy","stream": true}],"category":"master"},
"music.survival": {"sounds": [{"name": "music:music/survival","stream": true}],"category":"master"},
"music.precision":{"sounds": [{"name": "music:music/precision","stream": true}],"category":"master"}
}