{
		"textures": {
		"0": "block/terracotta",
		"1": "block/smooth_stone",
		"particle": "block/terracotta"
	},
	"elements": [
		{
			"from": [7.5, 6.5, -4],
			"to": [8.5, 7.5, 20],
			"rotation": {"angle": 0, "axis": "y", "origin": [0.5, 14.5, 8]},
			"faces": {
				"north": {"uv": [0, 0, 1, 1], "rotation": 90, "texture": "#0"},
				"east": {"uv": [0, 0, 1, 16], "rotation": 270, "texture": "#0"},
				"south": {"uv": [0, 0, 1, 1], "rotation": 270, "texture": "#0"},
				"west": {"uv": [0, 0, 1, 16], "rotation": 270, "texture": "#0"},
				"up": {"uv": [0, 0, 16, 1], "rotation": 270, "texture": "#0"},
				"down": {"uv": [0, 0, 16, 1], "rotation": 270, "texture": "#0"}
			}
		},
		{
			"from": [7.5, 2.48633, -5.76367],
			"to": [8.5, 3.48633, -5.26367],
			"rotation": {"angle": 0, "axis": "y", "origin": [0, 10.48633, 2.23633]},
			"faces": {
				"north": {"uv": [0, 0, 1, 1], "rotation": 90, "texture": "#0"},
				"east": {"uv": [0, 0, 1, 0.5], "rotation": 270, "texture": "#0"},
				"south": {"uv": [0, 0, 1, 1], "rotation": 270, "texture": "#0"},
				"west": {"uv": [0, 0, 1, 0.5], "rotation": 270, "texture": "#0"},
				"up": {"uv": [0, 0, 0.5, 1], "rotation": 270, "texture": "#0"},
				"down": {"uv": [0, 0, 0.5, 1], "rotation": 270, "texture": "#0"}
			}
		},
		{
			"from": [7.5, 6.34672, -4.7706],
			"to": [8.5, 7.34672, -3.7706],
			"rotation": {"angle": -22.5, "axis": "x", "origin": [8, 6.84672, -4.2706]},
			"faces": {
				"north": {"uv": [0, 0, 1, 1], "rotation": 90, "texture": "#0"},
				"east": {"uv": [0, 0, 1, 1], "rotation": 270, "texture": "#0"},
				"south": {"uv": [0, 0, 1, 1], "rotation": 270, "texture": "#0"},
				"west": {"uv": [0, 0, 1, 1], "rotation": 270, "texture": "#0"},
				"up": {"uv": [0, 0, 1, 1], "rotation": 270, "texture": "#0"},
				"down": {"uv": [0, 0, 1, 1], "rotation": 270, "texture": "#0"}
			}
		},
		{
			"from": [7.5, 5.91021, -5.42388],
			"to": [8.5, 6.91021, -4.42388],
			"rotation": {"angle": -45, "axis": "x", "origin": [8, 6.41021, -4.92388]},
			"faces": {
				"north": {"uv": [0, 0, 1, 1], "rotation": 90, "texture": "#0"},
				"east": {"uv": [0, 0, 1, 1], "rotation": 270, "texture": "#0"},
				"south": {"uv": [0, 0, 1, 1], "rotation": 270, "texture": "#0"},
				"west": {"uv": [0, 0, 1, 1], "rotation": 270, "texture": "#0"},
				"up": {"uv": [0, 0, 1, 1], "rotation": 270, "texture": "#0"},
				"down": {"uv": [0, 0, 1, 1], "rotation": 270, "texture": "#0"}
			}
		},
		{
			"from": [7.5, 5.25693, -5.86039],
			"to": [8.5, 6.25693, -4.86039],
			"rotation": {"angle": 22.5, "axis": "x", "origin": [8, 5.75693, -5.36039]},
			"faces": {
				"north": {"uv": [0, 0, 1, 1], "rotation": 90, "texture": "#0"},
				"east": {"uv": [0, 0, 1, 1], "texture": "#0"},
				"south": {"uv": [0, 0, 1, 1], "rotation": 270, "texture": "#0"},
				"west": {"uv": [0, 0, 1, 1], "rotation": 180, "texture": "#0"},
				"up": {"uv": [0, 0, 1, 1], "rotation": 270, "texture": "#0"},
				"down": {"uv": [0, 0, 1, 1], "rotation": 270, "texture": "#0"}
			}
		},
		{
			"from": [7.5, 3.48633, -6.01367],
			"to": [8.5, 5.48633, -5.01367],
			"rotation": {"angle": 0, "axis": "y", "origin": [8, 4.98633, -5.51367]},
			"faces": {
				"north": {"uv": [0, 0, 2, 1], "rotation": 90, "texture": "#0"},
				"east": {"uv": [0, 0, 1, 2], "texture": "#0"},
				"south": {"uv": [0, 0, 2, 1], "rotation": 270, "texture": "#0"},
				"west": {"uv": [0, 0, 1, 2], "rotation": 180, "texture": "#0"},
				"up": {"uv": [0, 0, 1, 1], "rotation": 270, "texture": "#0"},
				"down": {"uv": [0, 0, 1, 1], "rotation": 270, "texture": "#0"}
			}
		},
		{
			"from": [8.1, -0.01367, -5.51367],
			"to": [8.5, 2.48633, -5.41367],
			"rotation": {"angle": 0, "axis": "y", "origin": [0, 9.48633, 2.48633]},
			"faces": {
				"north": {"uv": [0, 0, 2.5, 0.4], "rotation": 90, "texture": "#1"},
				"east": {"uv": [0, 0, 2.5, 0.1], "rotation": 270, "texture": "#1"},
				"south": {"uv": [0, 0, 2.5, 0.4], "rotation": 270, "texture": "#1"},
				"west": {"uv": [0, 0, 2.5, 0.1], "rotation": 270, "texture": "#1"},
				"up": {"uv": [0, 0, 0.1, 0.4], "rotation": 270, "texture": "#1"},
				"down": {"uv": [0, 0, 0.1, 0.4], "rotation": 270, "texture": "#1"}
			}
		},
		{
			"from": [7.5, -0.01367, -5.51367],
			"to": [7.9, 2.48633, -5.41367],
			"rotation": {"angle": 0, "axis": "y", "origin": [-0.5, 9.48633, 2.48633]},
			"faces": {
				"north": {"uv": [0, 0, 2.5, 0.4], "rotation": 90, "texture": "#1"},
				"east": {"uv": [0, 0, 2.5, 0.1], "rotation": 270, "texture": "#1"},
				"south": {"uv": [0, 0, 2.5, 0.4], "rotation": 270, "texture": "#1"},
				"west": {"uv": [0, 0, 2.5, 0.1], "rotation": 270, "texture": "#1"},
				"up": {"uv": [0, 0, 0.1, 0.4], "rotation": 270, "texture": "#1"},
				"down": {"uv": [0, 0, 0.1, 0.4], "rotation": 270, "texture": "#1"}
			}
		},
		{
			"from": [7.5, 6.75, 20],
			"to": [8.5, 7.25, 21],
			"rotation": {"angle": 0, "axis": "y", "origin": [0.5, 14.5, 9]},
			"faces": {
				"north": {"uv": [0, 0, 0.5, 1], "rotation": 90, "texture": "#0"},
				"east": {"uv": [0, 0, 0.5, 1], "rotation": 270, "texture": "#0"},
				"south": {"uv": [0, 0, 0.5, 1], "rotation": 270, "texture": "#0"},
				"west": {"uv": [0, 0, 0.5, 1], "rotation": 270, "texture": "#0"},
				"up": {"uv": [0, 0, 1, 1], "rotation": 270, "texture": "#0"},
				"down": {"uv": [0, 0, 1, 1], "rotation": 270, "texture": "#0"}
			}
		},
		{
			"from": [7.5, 6.95, 21],
			"to": [8.5, 7.05, 23],
			"rotation": {"angle": 0, "axis": "y", "origin": [0.5, 14.7, 10]},
			"faces": {
				"north": {"uv": [0, 0, 0.1, 1], "rotation": 90, "texture": "#1"},
				"east": {"uv": [0, 0, 0.1, 2], "rotation": 270, "texture": "#1"},
				"south": {"uv": [0, 0, 0.1, 1], "rotation": 270, "texture": "#1"},
				"west": {"uv": [0, 0, 0.1, 2], "rotation": 270, "texture": "#1"},
				"up": {"uv": [0, 0, 2, 1], "rotation": 270, "texture": "#1"},
				"down": {"uv": [0, 0, 2, 1], "rotation": 270, "texture": "#1"}
			}
		}
	],
	"gui_light": "front",
	"display": {
		"thirdperson_righthand": {
			"rotation": [90, 0, 0],
			"translation": [0, 4, 1.5],
			"scale": [0.8, 0.8, 0.8]
		},
		"thirdperson_lefthand": {
			"rotation": [90, 0, 0],
			"translation": [0, 4, 1.5],
			"scale": [0.8, 0.8, 0.8]
		},
		"firstperson_righthand": {
			"rotation": [110, 0, 0],
			"translation": [1.13, 3.2, 1.13],
			"scale": [0.68, 0.68, 0.68]
		},
		"firstperson_lefthand": {
			"rotation": [110, 0, 0],
			"translation": [1.13, 3.2, 1.13],
			"scale": [0.68, 0.68, 0.68]
		},
		"gui": {
			"rotation": [45, 45, 0],
			"scale": [0.8, 0.8, 0.8]
		}
	},
	"groups": [
		{
			"name": "group",
			"origin": [15.7, 8, 10],
			"children": [0, 1, 2, 3, 4, 5, 6, 7, 8, 9]
		}
	]
}