{
		"textures": {
		"0": "images/panel2",
		"particle": "images/panel2"
	},
	"elements": [
		{
			"from": [5, 0.5, 15],
			"to": [11, 24.5, 16],
			"rotation": {"angle": 0, "axis": "y", "origin": [19, 5.5, 23]},
			"faces": {
				"north": {"uv": [0.2, 0.2, 3.375, 12.2], "texture": "#0"},
				"east": {"uv": [1, 10, 2, 11], "texture": "#0"},
				"south": {"uv": [0, 0, 6, 15], "texture": "#missing"},
				"west": {"uv": [1, 10, 2, 11], "texture": "#0"},
				"up": {"uv": [0, 0, 6, 1], "texture": "#missing"},
				"down": {"uv": [0, 0, 6, 1], "texture": "#missing"}
			}
		},
		{
			"from": [5, 24.5, 15],
			"to": [11, 25, 16],
			"rotation": {"angle": 0, "axis": "y", "origin": [19, 15, 23]},
			"faces": {
				"north": {"uv": [0.2, 0.05, 0.2, 0.15], "texture": "#0"},
				"east": {"uv": [0.2, 0.05, 0.2, 0.15], "texture": "#0"},
				"south": {"uv": [0, 0, 6, 15], "texture": "#missing"},
				"west": {"uv": [0.2, 0.05, 0.2, 0.15], "texture": "#0"},
				"up": {"uv": [0.2, 0.05, 0.2, 0.15], "texture": "#0"},
				"down": {"uv": [0, 0, 6, 1], "texture": "#missing"}
			}
		},
		{
			"from": [5, 0, 15],
			"to": [11, 0.5, 16],
			"rotation": {"angle": 0, "axis": "y", "origin": [19, -9.5, 23]},
			"faces": {
				"north": {"uv": [0.2, 0.05, 0.2, 0.15], "texture": "#0"},
				"east": {"uv": [0.2, 0.05, 0.2, 0.15], "texture": "#0"},
				"south": {"uv": [0, 0, 6, 15], "texture": "#missing"},
				"west": {"uv": [0.2, 0.05, 0.2, 0.15], "texture": "#0"},
				"up": {"uv": [0, 0, 0.2, 0.2], "texture": "#0"},
				"down": {"uv": [0.2, 0.05, 0.2, 0.15], "texture": "#0"}
			}
		},
		{
			"from": [8.25, 13.75, 14.9],
			"to": [10.75, 16.25, 15.9],
			"rotation": {"angle": 0, "axis": "y", "origin": [13.75, 21.75, 22.75]},
			"faces": {
				"north": {"uv": [9.945, 6, 11.745, 7.8], "texture": "#0"},
				"east": {"uv": [3.888, 5.392, 3.988, 5.492], "texture": "#0"},
				"west": {"uv": [3.888, 5.392, 3.988, 5.492], "texture": "#0"},
				"up": {"uv": [3.888, 5.392, 3.988, 5.492], "texture": "#0"},
				"down": {"uv": [3.888, 5.392, 3.988, 5.492], "texture": "#0"}
			}
		},
		{
			"from": [8.25, 1, 14.9],
			"to": [10.75, 3.5, 15.9],
			"rotation": {"angle": 0, "axis": "y", "origin": [13.75, 9, 22.75]},
			"faces": {
				"north": {"uv": [8.0175, 4.05, 9.8175, 5.85], "texture": "#0"},
				"east": {"uv": [3.888, 5.392, 3.988, 5.492], "texture": "#0"},
				"west": {"uv": [3.888, 5.392, 3.988, 5.492], "texture": "#0"},
				"up": {"uv": [3.888, 5.392, 3.988, 5.492], "texture": "#0"},
				"down": {"uv": [3.888, 5.392, 3.988, 5.492], "texture": "#0"}
			}
		},
		{
			"from": [5.25, 13.75, 14.9],
			"to": [7.75, 16.25, 15.9],
			"rotation": {"angle": 0, "axis": "y", "origin": [10.75, 21.75, 22.75]},
			"faces": {
				"north": {"uv": [9.945, 4.05, 11.745, 5.85], "texture": "#0"},
				"east": {"uv": [3.888, 5.392, 3.988, 5.492], "texture": "#0"},
				"west": {"uv": [3.888, 5.392, 3.988, 5.492], "texture": "#0"},
				"up": {"uv": [3.888, 5.392, 3.988, 5.492], "texture": "#0"},
				"down": {"uv": [3.888, 5.392, 3.988, 5.492], "texture": "#0"}
			}
		},
		{
			"from": [8.25, 8, 14.9],
			"to": [10.75, 10.5, 15.9],
			"rotation": {"angle": 0, "axis": "y", "origin": [13.75, 16, 22.75]},
			"faces": {
				"north": {"uv": [6.09, 2.1, 7.89, 3.9], "texture": "#0"},
				"east": {"uv": [3.888, 5.392, 3.988, 5.492], "texture": "#0"},
				"west": {"uv": [3.888, 5.392, 3.988, 5.492], "texture": "#0"},
				"up": {"uv": [3.888, 5.392, 3.988, 5.492], "texture": "#0"},
				"down": {"uv": [3.888, 5.392, 3.988, 5.492], "texture": "#0"}
			}
		},
		{
			"from": [5.25, 8, 14.9],
			"to": [7.75, 10.5, 15.9],
			"rotation": {"angle": 0, "axis": "y", "origin": [10.75, 16, 22.75]},
			"faces": {
				"north": {"uv": [6.09, 0.175, 7.89, 1.975], "texture": "#0"},
				"east": {"uv": [3.888, 5.392, 3.988, 5.492], "texture": "#0"},
				"west": {"uv": [3.888, 5.392, 3.988, 5.492], "texture": "#0"},
				"up": {"uv": [3.888, 5.392, 3.988, 5.492], "texture": "#0"},
				"down": {"uv": [3.888, 5.392, 3.988, 5.492], "texture": "#0"}
			}
		},
		{
			"from": [8.25, 5.25, 14.9],
			"to": [10.75, 7.75, 15.9],
			"rotation": {"angle": 0, "axis": "y", "origin": [13.75, 13.25, 22.75]},
			"faces": {
				"north": {"uv": [8.0175, 0.175, 9.8175, 1.975], "texture": "#0"},
				"east": {"uv": [3.888, 5.392, 3.988, 5.492], "texture": "#0"},
				"west": {"uv": [3.888, 5.392, 3.988, 5.492], "texture": "#0"},
				"up": {"uv": [3.888, 5.392, 3.988, 5.492], "texture": "#0"},
				"down": {"uv": [3.888, 5.392, 3.988, 5.492], "texture": "#0"}
			}
		},
		{
			"from": [5.25, 5.25, 14.9],
			"to": [7.75, 7.75, 15.9],
			"rotation": {"angle": 0, "axis": "y", "origin": [10.75, 13.25, 22.75]},
			"faces": {
				"north": {"uv": [8.0175, 2.1, 9.8175, 3.9], "texture": "#0"},
				"east": {"uv": [3.888, 5.392, 3.988, 5.492], "texture": "#0"},
				"west": {"uv": [3.888, 5.392, 3.988, 5.492], "texture": "#0"},
				"up": {"uv": [3.888, 5.392, 3.988, 5.492], "texture": "#0"},
				"down": {"uv": [3.888, 5.392, 3.988, 5.492], "texture": "#0"}
			}
		},
		{
			"from": [5.25, 1, 14.9],
			"to": [7.75, 3.5, 15.9],
			"rotation": {"angle": 0, "axis": "y", "origin": [10.75, 9, 22.75]},
			"faces": {
				"north": {"uv": [9.945, 2.1, 11.745, 3.9], "texture": "#0"},
				"east": {"uv": [3.888, 5.392, 3.988, 5.492], "texture": "#0"},
				"west": {"uv": [3.888, 5.392, 3.988, 5.492], "texture": "#0"},
				"up": {"uv": [3.888, 5.392, 3.988, 5.492], "texture": "#0"},
				"down": {"uv": [3.888, 5.392, 3.988, 5.492], "texture": "#0"}
			}
		}
	],
	"gui_light": "front",
	"display": {
		"thirdperson_righthand": {
			"rotation": [0, -180, 0],
			"translation": [0, -8, 0]
		},
		"thirdperson_lefthand": {
			"rotation": [0, -180, 0],
			"translation": [0, 8, 0]
		},
		"firstperson_righthand": {
			"rotation": [0, 45, 0],
			"scale": [0.4, 0.4, 0.4]
		},
		"firstperson_lefthand": {
			"rotation": [0, 225, 0],
			"scale": [0.4, 0.4, 0.4]
		},
		"ground": {
			"translation": [0, 3, 0],
			"scale": [0.25, 0.25, 0.25]
		},
		"gui": {
			"rotation": [30, 225, 0],
			"scale": [0.625, 0.625, 0.625]
		},
		"fixed": {
			"scale": [0.5, 0.5, 0.5]
		}
	}
}