{
		"textures": {
		"0": "images/panel",
		"particle": "images/panel"
	},
	"elements": [
		{
			"from": [5, 0.5, 15],
			"to": [11, 15.5, 16],
			"rotation": {"angle": 0, "axis": "y", "origin": [19, 5.5, 23]},
			"faces": {
				"north": {"uv": [0.4, 0.4, 6.6, 15.7], "texture": "#0"},
				"east": {"uv": [1, 10, 2, 11], "texture": "#0"},
				"south": {"uv": [0, 0, 6, 15], "texture": "#missing"},
				"west": {"uv": [1, 10, 2, 11], "texture": "#0"},
				"up": {"uv": [0, 0, 6, 1], "texture": "#missing"},
				"down": {"uv": [0, 0, 6, 1], "texture": "#missing"}
			}
		},
		{
			"from": [5, 15.5, 15],
			"to": [11, 16, 16],
			"rotation": {"angle": 0, "axis": "y", "origin": [19, 6, 23]},
			"faces": {
				"north": {"uv": [0, 0, 0.2, 0.2], "texture": "#0"},
				"east": {"uv": [0, 0, 0.2, 0.2], "texture": "#0"},
				"south": {"uv": [0, 0, 6, 15], "texture": "#missing"},
				"west": {"uv": [0, 0, 0.2, 0.2], "texture": "#0"},
				"up": {"uv": [0, 0, 0.2, 0.2], "texture": "#0"},
				"down": {"uv": [0, 0, 6, 1], "texture": "#missing"}
			}
		},
		{
			"from": [5, 0, 15],
			"to": [11, 0.5, 16],
			"rotation": {"angle": 0, "axis": "y", "origin": [19, -9.5, 23]},
			"faces": {
				"north": {"uv": [0, 0, 0.2, 0.2], "texture": "#0"},
				"east": {"uv": [0, 0, 0.2, 0.2], "texture": "#0"},
				"south": {"uv": [0, 0, 6, 15], "texture": "#missing"},
				"west": {"uv": [0, 0, 0.2, 0.2], "texture": "#0"},
				"up": {"uv": [0, 0, 0.2, 0.2], "texture": "#0"},
				"down": {"uv": [0, 0, 0.2, 0.2], "texture": "#0"}
			}
		},
		{
			"from": [6.75, 3, 14.9],
			"to": [9.25, 5.5, 15.9],
			"rotation": {"angle": 0, "axis": "y", "origin": [12.25, 9.5, 22.75]},
			"faces": {
				"north": {"uv": [12.128, 0.288, 15.714, 3.875], "rotation": 180, "texture": "#0"},
				"east": {"uv": [7.52, 10.624, 8.29, 11.427], "texture": "#0"},
				"west": {"uv": [7.52, 10.624, 8.29, 11.427], "texture": "#0"},
				"up": {"uv": [7.52, 10.624, 8.29, 11.427], "texture": "#0"},
				"down": {"uv": [7.52, 10.624, 8.29, 11.427], "texture": "#0"}
			}
		},
		{
			"from": [5.75, 9.75, 14.99],
			"to": [8.15, 13.75, 15],
			"rotation": {"angle": 0, "axis": "y", "origin": [14.75, 19.75, 22]},
			"faces": {
				"north": {"uv": [9.475, 0.25, 11.875, 4.05], "texture": "#0"}
			}
		}
	],
	"gui_light": "front",
	"display": {
		"thirdperson_righthand": {
			"rotation": [0, -180, 0],
			"translation": [0, -8, 0]
		},
		"thirdperson_lefthand": {
			"rotation": [0, -180, 0],
			"translation": [0, 8, 0]
		},
		"firstperson_righthand": {
			"rotation": [0, 45, 0],
			"scale": [0.4, 0.4, 0.4]
		},
		"firstperson_lefthand": {
			"rotation": [0, 225, 0],
			"scale": [0.4, 0.4, 0.4]
		},
		"ground": {
			"translation": [0, 3, 0],
			"scale": [0.25, 0.25, 0.25]
		},
		"gui": {
			"rotation": [30, 225, 0],
			"scale": [0.625, 0.625, 0.625]
		},
		"fixed": {
			"scale": [0.5, 0.5, 0.5]
		}
	}
}