{
		"textures": {
		"0": "block/white_terracotta",
		"2": "block/black_terracotta",
		"particle": "block/white_terracotta"
	},
	"elements": [
		{
			"from": [0, -16, 9],
			"to": [16, 32, 10],
			"rotation": {"angle": 0, "axis": "y", "origin": [6.75, 7.5, 8.75]},
			"faces": {
				"north": {"uv": [16, 0, 0, 16], "texture": "#0"},
				"east": {"uv": [1, 0, 0, 16], "texture": "#0"},
				"south": {"uv": [16, 0, 0, 16], "texture": "#0"},
				"west": {"uv": [1, 0, 0, 16], "texture": "#0"},
				"up": {"uv": [0, 1, 16, 0], "texture": "#0"},
				"down": {"uv": [0, 1, 16, 0], "texture": "#0"}
			}
		},
		{
			"from": [0, -16, 8],
			"to": [1, 32, 9],
			"rotation": {"angle": 0, "axis": "y", "origin": [6.75, 7.5, 8.75]},
			"faces": {
				"north": {"uv": [1, 0, 0, 16], "texture": "#0"},
				"east": {"uv": [1, 0, 0, 16], "texture": "#0"},
				"south": {"uv": [1, 0, 0, 16], "texture": "#0"},
				"west": {"uv": [1, 0, 0, 16], "texture": "#0"},
				"up": {"uv": [0, 1, 1, 0], "texture": "#0"},
				"down": {"uv": [0, 1, 1, 0], "texture": "#0"}
			}
		},
		{
			"from": [1, 7.5, 8],
			"to": [16, 8.5, 9],
			"rotation": {"angle": 0, "axis": "y", "origin": [6.75, 7.5, 8.75]},
			"faces": {
				"north": {"uv": [15, 0, 0, 1], "texture": "#0"},
				"east": {"uv": [1, 0, 0, 1], "texture": "#0"},
				"south": {"uv": [15, 0, 0, 1], "texture": "#0"},
				"west": {"uv": [1, 0, 0, 1], "texture": "#0"},
				"up": {"uv": [0, 1, 15, 0], "texture": "#0"},
				"down": {"uv": [0, 1, 15, 0], "texture": "#0"}
			}
		},
		{
			"from": [1, 5.5, 8],
			"to": [16, 6.5, 9],
			"rotation": {"angle": 0, "axis": "y", "origin": [6.75, 7.5, 8.75]},
			"faces": {
				"north": {"uv": [15, 0, 0, 1], "texture": "#0"},
				"east": {"uv": [1, 0, 0, 1], "texture": "#0"},
				"south": {"uv": [15, 0, 0, 1], "texture": "#0"},
				"west": {"uv": [1, 0, 0, 1], "texture": "#0"},
				"up": {"uv": [0, 1, 15, 0], "texture": "#0"},
				"down": {"uv": [0, 1, 15, 0], "texture": "#0"}
			}
		},
		{
			"from": [1, -15.5, 8],
			"to": [16, -14.5, 9],
			"rotation": {"angle": 0, "axis": "y", "origin": [6.75, -13.5, 8.75]},
			"faces": {
				"north": {"uv": [15, 0, 0, 1], "texture": "#0"},
				"east": {"uv": [1, 0, 0, 1], "texture": "#0"},
				"south": {"uv": [15, 0, 0, 1], "texture": "#0"},
				"west": {"uv": [1, 0, 0, 1], "texture": "#0"},
				"up": {"uv": [0, 1, 15, 0], "texture": "#0"},
				"down": {"uv": [0, 1, 15, 0], "texture": "#0"}
			}
		},
		{
			"from": [1, 31, 8],
			"to": [16, 32, 9],
			"rotation": {"angle": 0, "axis": "y", "origin": [6.75, 33, 8.75]},
			"faces": {
				"north": {"uv": [15, 0, 0, 1], "texture": "#0"},
				"east": {"uv": [1, 0, 0, 1], "texture": "#0"},
				"south": {"uv": [15, 0, 0, 1], "texture": "#0"},
				"west": {"uv": [1, 0, 0, 1], "texture": "#0"},
				"up": {"uv": [0, 1, 15, 0], "texture": "#0"},
				"down": {"uv": [0, 1, 15, 0], "texture": "#0"}
			}
		},
		{
			"from": [1.25, -16, 8],
			"to": [3.25, -15.5, 9],
			"rotation": {"angle": 0, "axis": "y", "origin": [7, -14, 8.75]},
			"faces": {
				"north": {"uv": [2, 0, 0, 0.5], "texture": "#0"},
				"east": {"uv": [1, 0, 0, 0.5], "texture": "#0"},
				"south": {"uv": [2, 0, 0, 0.5], "texture": "#0"},
				"west": {"uv": [1, 0, 0, 0.5], "texture": "#0"},
				"up": {"uv": [0, 1, 2, 0], "texture": "#0"},
				"down": {"uv": [0, 1, 2, 0], "texture": "#0"}
			}
		},
		{
			"from": [13.75, -16, 8],
			"to": [15.75, -15.5, 9],
			"rotation": {"angle": 0, "axis": "y", "origin": [19.5, -14, 8.75]},
			"faces": {
				"north": {"uv": [2, 0, 0, 0.5], "texture": "#0"},
				"east": {"uv": [1, 0, 0, 0.5], "texture": "#0"},
				"south": {"uv": [2, 0, 0, 0.5], "texture": "#0"},
				"west": {"uv": [1, 0, 0, 0.5], "texture": "#0"},
				"up": {"uv": [0, 1, 2, 0], "texture": "#0"},
				"down": {"uv": [0, 1, 2, 0], "texture": "#0"}
			}
		},
		{
			"from": [-0.05, -16, 9.55],
			"to": [0.45, 32, 10.05],
			"rotation": {"angle": 0, "axis": "y", "origin": [8, -8, 2.75]},
			"faces": {
				"north": {"uv": [0.5, 0, 0, 16], "texture": "#2"},
				"east": {"uv": [0.5, 0, 0, 16], "texture": "#2"},
				"south": {"uv": [0.5, 0, 0, 16], "texture": "#2"},
				"west": {"uv": [0.5, 0, 0, 16], "texture": "#2"},
				"up": {"uv": [0, 0.5, 0.5, 0], "texture": "#2"},
				"down": {"uv": [0, 0.5, 0.5, 0], "texture": "#2"}
			}
		}
	],
	"gui_light": "front",
	"display": {
		"thirdperson_righthand": {
			"rotation": [0, -180, 0],
			"translation": [-8, 24, 0]
		},
		"thirdperson_lefthand": {
			"rotation": [0, -180, 0],
			"translation": [0, 8, 0]
		},
		"firstperson_righthand": {
			"rotation": [0, 45, 0],
			"scale": [0.4, 0.4, 0.4]
		},
		"firstperson_lefthand": {
			"rotation": [0, 225, 0],
			"scale": [0.4, 0.4, 0.4]
		},
		"ground": {
			"translation": [0, 3, 0],
			"scale": [0.25, 0.25, 0.25]
		},
		"gui": {
			"rotation": [30, 225, 0],
			"scale": [0.625, 0.625, 0.625]
		},
		"fixed": {
			"scale": [0.5, 0.5, 0.5]
		}
	}
}