{
		"textures": {
		"1": "block/yellow_concrete",
		"2": "block/black_terracotta"
	},
	"elements": [
		{
			"from": [7.5, 11, 23],
			"to": [8.5, 15, 24],
			"rotation": {"angle": 0, "axis": "y", "origin": [15.5, 19, 42]},
			"faces": {
				"north": {"uv": [0, 0, 1, 4], "texture": "#2"},
				"east": {"uv": [0, 0, 1, 4], "texture": "#2"},
				"south": {"uv": [0, 0, 1, 4], "texture": "#2"},
				"west": {"uv": [0, 0, 1, 4], "texture": "#2"},
				"up": {"uv": [0, 0, 1, 1], "texture": "#2"},
				"down": {"uv": [0, 0, 1, 1], "texture": "#2"}
			}
		},
		{
			"from": [7.5, 3, 23],
			"to": [8.5, 7, 24],
			"rotation": {"angle": 0, "axis": "y", "origin": [15.5, 11, 42]},
			"faces": {
				"north": {"uv": [0, 0, 1, 4], "texture": "#2"},
				"east": {"uv": [0, 0, 1, 4], "texture": "#2"},
				"south": {"uv": [0, 0, 1, 4], "texture": "#2"},
				"west": {"uv": [0, 0, 1, 4], "texture": "#2"},
				"up": {"uv": [0, 0, 1, 1], "texture": "#2"},
				"down": {"uv": [0, 0, 1, 1], "texture": "#2"}
			}
		},
		{
			"from": [4.5, 2, -8],
			"to": [7.5, 3, -7],
			"rotation": {"angle": 0, "axis": "y", "origin": [14.5, 10, 11]},
			"faces": {
				"north": {"uv": [0, 0, 3, 1], "texture": "#2"},
				"east": {"uv": [0, 0, 1, 1], "texture": "#2"},
				"south": {"uv": [0, 0, 3, 1], "texture": "#2"},
				"west": {"uv": [0, 0, 1, 1], "texture": "#2"},
				"up": {"uv": [0, 0, 3, 1], "texture": "#2"},
				"down": {"uv": [0, 0, 3, 1], "texture": "#2"}
			}
		},
		{
			"from": [8.5, 2, -8],
			"to": [11.5, 3, -7],
			"rotation": {"angle": 0, "axis": "y", "origin": [18.5, 10, 11]},
			"faces": {
				"north": {"uv": [0, 0, 3, 1], "texture": "#2"},
				"east": {"uv": [0, 0, 1, 1], "texture": "#2"},
				"south": {"uv": [0, 0, 3, 1], "texture": "#2"},
				"west": {"uv": [0, 0, 1, 1], "texture": "#2"},
				"up": {"uv": [0, 0, 3, 1], "texture": "#2"},
				"down": {"uv": [0, 0, 3, 1], "texture": "#2"}
			}
		},
		{
			"from": [4.5, 0, -8],
			"to": [5.5, 2, -7],
			"rotation": {"angle": 0, "axis": "y", "origin": [14.5, 9, 11]},
			"faces": {
				"north": {"uv": [0, 0, 1, 2], "texture": "#2"},
				"east": {"uv": [0, 0, 1, 2], "texture": "#2"},
				"south": {"uv": [0, 0, 1, 2], "texture": "#2"},
				"west": {"uv": [0, 0, 1, 2], "texture": "#2"},
				"up": {"uv": [0, 0, 1, 1], "texture": "#2"},
				"down": {"uv": [0, 0, 1, 1], "texture": "#2"}
			}
		},
		{
			"from": [10.5, 0, -8],
			"to": [11.5, 2, -7],
			"rotation": {"angle": 0, "axis": "y", "origin": [20.5, 9, 11]},
			"faces": {
				"north": {"uv": [0, 0, 1, 2], "texture": "#2"},
				"east": {"uv": [0, 0, 1, 2], "texture": "#2"},
				"south": {"uv": [0, 0, 1, 2], "texture": "#2"},
				"west": {"uv": [0, 0, 1, 2], "texture": "#2"},
				"up": {"uv": [0, 0, 1, 1], "texture": "#2"},
				"down": {"uv": [0, 0, 1, 1], "texture": "#2"}
			}
		},
		{
			"from": [10.5, 0, 23],
			"to": [11.5, 2, 24],
			"rotation": {"angle": 0, "axis": "y", "origin": [20.5, 9, 42]},
			"faces": {
				"north": {"uv": [0, 0, 1, 2], "texture": "#2"},
				"east": {"uv": [0, 0, 1, 2], "texture": "#2"},
				"south": {"uv": [0, 0, 1, 2], "texture": "#2"},
				"west": {"uv": [0, 0, 1, 2], "texture": "#2"},
				"up": {"uv": [0, 0, 1, 1], "texture": "#2"},
				"down": {"uv": [0, 0, 1, 1], "texture": "#2"}
			}
		},
		{
			"from": [4.5, 2, 23],
			"to": [7.5, 3, 24],
			"rotation": {"angle": 0, "axis": "y", "origin": [14.5, 10, 42]},
			"faces": {
				"north": {"uv": [0, 0, 3, 1], "texture": "#2"},
				"east": {"uv": [0, 0, 1, 1], "texture": "#2"},
				"south": {"uv": [0, 0, 3, 1], "texture": "#2"},
				"west": {"uv": [0, 0, 1, 1], "texture": "#2"},
				"up": {"uv": [0, 0, 3, 1], "texture": "#2"},
				"down": {"uv": [0, 0, 3, 1], "texture": "#2"}
			}
		},
		{
			"from": [4.5, 0, 23],
			"to": [5.5, 2, 24],
			"rotation": {"angle": 0, "axis": "y", "origin": [14.5, 9, 42]},
			"faces": {
				"north": {"uv": [0, 0, 1, 2], "texture": "#2"},
				"east": {"uv": [0, 0, 1, 2], "texture": "#2"},
				"south": {"uv": [0, 0, 1, 2], "texture": "#2"},
				"west": {"uv": [0, 0, 1, 2], "texture": "#2"},
				"up": {"uv": [0, 0, 1, 1], "texture": "#2"},
				"down": {"uv": [0, 0, 1, 1], "texture": "#2"}
			}
		},
		{
			"from": [8.5, 2, 23],
			"to": [11.5, 3, 24],
			"rotation": {"angle": 0, "axis": "y", "origin": [18.5, 10, 42]},
			"faces": {
				"north": {"uv": [0, 0, 3, 1], "texture": "#2"},
				"east": {"uv": [0, 0, 1, 1], "texture": "#2"},
				"south": {"uv": [0, 0, 3, 1], "texture": "#2"},
				"west": {"uv": [0, 0, 1, 1], "texture": "#2"},
				"up": {"uv": [0, 0, 3, 1], "texture": "#2"},
				"down": {"uv": [0, 0, 3, 1], "texture": "#2"}
			}
		},
		{
			"from": [7.5, 15, 4.5],
			"to": [8.5, 16, 11.5],
			"rotation": {"angle": 0, "axis": "y", "origin": [15.5, 23, -1.5]},
			"faces": {
				"north": {"uv": [0, 0, 1, 1], "texture": "#2"},
				"east": {"uv": [0, 0, 7, 1], "texture": "#2"},
				"south": {"uv": [0, 0, 1, 1], "texture": "#2"},
				"west": {"uv": [0, 0, 7, 1], "texture": "#2"},
				"up": {"uv": [0, 0, 1, 7], "texture": "#2"},
				"down": {"uv": [0, 0, 1, 7], "texture": "#2"}
			}
		},
		{
			"from": [7.5, 15, 11.5],
			"to": [8.5, 16, 17],
			"rotation": {"angle": 0, "axis": "y", "origin": [15.5, 23, 4]},
			"faces": {
				"north": {"uv": [0, 0, 1, 1], "texture": "#1"},
				"east": {"uv": [0, 0, 5.5, 1], "texture": "#1"},
				"south": {"uv": [0, 0, 1, 1], "texture": "#1"},
				"west": {"uv": [0, 0, 5.5, 1], "texture": "#1"},
				"up": {"uv": [0, 0, 1, 5.5], "texture": "#1"},
				"down": {"uv": [0, 0, 1, 5.5], "texture": "#1"}
			}
		},
		{
			"from": [7.5, 15, 17],
			"to": [8.5, 16, 24],
			"rotation": {"angle": 0, "axis": "y", "origin": [15.5, 23, 11]},
			"faces": {
				"north": {"uv": [0, 0, 1, 1], "texture": "#2"},
				"east": {"uv": [0, 0, 7, 1], "texture": "#2"},
				"south": {"uv": [0, 0, 1, 1], "texture": "#2"},
				"west": {"uv": [0, 0, 7, 1], "texture": "#2"},
				"up": {"uv": [0, 0, 1, 7], "texture": "#2"},
				"down": {"uv": [0, 0, 1, 7], "texture": "#2"}
			}
		},
		{
			"from": [7.5, 7, 23],
			"to": [8.5, 11, 24],
			"rotation": {"angle": 0, "axis": "y", "origin": [15.5, 15, 42]},
			"faces": {
				"north": {"uv": [0, 0, 1, 4], "texture": "#1"},
				"east": {"uv": [0, 0, 1, 4], "texture": "#1"},
				"south": {"uv": [0, 0, 1, 4], "texture": "#1"},
				"west": {"uv": [0, 0, 1, 4], "texture": "#1"},
				"up": {"uv": [0, 0, 1, 1], "texture": "#1"},
				"down": {"uv": [0, 0, 1, 1], "texture": "#1"}
			}
		},
		{
			"from": [7.5, 11, -8],
			"to": [8.5, 15, -7],
			"rotation": {"angle": 0, "axis": "y", "origin": [15.5, 19, 11]},
			"faces": {
				"north": {"uv": [0, 0, 1, 4], "texture": "#2"},
				"east": {"uv": [0, 0, 1, 4], "texture": "#2"},
				"south": {"uv": [0, 0, 1, 4], "texture": "#2"},
				"west": {"uv": [0, 0, 1, 4], "texture": "#2"},
				"up": {"uv": [0, 0, 1, 1], "texture": "#2"},
				"down": {"uv": [0, 0, 1, 1], "texture": "#2"}
			}
		},
		{
			"from": [7.5, 7, -8],
			"to": [8.5, 11, -7],
			"rotation": {"angle": 0, "axis": "y", "origin": [15.5, 15, 11]},
			"faces": {
				"north": {"uv": [0, 0, 1, 4], "texture": "#1"},
				"east": {"uv": [0, 0, 1, 4], "texture": "#1"},
				"south": {"uv": [0, 0, 1, 4], "texture": "#1"},
				"west": {"uv": [0, 0, 1, 4], "texture": "#1"},
				"up": {"uv": [0, 0, 1, 1], "texture": "#1"},
				"down": {"uv": [0, 0, 1, 1], "texture": "#1"}
			}
		},
		{
			"from": [7.5, 3, -8],
			"to": [8.5, 7, -7],
			"rotation": {"angle": 0, "axis": "y", "origin": [15.5, 11, 11]},
			"faces": {
				"north": {"uv": [0, 0, 1, 4], "texture": "#2"},
				"east": {"uv": [0, 0, 1, 4], "texture": "#2"},
				"south": {"uv": [0, 0, 1, 4], "texture": "#2"},
				"west": {"uv": [0, 0, 1, 4], "texture": "#2"},
				"up": {"uv": [0, 0, 1, 1], "texture": "#2"},
				"down": {"uv": [0, 0, 1, 1], "texture": "#2"}
			}
		},
		{
			"from": [7.75, 3, 17.5],
			"to": [8.25, 7, 18],
			"rotation": {"angle": 0, "axis": "y", "origin": [15.75, 11, 36.5]},
			"faces": {
				"north": {"uv": [0, 0, 0.5, 4], "texture": "#2"},
				"east": {"uv": [0, 0, 0.5, 4], "texture": "#2"},
				"south": {"uv": [0, 0, 0.5, 4], "texture": "#2"},
				"west": {"uv": [0, 0, 0.5, 4], "texture": "#2"},
				"up": {"uv": [0, 0, 0.5, 0.5], "texture": "#2"},
				"down": {"uv": [0, 0, 0.5, 0.5], "texture": "#2"}
			}
		},
		{
			"from": [7.75, 11, 17.5],
			"to": [8.25, 15, 18],
			"rotation": {"angle": 0, "axis": "y", "origin": [15.75, 19, 36.5]},
			"faces": {
				"north": {"uv": [0, 0, 0.5, 4], "texture": "#2"},
				"east": {"uv": [0, 0, 0.5, 4], "texture": "#2"},
				"south": {"uv": [0, 0, 0.5, 4], "texture": "#2"},
				"west": {"uv": [0, 0, 0.5, 4], "texture": "#2"},
				"up": {"uv": [0, 0, 0.5, 0.5], "texture": "#2"},
				"down": {"uv": [0, 0, 0.5, 0.5], "texture": "#2"}
			}
		},
		{
			"from": [7.75, 7, 17.5],
			"to": [8.25, 11, 18],
			"rotation": {"angle": 0, "axis": "y", "origin": [15.75, 15, 36.5]},
			"faces": {
				"north": {"uv": [0, 0, 0.5, 4], "texture": "#1"},
				"east": {"uv": [0, 0, 0.5, 4], "texture": "#1"},
				"south": {"uv": [0, 0, 0.5, 4], "texture": "#1"},
				"west": {"uv": [0, 0, 0.5, 4], "texture": "#1"},
				"up": {"uv": [0, 0, 0.5, 0.5], "texture": "#1"},
				"down": {"uv": [0, 0, 0.5, 0.5], "texture": "#1"}
			}
		},
		{
			"from": [7.75, 3, 10.5],
			"to": [8.25, 7, 11],
			"rotation": {"angle": 0, "axis": "y", "origin": [15.75, 11, 29.5]},
			"faces": {
				"north": {"uv": [0, 0, 0.5, 4], "texture": "#2"},
				"east": {"uv": [0, 0, 0.5, 4], "texture": "#2"},
				"south": {"uv": [0, 0, 0.5, 4], "texture": "#2"},
				"west": {"uv": [0, 0, 0.5, 4], "texture": "#2"},
				"up": {"uv": [0, 0, 0.5, 0.5], "texture": "#2"},
				"down": {"uv": [0, 0, 0.5, 0.5], "texture": "#2"}
			}
		},
		{
			"from": [7.75, 11, 10.5],
			"to": [8.25, 15, 11],
			"rotation": {"angle": 0, "axis": "y", "origin": [15.75, 19, 29.5]},
			"faces": {
				"north": {"uv": [0, 0, 0.5, 4], "texture": "#2"},
				"east": {"uv": [0, 0, 0.5, 4], "texture": "#2"},
				"south": {"uv": [0, 0, 0.5, 4], "texture": "#2"},
				"west": {"uv": [0, 0, 0.5, 4], "texture": "#2"},
				"up": {"uv": [0, 0, 0.5, 0.5], "texture": "#2"},
				"down": {"uv": [0, 0, 0.5, 0.5], "texture": "#2"}
			}
		},
		{
			"from": [7.75, 7, 10.5],
			"to": [8.25, 11, 11],
			"rotation": {"angle": 0, "axis": "y", "origin": [15.75, 15, 29.5]},
			"faces": {
				"north": {"uv": [0, 0, 0.5, 4], "texture": "#1"},
				"east": {"uv": [0, 0, 0.5, 4], "texture": "#1"},
				"south": {"uv": [0, 0, 0.5, 4], "texture": "#1"},
				"west": {"uv": [0, 0, 0.5, 4], "texture": "#1"},
				"up": {"uv": [0, 0, 0.5, 0.5], "texture": "#1"},
				"down": {"uv": [0, 0, 0.5, 0.5], "texture": "#1"}
			}
		},
		{
			"from": [7.75, 3, 5],
			"to": [8.25, 7, 5.5],
			"rotation": {"angle": 0, "axis": "y", "origin": [15.75, 11, 24]},
			"faces": {
				"north": {"uv": [0, 0, 0.5, 4], "texture": "#2"},
				"east": {"uv": [0, 0, 0.5, 4], "texture": "#2"},
				"south": {"uv": [0, 0, 0.5, 4], "texture": "#2"},
				"west": {"uv": [0, 0, 0.5, 4], "texture": "#2"},
				"up": {"uv": [0, 0, 0.5, 0.5], "texture": "#2"},
				"down": {"uv": [0, 0, 0.5, 0.5], "texture": "#2"}
			}
		},
		{
			"from": [7.75, 11, 5],
			"to": [8.25, 15, 5.5],
			"rotation": {"angle": 0, "axis": "y", "origin": [15.75, 19, 24]},
			"faces": {
				"north": {"uv": [0, 0, 0.5, 4], "texture": "#2"},
				"east": {"uv": [0, 0, 0.5, 4], "texture": "#2"},
				"south": {"uv": [0, 0, 0.5, 4], "texture": "#2"},
				"west": {"uv": [0, 0, 0.5, 4], "texture": "#2"},
				"up": {"uv": [0, 0, 0.5, 0.5], "texture": "#2"},
				"down": {"uv": [0, 0, 0.5, 0.5], "texture": "#2"}
			}
		},
		{
			"from": [7.75, 7, 5],
			"to": [8.25, 11, 5.5],
			"rotation": {"angle": 0, "axis": "y", "origin": [15.75, 15, 24]},
			"faces": {
				"north": {"uv": [0, 0, 0.5, 4], "texture": "#1"},
				"east": {"uv": [0, 0, 0.5, 4], "texture": "#1"},
				"south": {"uv": [0, 0, 0.5, 4], "texture": "#1"},
				"west": {"uv": [0, 0, 0.5, 4], "texture": "#1"},
				"up": {"uv": [0, 0, 0.5, 0.5], "texture": "#1"},
				"down": {"uv": [0, 0, 0.5, 0.5], "texture": "#1"}
			}
		},
		{
			"from": [7.5, 15, -1],
			"to": [8.5, 16, 4.5],
			"rotation": {"angle": 0, "axis": "y", "origin": [15.5, 23, -8.5]},
			"faces": {
				"north": {"uv": [0, 0, 1, 1], "texture": "#1"},
				"east": {"uv": [0, 0, 5.5, 1], "texture": "#1"},
				"south": {"uv": [0, 0, 1, 1], "texture": "#1"},
				"west": {"uv": [0, 0, 5.5, 1], "texture": "#1"},
				"up": {"uv": [0, 0, 1, 5.5], "texture": "#1"},
				"down": {"uv": [0, 0, 1, 5.5], "texture": "#1"}
			}
		},
		{
			"from": [7.5, 15, -8],
			"to": [8.5, 16, -1],
			"rotation": {"angle": 0, "axis": "y", "origin": [15.5, 23, -14]},
			"faces": {
				"north": {"uv": [0, 0, 1, 1], "texture": "#2"},
				"east": {"uv": [0, 0, 7, 1], "texture": "#2"},
				"south": {"uv": [0, 0, 1, 1], "texture": "#2"},
				"west": {"uv": [0, 0, 7, 1], "texture": "#2"},
				"up": {"uv": [0, 0, 1, 7], "texture": "#2"},
				"down": {"uv": [0, 0, 1, 7], "texture": "#2"}
			}
		},
		{
			"from": [7.5, 2, -8],
			"to": [8.5, 3, -1],
			"rotation": {"angle": 0, "axis": "y", "origin": [15.5, 10, -14]},
			"faces": {
				"north": {"uv": [0, 0, 1, 1], "texture": "#2"},
				"east": {"uv": [0, 0, 7, 1], "texture": "#2"},
				"south": {"uv": [0, 0, 1, 1], "texture": "#2"},
				"west": {"uv": [0, 0, 7, 1], "texture": "#2"},
				"up": {"uv": [0, 0, 1, 7], "texture": "#2"},
				"down": {"uv": [0, 0, 1, 7], "texture": "#2"}
			}
		},
		{
			"from": [7.5, 2, 4.5],
			"to": [8.5, 3, 11.5],
			"rotation": {"angle": 0, "axis": "y", "origin": [15.5, 10, -1.5]},
			"faces": {
				"north": {"uv": [0, 0, 1, 1], "texture": "#2"},
				"east": {"uv": [0, 0, 7, 1], "texture": "#2"},
				"south": {"uv": [0, 0, 1, 1], "texture": "#2"},
				"west": {"uv": [0, 0, 7, 1], "texture": "#2"},
				"up": {"uv": [0, 0, 1, 7], "texture": "#2"},
				"down": {"uv": [0, 0, 1, 7], "texture": "#2"}
			}
		},
		{
			"from": [7.5, 2, -1],
			"to": [8.5, 3, 4.5],
			"rotation": {"angle": 0, "axis": "y", "origin": [15.5, 10, -8.5]},
			"faces": {
				"north": {"uv": [0, 0, 1, 1], "texture": "#1"},
				"east": {"uv": [0, 0, 5.5, 1], "texture": "#1"},
				"south": {"uv": [0, 0, 1, 1], "texture": "#1"},
				"west": {"uv": [0, 0, 5.5, 1], "texture": "#1"},
				"up": {"uv": [0, 0, 1, 5.5], "texture": "#1"},
				"down": {"uv": [0, 0, 1, 5.5], "texture": "#1"}
			}
		},
		{
			"from": [7.5, 2, 11.5],
			"to": [8.5, 3, 17],
			"rotation": {"angle": 0, "axis": "y", "origin": [15.5, 10, 4]},
			"faces": {
				"north": {"uv": [0, 0, 1, 1], "texture": "#1"},
				"east": {"uv": [0, 0, 5.5, 1], "texture": "#1"},
				"south": {"uv": [0, 0, 1, 1], "texture": "#1"},
				"west": {"uv": [0, 0, 5.5, 1], "texture": "#1"},
				"up": {"uv": [0, 0, 1, 5.5], "texture": "#1"},
				"down": {"uv": [0, 0, 1, 5.5], "texture": "#1"}
			}
		},
		{
			"from": [7.5, 2, 17],
			"to": [8.5, 3, 24],
			"rotation": {"angle": 0, "axis": "y", "origin": [15.5, 10, 11]},
			"faces": {
				"north": {"uv": [0, 0, 1, 1], "texture": "#2"},
				"east": {"uv": [0, 0, 7, 1], "texture": "#2"},
				"south": {"uv": [0, 0, 1, 1], "texture": "#2"},
				"west": {"uv": [0, 0, 7, 1], "texture": "#2"},
				"up": {"uv": [0, 0, 1, 7], "texture": "#2"},
				"down": {"uv": [0, 0, 1, 7], "texture": "#2"}
			}
		},
		{
			"from": [7.75, 11, -2],
			"to": [8.25, 15, -1.5],
			"rotation": {"angle": 0, "axis": "y", "origin": [15.75, 19, 17]},
			"faces": {
				"north": {"uv": [0, 0, 0.5, 4], "texture": "#2"},
				"east": {"uv": [0, 0, 0.5, 4], "texture": "#2"},
				"south": {"uv": [0, 0, 0.5, 4], "texture": "#2"},
				"west": {"uv": [0, 0, 0.5, 4], "texture": "#2"},
				"up": {"uv": [0, 0, 0.5, 0.5], "texture": "#2"},
				"down": {"uv": [0, 0, 0.5, 0.5], "texture": "#2"}
			}
		},
		{
			"from": [7.75, 7, -2],
			"to": [8.25, 11, -1.5],
			"rotation": {"angle": 0, "axis": "y", "origin": [15.75, 15, 17]},
			"faces": {
				"north": {"uv": [0, 0, 0.5, 4], "texture": "#1"},
				"east": {"uv": [0, 0, 0.5, 4], "texture": "#1"},
				"south": {"uv": [0, 0, 0.5, 4], "texture": "#1"},
				"west": {"uv": [0, 0, 0.5, 4], "texture": "#1"},
				"up": {"uv": [0, 0, 0.5, 0.5], "texture": "#1"},
				"down": {"uv": [0, 0, 0.5, 0.5], "texture": "#1"}
			}
		},
		{
			"from": [7.75, 3, -2],
			"to": [8.25, 7, -1.5],
			"rotation": {"angle": 0, "axis": "y", "origin": [15.75, 11, 17]},
			"faces": {
				"north": {"uv": [0, 0, 0.5, 4], "texture": "#2"},
				"east": {"uv": [0, 0, 0.5, 4], "texture": "#2"},
				"south": {"uv": [0, 0, 0.5, 4], "texture": "#2"},
				"west": {"uv": [0, 0, 0.5, 4], "texture": "#2"},
				"up": {"uv": [0, 0, 0.5, 0.5], "texture": "#2"},
				"down": {"uv": [0, 0, 0.5, 0.5], "texture": "#2"}
			}
		}
	],
	"gui_light": "front",
	"display": {
		"thirdperson_righthand": {
			"rotation": [0, -180, 0],
			"translation": [0, 8, 0]
		},
		"thirdperson_lefthand": {
			"rotation": [0, -180, 0],
			"translation": [0, 8, 0]
		},
		"firstperson_righthand": {
			"rotation": [0, 45, 0],
			"scale": [0.4, 0.4, 0.4]
		},
		"firstperson_lefthand": {
			"rotation": [0, 225, 0],
			"scale": [0.4, 0.4, 0.4]
		},
		"ground": {
			"translation": [0, 3, 0],
			"scale": [0.25, 0.25, 0.25]
		},
		"gui": {
			"rotation": [30, 225, 0],
			"scale": [0.625, 0.625, 0.625]
		},
		"fixed": {
			"scale": [0.5, 0.5, 0.5]
		}
	},
	"groups": [
		{
			"name": "group",
			"origin": [15.75, 11, 9],
			"children": [0, 1, 2, 3, 4, 5, 6, 7, 8, 9, 10, 11, 12, 13, 14, 15, 16, 17, 18, 19, 20, 21, 22, 23, 24, 25, 26, 27, 28, 29, 30, 31, 32, 33, 34, 35]
		}
	]
}