{
		"textures": {
		"0": "block/anvil",
		"1": "block/red_concrete",
		"2": "block/white_concrete",
		"4": "block/yellow_concrete",
		"particle": "block/anvil"
	},
	"elements": [
		{
			"from": [4, 0, 4],
			"to": [12, 1, 12],
			"rotation": {"angle": 0, "axis": "y", "origin": [19, -7, 4.0625]},
			"faces": {
				"north": {"uv": [8, 0, 0, 1], "texture": "#4"},
				"east": {"uv": [0, 8, 1, 0], "rotation": 270, "texture": "#4"},
				"south": {"uv": [8, 0, 0, 1], "rotation": 180, "texture": "#4"},
				"west": {"uv": [0, 8, 1, 0], "rotation": 90, "texture": "#4"},
				"up": {"uv": [0, 16, 16, 0], "rotation": 180, "texture": "#4"},
				"down": {"uv": [0, 8, 8, 0], "texture": "#4"}
			}
		},
		{
			"from": [11, 1, 6],
			"to": [12, 3, 10],
			"rotation": {"angle": 0, "axis": "y", "origin": [19, -6, 0]},
			"faces": {
				"north": {"uv": [1, 0, 0, 2], "texture": "#0"},
				"east": {"uv": [0, 4, 2, 0], "rotation": 270, "texture": "#0"},
				"south": {"uv": [1, 0, 0, 2], "rotation": 180, "texture": "#0"},
				"west": {"uv": [0, 4, 2, 0], "rotation": 90, "texture": "#0"},
				"up": {"uv": [0, 4, 1, 0], "rotation": 180, "texture": "#0"},
				"down": {"uv": [0, 4, 1, 0], "texture": "#0"}
			}
		},
		{
			"from": [6, 1, 6],
			"to": [7, 3, 10],
			"rotation": {"angle": 0, "axis": "y", "origin": [14, -6, 0]},
			"faces": {
				"north": {"uv": [1, 0, 0, 2], "texture": "#0"},
				"east": {"uv": [0, 4, 2, 0], "rotation": 270, "texture": "#0"},
				"south": {"uv": [1, 0, 0, 2], "rotation": 180, "texture": "#0"},
				"west": {"uv": [0, 4, 2, 0], "rotation": 90, "texture": "#0"},
				"up": {"uv": [0, 4, 1, 0], "rotation": 180, "texture": "#0"},
				"down": {"uv": [0, 4, 1, 0], "texture": "#0"}
			}
		},
		{
			"from": [9, 1, 6],
			"to": [10, 3, 10],
			"rotation": {"angle": 0, "axis": "y", "origin": [17, -6, 0]},
			"faces": {
				"north": {"uv": [1, 0, 0, 2], "texture": "#0"},
				"east": {"uv": [0, 4, 2, 0], "rotation": 270, "texture": "#0"},
				"south": {"uv": [1, 0, 0, 2], "rotation": 180, "texture": "#0"},
				"west": {"uv": [0, 4, 2, 0], "rotation": 90, "texture": "#0"},
				"up": {"uv": [0, 4, 1, 0], "rotation": 180, "texture": "#0"},
				"down": {"uv": [0, 4, 1, 0], "texture": "#0"}
			}
		},
		{
			"from": [4, 1, 6],
			"to": [5, 3, 10],
			"rotation": {"angle": 0, "axis": "y", "origin": [12, -6, 0]},
			"faces": {
				"north": {"uv": [1, 0, 0, 2], "texture": "#0"},
				"east": {"uv": [0, 4, 2, 0], "rotation": 270, "texture": "#0"},
				"south": {"uv": [1, 0, 0, 2], "rotation": 180, "texture": "#0"},
				"west": {"uv": [0, 4, 2, 0], "rotation": 90, "texture": "#0"},
				"up": {"uv": [0, 4, 1, 0], "rotation": 180, "texture": "#0"},
				"down": {"uv": [0, 4, 1, 0], "texture": "#0"}
			}
		},
		{
			"from": [10, 1, 6.0625],
			"to": [11, 11, 7.0625],
			"rotation": {"angle": -22.5, "axis": "x", "origin": [10.5, 6, 6.5625]},
			"faces": {
				"north": {"uv": [1, 0, 0, 10], "texture": "#2"},
				"east": {"uv": [0, 1, 10, 0], "rotation": 270, "texture": "#2"},
				"south": {"uv": [1, 0, 0, 10], "rotation": 180, "texture": "#2"},
				"west": {"uv": [0, 1, 10, 0], "rotation": 90, "texture": "#2"},
				"up": {"uv": [0, 1, 1, 0], "rotation": 180, "texture": "#2"},
				"down": {"uv": [0, 1, 1, 0], "texture": "#2"}
			}
		},
		{
			"from": [6, 9.75, 5.8125],
			"to": [10, 11.25, 7.3125],
			"rotation": {"angle": -22.5, "axis": "x", "origin": [9.5, 6, 6.5625]},
			"faces": {
				"north": {"uv": [4, 0, 0, 1.5], "texture": "#1"},
				"east": {"uv": [0, 1.5, 1.5, 0], "rotation": 270, "texture": "#1"},
				"south": {"uv": [4, 0, 0, 1.5], "rotation": 180, "texture": "#1"},
				"west": {"uv": [0, 1.5, 1.5, 0], "rotation": 90, "texture": "#1"},
				"up": {"uv": [0, 1.5, 4, 0], "rotation": 180, "texture": "#1"},
				"down": {"uv": [0, 1.5, 4, 0], "texture": "#1"}
			}
		},
		{
			"from": [5, 1, 6.0625],
			"to": [6, 11, 7.0625],
			"rotation": {"angle": -22.5, "axis": "x", "origin": [5.5, 6, 6.5625]},
			"faces": {
				"north": {"uv": [1, 0, 0, 10], "texture": "#2"},
				"east": {"uv": [0, 1, 10, 0], "rotation": 270, "texture": "#2"},
				"south": {"uv": [1, 0, 0, 10], "rotation": 180, "texture": "#2"},
				"west": {"uv": [0, 1, 10, 0], "rotation": 90, "texture": "#2"},
				"up": {"uv": [0, 1, 1, 0], "rotation": 180, "texture": "#2"},
				"down": {"uv": [0, 1, 1, 0], "texture": "#2"}
			}
		}
	],
	"gui_light": "front",
	"display": {
		"thirdperson_righthand": {
			"rotation": [0, -180, 0],
			"translation": [0, 8, 0]
		},
		"thirdperson_lefthand": {
			"rotation": [0, -180, 0],
			"translation": [0, 8, 0]
		},
		"firstperson_righthand": {
			"rotation": [0, 45, 0],
			"scale": [0.4, 0.4, 0.4]
		},
		"firstperson_lefthand": {
			"rotation": [0, 225, 0],
			"scale": [0.4, 0.4, 0.4]
		},
		"ground": {
			"translation": [0, 3, 0],
			"scale": [0.25, 0.25, 0.25]
		},
		"gui": {
			"rotation": [30, 225, 0],
			"scale": [0.625, 0.625, 0.625]
		},
		"fixed": {
			"scale": [0.5, 0.5, 0.5]
		}
	},
	"groups": [
		{
			"name": "group",
			"origin": [5.5, 5, 20.5],
			"children": [0, 1, 2, 3, 4, 5, 6, 7]
		}
	]
}