{
	"format_version": "1.21.6",
	"textures": {
		"1": "block/light_gray_concrete",
		"3": "block/iron_block",
		"4": "block/andesite",
		"mileage_sign_back": "images/mileage_sign_back",
		"particle": "images/mileage_sign_m502_k03",
		"mileage_sign_front": "images/mileage_sign_m502_k03"
	},
	"elements": [
		{
			"from": [7.8125, 6, 7.05738],
			"to": [8.1875, 18, 7.43238],
			"rotation": {"angle": 0, "axis": "y", "origin": [8, 12, 7.24488]},
			"faces": {
				"north": {"uv": [0, 0, 0.5, 16], "texture": "#1"},
				"east": {"uv": [0, 0, 0.5, 16], "texture": "#1"},
				"south": {"uv": [0, 0, 0.5, 16], "texture": "#1"},
				"west": {"uv": [0, 0, 0.5, 16], "texture": "#1"},
				"up": {"uv": [0, 0, 0.5, 0.5], "texture": "#1"},
				"down": {"uv": [0, 0, 0.5, 0.5], "texture": "#1"}
			}
		},
		{
			"from": [7.52353, 6, 7.11486],
			"to": [7.89853, 18, 7.48986],
			"rotation": {"angle": 22.5, "axis": "y", "origin": [7.71103, 12, 7.30236]},
			"faces": {
				"north": {"uv": [0, 0, 0.5, 16], "texture": "#1"},
				"east": {"uv": [0, 0, 0.5, 16], "texture": "#1"},
				"south": {"uv": [0, 0, 0.5, 16], "texture": "#1"},
				"west": {"uv": [0, 0, 0.5, 16], "texture": "#1"},
				"up": {"uv": [0, 0, 0.5, 0.5], "texture": "#1"},
				"down": {"uv": [0, 0, 0.5, 0.5], "texture": "#1"}
			}
		},
		{
			"from": [7.27854, 6, 7.27854],
			"to": [7.65354, 18, 7.65354],
			"rotation": {"angle": 45, "axis": "y", "origin": [7.46604, 12, 7.46604]},
			"faces": {
				"north": {"uv": [0, 0, 0.5, 16], "texture": "#1"},
				"east": {"uv": [0, 0, 0.5, 16], "texture": "#1"},
				"south": {"uv": [0, 0, 0.5, 16], "texture": "#1"},
				"west": {"uv": [0, 0, 0.5, 16], "texture": "#1"},
				"up": {"uv": [0, 0, 0.5, 0.5], "texture": "#1"},
				"down": {"uv": [0, 0, 0.5, 0.5], "texture": "#1"}
			}
		},
		{
			"from": [8.56762, 6, 7.8125],
			"to": [8.94262, 18, 8.1875],
			"rotation": {"angle": 0, "axis": "y", "origin": [8.75512, 12, 8]},
			"faces": {
				"north": {"uv": [0, 0, 0.5, 16], "texture": "#1"},
				"east": {"uv": [0, 0, 0.5, 16], "texture": "#1"},
				"south": {"uv": [0, 0, 0.5, 16], "texture": "#1"},
				"west": {"uv": [0, 0, 0.5, 16], "texture": "#1"},
				"up": {"uv": [0, 0, 0.5, 0.5], "rotation": 90, "texture": "#1"},
				"down": {"uv": [0, 0, 0.5, 0.5], "rotation": 270, "texture": "#1"}
			}
		},
		{
			"from": [8.51014, 6, 7.52353],
			"to": [8.88514, 18, 7.89853],
			"rotation": {"angle": 22.5, "axis": "y", "origin": [8.69764, 12, 7.71103]},
			"faces": {
				"north": {"uv": [0, 0, 0.5, 16], "texture": "#1"},
				"east": {"uv": [0, 0, 0.5, 16], "texture": "#1"},
				"south": {"uv": [0, 0, 0.5, 16], "texture": "#1"},
				"west": {"uv": [0, 0, 0.5, 16], "texture": "#1"},
				"up": {"uv": [0, 0, 0.5, 0.5], "rotation": 90, "texture": "#1"},
				"down": {"uv": [0, 0, 0.5, 0.5], "rotation": 270, "texture": "#1"}
			}
		},
		{
			"from": [8.34646, 6, 7.27854],
			"to": [8.72146, 18, 7.65354],
			"rotation": {"angle": -45, "axis": "y", "origin": [8.53396, 12, 7.46604]},
			"faces": {
				"north": {"uv": [0, 0, 0.5, 16], "texture": "#1"},
				"east": {"uv": [0, 0, 0.5, 16], "texture": "#1"},
				"south": {"uv": [0, 0, 0.5, 16], "texture": "#1"},
				"west": {"uv": [0, 0, 0.5, 16], "texture": "#1"},
				"up": {"uv": [0, 0, 0.5, 0.5], "texture": "#1"},
				"down": {"uv": [0, 0, 0.5, 0.5], "texture": "#1"}
			}
		},
		{
			"from": [8.10148, 6, 7.11486],
			"to": [8.47648, 18, 7.48986],
			"rotation": {"angle": -22.5, "axis": "y", "origin": [8.28898, 12, 7.30236]},
			"faces": {
				"north": {"uv": [0, 0, 0.5, 16], "texture": "#1"},
				"east": {"uv": [0, 0, 0.5, 16], "texture": "#1"},
				"south": {"uv": [0, 0, 0.5, 16], "texture": "#1"},
				"west": {"uv": [0, 0, 0.5, 16], "texture": "#1"},
				"up": {"uv": [0, 0, 0.5, 0.5], "texture": "#1"},
				"down": {"uv": [0, 0, 0.5, 0.5], "texture": "#1"}
			}
		},
		{
			"from": [7.54552, 6, 8.16807],
			"to": [7.92052, 18, 8.54307],
			"rotation": {"angle": -45, "axis": "y", "origin": [7.3842, 12, 8.12249]},
			"faces": {
				"north": {"uv": [0, 0, 0.5, 16], "texture": "#1"},
				"east": {"uv": [0, 0, 0.5, 16], "texture": "#1"},
				"south": {"uv": [0, 0, 0.5, 16], "texture": "#1"},
				"west": {"uv": [0, 0, 0.5, 16], "texture": "#1"},
				"up": {"uv": [0, 0, 0.5, 0.5], "rotation": 180, "texture": "#1"},
				"down": {"uv": [0, 0, 0.5, 0.5], "rotation": 180, "texture": "#1"}
			}
		},
		{
			"from": [7.05738, 6, 8.05748],
			"to": [7.43238, 18, 8.43248],
			"rotation": {"angle": 22.5, "axis": "y", "origin": [7.3842, 12, 8.12249]},
			"faces": {
				"north": {"uv": [0, 0, 0.5, 16], "texture": "#1"},
				"east": {"uv": [0, 0, 0.5, 16], "texture": "#1"},
				"south": {"uv": [0, 0, 0.5, 16], "texture": "#1"},
				"west": {"uv": [0, 0, 0.5, 16], "texture": "#1"},
				"up": {"uv": [0, 0, 0.5, 0.5], "rotation": 270, "texture": "#1"},
				"down": {"uv": [0, 0, 0.5, 0.5], "rotation": 90, "texture": "#1"}
			}
		},
		{
			"from": [7.05738, 6, 7.8125],
			"to": [7.43238, 18, 8.1875],
			"rotation": {"angle": 0, "axis": "y", "origin": [7.3842, 12, 8.12249]},
			"faces": {
				"north": {"uv": [0, 0, 0.5, 16], "texture": "#1"},
				"east": {"uv": [0, 0, 0.5, 16], "texture": "#1"},
				"south": {"uv": [0, 0, 0.5, 16], "texture": "#1"},
				"west": {"uv": [0, 0, 0.5, 16], "texture": "#1"},
				"up": {"uv": [0, 0, 0.5, 0.5], "rotation": 270, "texture": "#1"},
				"down": {"uv": [0, 0, 0.5, 0.5], "rotation": 90, "texture": "#1"}
			}
		},
		{
			"from": [6.96363, 6, 7.58617],
			"to": [7.33863, 18, 7.96117],
			"rotation": {"angle": -22.5, "axis": "y", "origin": [7.3842, 12, 8.12249]},
			"faces": {
				"north": {"uv": [0, 0, 0.5, 16], "texture": "#1"},
				"east": {"uv": [0, 0, 0.5, 16], "texture": "#1"},
				"south": {"uv": [0, 0, 0.5, 16], "texture": "#1"},
				"west": {"uv": [0, 0, 0.5, 16], "texture": "#1"},
				"up": {"uv": [0, 0, 0.5, 0.5], "rotation": 270, "texture": "#1"},
				"down": {"uv": [0, 0, 0.5, 0.5], "rotation": 90, "texture": "#1"}
			}
		},
		{
			"from": [7.8125, 6, 8.56762],
			"to": [8.1875, 18, 8.94262],
			"rotation": {"angle": 0, "axis": "y", "origin": [8.20434, 12, 8.49331]},
			"faces": {
				"north": {"uv": [0, 0, 0.5, 16], "texture": "#1"},
				"east": {"uv": [0, 0, 0.5, 16], "texture": "#1"},
				"south": {"uv": [0, 0, 0.5, 16], "texture": "#1"},
				"west": {"uv": [0, 0, 0.5, 16], "texture": "#1"},
				"up": {"uv": [0, 0, 0.5, 0.5], "rotation": 180, "texture": "#1"},
				"down": {"uv": [0, 0, 0.5, 0.5], "rotation": 180, "texture": "#1"}
			}
		},
		{
			"from": [8.39439, 6, 7.92825],
			"to": [8.76939, 18, 8.30325],
			"rotation": {"angle": -22.5, "axis": "y", "origin": [8.20434, 12, 8.49331]},
			"faces": {
				"north": {"uv": [0, 0, 0.5, 16], "texture": "#1"},
				"east": {"uv": [0, 0, 0.5, 16], "texture": "#1"},
				"south": {"uv": [0, 0, 0.5, 16], "texture": "#1"},
				"west": {"uv": [0, 0, 0.5, 16], "texture": "#1"},
				"up": {"uv": [0, 0, 0.5, 0.5], "rotation": 90, "texture": "#1"},
				"down": {"uv": [0, 0, 0.5, 0.5], "rotation": 270, "texture": "#1"}
			}
		},
		{
			"from": [8.27866, 6, 8.10148],
			"to": [8.65366, 18, 8.47648],
			"rotation": {"angle": -45, "axis": "y", "origin": [8.20434, 12, 8.49331]},
			"faces": {
				"north": {"uv": [0, 0, 0.5, 16], "texture": "#1"},
				"east": {"uv": [0, 0, 0.5, 16], "texture": "#1"},
				"south": {"uv": [0, 0, 0.5, 16], "texture": "#1"},
				"west": {"uv": [0, 0, 0.5, 16], "texture": "#1"},
				"up": {"uv": [0, 0, 0.5, 0.5], "rotation": 90, "texture": "#1"},
				"down": {"uv": [0, 0, 0.5, 0.5], "rotation": 270, "texture": "#1"}
			}
		},
		{
			"from": [8.01684, 6, 8.52698],
			"to": [8.39184, 18, 8.90198],
			"rotation": {"angle": 22.5, "axis": "y", "origin": [8.20434, 12, 8.49331]},
			"faces": {
				"north": {"uv": [0, 0, 0.5, 16], "texture": "#1"},
				"east": {"uv": [0, 0, 0.5, 16], "texture": "#1"},
				"south": {"uv": [0, 0, 0.5, 16], "texture": "#1"},
				"west": {"uv": [0, 0, 0.5, 16], "texture": "#1"},
				"up": {"uv": [0, 0, 0.5, 0.5], "rotation": 180, "texture": "#1"},
				"down": {"uv": [0, 0, 0.5, 0.5], "rotation": 180, "texture": "#1"}
			}
		},
		{
			"from": [7.63927, 6, 8.68337],
			"to": [8.01427, 18, 9.05837],
			"rotation": {"angle": -22.5, "axis": "y", "origin": [8.20434, 12, 8.49331]},
			"faces": {
				"north": {"uv": [0, 0, 0.5, 16], "texture": "#1"},
				"east": {"uv": [0, 0, 0.5, 16], "texture": "#1"},
				"south": {"uv": [0, 0, 0.5, 16], "texture": "#1"},
				"west": {"uv": [0, 0, 0.5, 16], "texture": "#1"},
				"up": {"uv": [0, 0, 0.5, 0.5], "rotation": 180, "texture": "#1"},
				"down": {"uv": [0, 0, 0.5, 0.5], "rotation": 180, "texture": "#1"}
			}
		},
		{
			"from": [7.27854, -16, 7.27854],
			"to": [7.65354, 6, 7.65354],
			"rotation": {"angle": 45, "axis": "y", "origin": [7.46604, -10, 7.46604]},
			"faces": {
				"north": {"uv": [0, 0, 0.5, 16], "texture": "#1"},
				"east": {"uv": [0, 0, 0.5, 16], "texture": "#1"},
				"south": {"uv": [0, 0, 0.5, 16], "texture": "#1"},
				"west": {"uv": [0, 0, 0.5, 16], "texture": "#1"},
				"up": {"uv": [0, 0, 0.5, 0.5], "texture": "#1"},
				"down": {"uv": [0, 0, 0.5, 0.5], "texture": "#1"}
			}
		},
		{
			"from": [7.8125, -16, 7.05738],
			"to": [8.1875, 6, 7.43238],
			"rotation": {"angle": 0, "axis": "y", "origin": [8, -10, 7.24488]},
			"faces": {
				"north": {"uv": [0, 0, 0.5, 16], "texture": "#1"},
				"east": {"uv": [0, 0, 0.5, 16], "texture": "#1"},
				"south": {"uv": [0, 0, 0.5, 16], "texture": "#1"},
				"west": {"uv": [0, 0, 0.5, 16], "texture": "#1"},
				"up": {"uv": [0, 0, 0.5, 0.5], "texture": "#1"},
				"down": {"uv": [0, 0, 0.5, 0.5], "texture": "#1"}
			}
		},
		{
			"from": [8.10148, -16, 7.11486],
			"to": [8.47648, 6, 7.48986],
			"rotation": {"angle": -22.5, "axis": "y", "origin": [8.28898, -10, 7.30236]},
			"faces": {
				"north": {"uv": [0, 0, 0.5, 16], "texture": "#1"},
				"east": {"uv": [0, 0, 0.5, 16], "texture": "#1"},
				"south": {"uv": [0, 0, 0.5, 16], "texture": "#1"},
				"west": {"uv": [0, 0, 0.5, 16], "texture": "#1"},
				"up": {"uv": [0, 0, 0.5, 0.5], "texture": "#1"},
				"down": {"uv": [0, 0, 0.5, 0.5], "texture": "#1"}
			}
		},
		{
			"from": [8.34646, -16, 7.27854],
			"to": [8.72146, 6, 7.65354],
			"rotation": {"angle": -45, "axis": "y", "origin": [8.53396, -10, 7.46604]},
			"faces": {
				"north": {"uv": [0, 0, 0.5, 16], "texture": "#1"},
				"east": {"uv": [0, 0, 0.5, 16], "texture": "#1"},
				"south": {"uv": [0, 0, 0.5, 16], "texture": "#1"},
				"west": {"uv": [0, 0, 0.5, 16], "texture": "#1"},
				"up": {"uv": [0, 0, 0.5, 0.5], "texture": "#1"},
				"down": {"uv": [0, 0, 0.5, 0.5], "texture": "#1"}
			}
		},
		{
			"from": [8.51014, -16, 7.52353],
			"to": [8.88514, 6, 7.89853],
			"rotation": {"angle": 22.5, "axis": "y", "origin": [8.69764, -10, 7.71103]},
			"faces": {
				"north": {"uv": [0, 0, 0.5, 16], "texture": "#1"},
				"east": {"uv": [0, 0, 0.5, 16], "texture": "#1"},
				"south": {"uv": [0, 0, 0.5, 16], "texture": "#1"},
				"west": {"uv": [0, 0, 0.5, 16], "texture": "#1"},
				"up": {"uv": [0, 0, 0.5, 0.5], "rotation": 90, "texture": "#1"},
				"down": {"uv": [0, 0, 0.5, 0.5], "rotation": 270, "texture": "#1"}
			}
		},
		{
			"from": [8.56762, -16, 7.8125],
			"to": [8.94262, 6, 8.1875],
			"rotation": {"angle": 0, "axis": "y", "origin": [8.75512, -10, 8]},
			"faces": {
				"north": {"uv": [0, 0, 0.5, 16], "texture": "#1"},
				"east": {"uv": [0, 0, 0.5, 16], "texture": "#1"},
				"south": {"uv": [0, 0, 0.5, 16], "texture": "#1"},
				"west": {"uv": [0, 0, 0.5, 16], "texture": "#1"},
				"up": {"uv": [0, 0, 0.5, 0.5], "rotation": 90, "texture": "#1"},
				"down": {"uv": [0, 0, 0.5, 0.5], "rotation": 270, "texture": "#1"}
			}
		},
		{
			"from": [7.63927, -16, 8.68337],
			"to": [8.01427, 6, 9.05837],
			"rotation": {"angle": -22.5, "axis": "y", "origin": [8.20434, -10, 8.49331]},
			"faces": {
				"north": {"uv": [0, 0, 0.5, 16], "texture": "#1"},
				"east": {"uv": [0, 0, 0.5, 16], "texture": "#1"},
				"south": {"uv": [0, 0, 0.5, 16], "texture": "#1"},
				"west": {"uv": [0, 0, 0.5, 16], "texture": "#1"},
				"up": {"uv": [0, 0, 0.5, 0.5], "rotation": 180, "texture": "#1"},
				"down": {"uv": [0, 0, 0.5, 0.5], "rotation": 180, "texture": "#1"}
			}
		},
		{
			"from": [8.01684, -16, 8.52698],
			"to": [8.39184, 6, 8.90198],
			"rotation": {"angle": 22.5, "axis": "y", "origin": [8.20434, -10, 8.49331]},
			"faces": {
				"north": {"uv": [0, 0, 0.5, 16], "texture": "#1"},
				"east": {"uv": [0, 0, 0.5, 16], "texture": "#1"},
				"south": {"uv": [0, 0, 0.5, 16], "texture": "#1"},
				"west": {"uv": [0, 0, 0.5, 16], "texture": "#1"},
				"up": {"uv": [0, 0, 0.5, 0.5], "rotation": 180, "texture": "#1"},
				"down": {"uv": [0, 0, 0.5, 0.5], "rotation": 180, "texture": "#1"}
			}
		},
		{
			"from": [8.27866, -16, 8.10148],
			"to": [8.65366, 6, 8.47648],
			"rotation": {"angle": -45, "axis": "y", "origin": [8.20434, -10, 8.49331]},
			"faces": {
				"north": {"uv": [0, 0, 0.5, 16], "texture": "#1"},
				"east": {"uv": [0, 0, 0.5, 16], "texture": "#1"},
				"south": {"uv": [0, 0, 0.5, 16], "texture": "#1"},
				"west": {"uv": [0, 0, 0.5, 16], "texture": "#1"},
				"up": {"uv": [0, 0, 0.5, 0.5], "rotation": 90, "texture": "#1"},
				"down": {"uv": [0, 0, 0.5, 0.5], "rotation": 270, "texture": "#1"}
			}
		},
		{
			"from": [8.39439, -16, 7.92825],
			"to": [8.76939, 6, 8.30325],
			"rotation": {"angle": -22.5, "axis": "y", "origin": [8.20434, -10, 8.49331]},
			"faces": {
				"north": {"uv": [0, 0, 0.5, 16], "texture": "#1"},
				"east": {"uv": [0, 0, 0.5, 16], "texture": "#1"},
				"south": {"uv": [0, 0, 0.5, 16], "texture": "#1"},
				"west": {"uv": [0, 0, 0.5, 16], "texture": "#1"},
				"up": {"uv": [0, 0, 0.5, 0.5], "rotation": 90, "texture": "#1"},
				"down": {"uv": [0, 0, 0.5, 0.5], "rotation": 270, "texture": "#1"}
			}
		},
		{
			"from": [7.8125, -16, 8.56762],
			"to": [8.1875, 6, 8.94262],
			"rotation": {"angle": 0, "axis": "y", "origin": [8.20434, -10, 8.49331]},
			"faces": {
				"north": {"uv": [0, 0, 0.5, 16], "texture": "#1"},
				"east": {"uv": [0, 0, 0.5, 16], "texture": "#1"},
				"south": {"uv": [0, 0, 0.5, 16], "texture": "#1"},
				"west": {"uv": [0, 0, 0.5, 16], "texture": "#1"},
				"up": {"uv": [0, 0, 0.5, 0.5], "rotation": 180, "texture": "#1"},
				"down": {"uv": [0, 0, 0.5, 0.5], "rotation": 180, "texture": "#1"}
			}
		},
		{
			"from": [6.96363, -16, 7.58617],
			"to": [7.33863, 6, 7.96117],
			"rotation": {"angle": -22.5, "axis": "y", "origin": [7.3842, -10, 8.12249]},
			"faces": {
				"north": {"uv": [0, 0, 0.5, 16], "texture": "#1"},
				"east": {"uv": [0, 0, 0.5, 16], "texture": "#1"},
				"south": {"uv": [0, 0, 0.5, 16], "texture": "#1"},
				"west": {"uv": [0, 0, 0.5, 16], "texture": "#1"},
				"up": {"uv": [0, 0, 0.5, 0.5], "rotation": 270, "texture": "#1"},
				"down": {"uv": [0, 0, 0.5, 0.5], "rotation": 90, "texture": "#1"}
			}
		},
		{
			"from": [7.05738, -16, 7.8125],
			"to": [7.43238, 6, 8.1875],
			"rotation": {"angle": 0, "axis": "y", "origin": [7.3842, -10, 8.12249]},
			"faces": {
				"north": {"uv": [0, 0, 0.5, 16], "texture": "#1"},
				"east": {"uv": [0, 0, 0.5, 16], "texture": "#1"},
				"south": {"uv": [0, 0, 0.5, 16], "texture": "#1"},
				"west": {"uv": [0, 0, 0.5, 16], "texture": "#1"},
				"up": {"uv": [0, 0, 0.5, 0.5], "rotation": 270, "texture": "#1"},
				"down": {"uv": [0, 0, 0.5, 0.5], "rotation": 90, "texture": "#1"}
			}
		},
		{
			"from": [7.05738, -16, 8.05748],
			"to": [7.43238, 6, 8.43248],
			"rotation": {"angle": 22.5, "axis": "y", "origin": [7.3842, -10, 8.12249]},
			"faces": {
				"north": {"uv": [0, 0, 0.5, 16], "texture": "#1"},
				"east": {"uv": [0, 0, 0.5, 16], "texture": "#1"},
				"south": {"uv": [0, 0, 0.5, 16], "texture": "#1"},
				"west": {"uv": [0, 0, 0.5, 16], "texture": "#1"},
				"up": {"uv": [0, 0, 0.5, 0.5], "rotation": 270, "texture": "#1"},
				"down": {"uv": [0, 0, 0.5, 0.5], "rotation": 90, "texture": "#1"}
			}
		},
		{
			"from": [7.54552, -16, 8.16807],
			"to": [7.92052, 6, 8.54307],
			"rotation": {"angle": -45, "axis": "y", "origin": [7.3842, -10, 8.12249]},
			"faces": {
				"north": {"uv": [0, 0, 0.5, 16], "texture": "#1"},
				"east": {"uv": [0, 0, 0.5, 16], "texture": "#1"},
				"south": {"uv": [0, 0, 0.5, 16], "texture": "#1"},
				"west": {"uv": [0, 0, 0.5, 16], "texture": "#1"},
				"up": {"uv": [0, 0, 0.5, 0.5], "rotation": 180, "texture": "#1"},
				"down": {"uv": [0, 0, 0.5, 0.5], "rotation": 180, "texture": "#1"}
			}
		},
		{
			"from": [7.52353, -16, 7.11486],
			"to": [7.89853, 6, 7.48986],
			"rotation": {"angle": 22.5, "axis": "y", "origin": [7.71103, -10, 7.30236]},
			"faces": {
				"north": {"uv": [0, 0, 0.5, 16], "texture": "#1"},
				"east": {"uv": [0, 0, 0.5, 16], "texture": "#1"},
				"south": {"uv": [0, 0, 0.5, 16], "texture": "#1"},
				"west": {"uv": [0, 0, 0.5, 16], "texture": "#1"},
				"up": {"uv": [0, 0, 0.5, 0.5], "texture": "#1"},
				"down": {"uv": [0, 0, 0.5, 0.5], "texture": "#1"}
			}
		},
		{
			"from": [7.27854, 18, 7.27854],
			"to": [7.65354, 24, 7.65354],
			"rotation": {"angle": 45, "axis": "y", "origin": [7.46604, 24, 7.46604]},
			"faces": {
				"north": {"uv": [0, 0, 0.5, 8], "texture": "#1"},
				"east": {"uv": [0, 0, 0.5, 8], "texture": "#1"},
				"south": {"uv": [0, 0, 0.5, 8], "texture": "#1"},
				"west": {"uv": [0, 0, 0.5, 8], "texture": "#1"},
				"up": {"uv": [0, 0, 0.5, 0.5], "texture": "#1"},
				"down": {"uv": [0, 0, 0.5, 0.5], "texture": "#1"}
			}
		},
		{
			"from": [7.8125, 18, 7.05738],
			"to": [8.1875, 24, 7.43238],
			"rotation": {"angle": 0, "axis": "y", "origin": [8, 24, 7.24488]},
			"faces": {
				"north": {"uv": [0, 0, 0.5, 8], "texture": "#1"},
				"east": {"uv": [0, 0, 0.5, 8], "texture": "#1"},
				"south": {"uv": [0, 0, 0.5, 8], "texture": "#1"},
				"west": {"uv": [0, 0, 0.5, 8], "texture": "#1"},
				"up": {"uv": [0, 0, 0.5, 0.5], "texture": "#1"},
				"down": {"uv": [0, 0, 0.5, 0.5], "texture": "#1"}
			}
		},
		{
			"from": [8.10148, 18, 7.11486],
			"to": [8.47648, 24.75, 8.98986],
			"rotation": {"angle": -22.5, "axis": "y", "origin": [8.28898, 24, 7.30236]},
			"faces": {
				"north": {"uv": [0, 0, 0.5, 9], "texture": "#1"},
				"east": {"uv": [0, 0, 2.5, 9], "texture": "#1"},
				"south": {"uv": [0, 0, 0.5, 9], "texture": "#1"},
				"west": {"uv": [0, 0, 2.5, 9], "texture": "#1"},
				"up": {"uv": [0, 0, 0.5, 2.5], "texture": "#1"},
				"down": {"uv": [0, 0, 0.5, 2.5], "texture": "#1"}
			}
		},
		{
			"from": [8.34646, 18, 7.27854],
			"to": [8.72146, 24.75, 9.15354],
			"rotation": {"angle": -45, "axis": "y", "origin": [8.53396, 24, 7.46604]},
			"faces": {
				"north": {"uv": [0, 0, 0.5, 9], "texture": "#1"},
				"east": {"uv": [0, 0, 2.5, 9], "texture": "#1"},
				"south": {"uv": [0, 0, 0.5, 9], "texture": "#1"},
				"west": {"uv": [0, 0, 2.5, 9], "texture": "#1"},
				"up": {"uv": [0, 0, 0.5, 2.5], "texture": "#1"},
				"down": {"uv": [0, 0, 0.5, 2.5], "texture": "#1"}
			}
		},
		{
			"from": [7.01014, 18, 7.52353],
			"to": [8.88514, 24.75, 7.89853],
			"rotation": {"angle": 22.5, "axis": "y", "origin": [8.69764, 24, 7.71103]},
			"faces": {
				"north": {"uv": [0, 0, 2.5, 9], "texture": "#1"},
				"east": {"uv": [0, 0, 0.5, 9], "texture": "#1"},
				"south": {"uv": [0, 0, 2.5, 9], "texture": "#1"},
				"west": {"uv": [0, 0, 0.5, 9], "texture": "#1"},
				"up": {"uv": [0, 0, 0.5, 2.5], "rotation": 90, "texture": "#1"},
				"down": {"uv": [0, 0, 0.5, 2.5], "rotation": 270, "texture": "#1"}
			}
		},
		{
			"from": [7.06762, 18, 7.8125],
			"to": [8.94262, 24.75, 8.1875],
			"rotation": {"angle": 0, "axis": "y", "origin": [8.75512, 24, 8]},
			"faces": {
				"north": {"uv": [0, 0, 2.5, 9], "texture": "#1"},
				"east": {"uv": [0, 0, 0.5, 9], "texture": "#1"},
				"south": {"uv": [0, 0, 2.5, 9], "texture": "#1"},
				"west": {"uv": [0, 0, 0.5, 9], "texture": "#1"},
				"up": {"uv": [0, 0, 0.5, 2.5], "rotation": 90, "texture": "#1"},
				"down": {"uv": [0, 0, 0.5, 2.5], "rotation": 270, "texture": "#1"}
			}
		},
		{
			"from": [7.63927, 18, 8.68337],
			"to": [8.01427, 24.75, 9.05837],
			"rotation": {"angle": -22.5, "axis": "y", "origin": [8.20434, 24, 8.49331]},
			"faces": {
				"north": {"uv": [0, 0, 0.5, 9], "texture": "#1"},
				"east": {"uv": [0, 0, 0.5, 9], "texture": "#1"},
				"south": {"uv": [0, 0, 0.5, 9], "texture": "#1"},
				"west": {"uv": [0, 0, 0.5, 9], "texture": "#1"},
				"up": {"uv": [0, 0, 0.5, 0.5], "rotation": 180, "texture": "#1"},
				"down": {"uv": [0, 0, 0.5, 0.5], "rotation": 180, "texture": "#1"}
			}
		},
		{
			"from": [8.01684, 18, 7.02698],
			"to": [8.39184, 24.75, 8.90198],
			"rotation": {"angle": 22.5, "axis": "y", "origin": [8.20434, 24, 8.49331]},
			"faces": {
				"north": {"uv": [0, 0, 0.5, 9], "texture": "#1"},
				"east": {"uv": [0, 0, 2.5, 9], "texture": "#1"},
				"south": {"uv": [0, 0, 0.5, 9], "texture": "#1"},
				"west": {"uv": [0, 0, 2.5, 9], "texture": "#1"},
				"up": {"uv": [0, 0, 0.5, 2.5], "rotation": 180, "texture": "#1"},
				"down": {"uv": [0, 0, 0.5, 2.5], "rotation": 180, "texture": "#1"}
			}
		},
		{
			"from": [6.77866, 18, 8.10148],
			"to": [8.65366, 24.75, 8.47648],
			"rotation": {"angle": -45, "axis": "y", "origin": [8.20434, 24, 8.49331]},
			"faces": {
				"north": {"uv": [0, 0, 2.5, 9], "texture": "#1"},
				"east": {"uv": [0, 0, 0.5, 9], "texture": "#1"},
				"south": {"uv": [0, 0, 2.5, 9], "texture": "#1"},
				"west": {"uv": [0, 0, 0.5, 9], "texture": "#1"},
				"up": {"uv": [0, 0, 0.5, 2.5], "rotation": 90, "texture": "#1"},
				"down": {"uv": [0, 0, 0.5, 2.5], "rotation": 270, "texture": "#1"}
			}
		},
		{
			"from": [6.89439, 18, 7.92825],
			"to": [8.76939, 24.75, 8.30325],
			"rotation": {"angle": -22.5, "axis": "y", "origin": [8.20434, 24, 8.49331]},
			"faces": {
				"north": {"uv": [0, 0, 2.5, 9], "texture": "#1"},
				"east": {"uv": [0, 0, 0.5, 9], "texture": "#1"},
				"south": {"uv": [0, 0, 2.5, 9], "texture": "#1"},
				"west": {"uv": [0, 0, 0.5, 9], "texture": "#1"},
				"up": {"uv": [0, 0, 0.5, 2.5], "rotation": 90, "texture": "#1"},
				"down": {"uv": [0, 0, 0.5, 2.5], "rotation": 270, "texture": "#1"}
			}
		},
		{
			"from": [7.8125, 18, 7.06762],
			"to": [8.1875, 24.75, 8.94262],
			"rotation": {"angle": 0, "axis": "y", "origin": [8.20434, 24, 8.49331]},
			"faces": {
				"north": {"uv": [0, 0, 0.5, 9], "texture": "#1"},
				"east": {"uv": [0, 0, 2.5, 9], "texture": "#1"},
				"south": {"uv": [0, 0, 0.5, 9], "texture": "#1"},
				"west": {"uv": [0, 0, 2.5, 9], "texture": "#1"},
				"up": {"uv": [0, 0, 0.5, 2.5], "rotation": 180, "texture": "#1"},
				"down": {"uv": [0, 0, 0.5, 2.5], "rotation": 180, "texture": "#1"}
			}
		},
		{
			"from": [6.96363, 18, 7.58617],
			"to": [7.33863, 24.75, 7.96117],
			"rotation": {"angle": -22.5, "axis": "y", "origin": [7.3842, 24, 8.12249]},
			"faces": {
				"north": {"uv": [0, 0, 0.5, 9], "texture": "#1"},
				"east": {"uv": [0, 0, 0.5, 9], "texture": "#1"},
				"south": {"uv": [0, 0, 0.5, 9], "texture": "#1"},
				"west": {"uv": [0, 0, 0.5, 9], "texture": "#1"},
				"up": {"uv": [0, 0, 0.5, 0.5], "rotation": 270, "texture": "#1"},
				"down": {"uv": [0, 0, 0.5, 0.5], "rotation": 90, "texture": "#1"}
			}
		},
		{
			"from": [7.05738, 18, 7.8125],
			"to": [7.43238, 24.75, 8.1875],
			"rotation": {"angle": 0, "axis": "y", "origin": [7.3842, 24, 8.12249]},
			"faces": {
				"north": {"uv": [0, 0, 0.5, 9], "texture": "#1"},
				"east": {"uv": [0, 0, 0.5, 9], "texture": "#1"},
				"south": {"uv": [0, 0, 0.5, 9], "texture": "#1"},
				"west": {"uv": [0, 0, 0.5, 9], "texture": "#1"},
				"up": {"uv": [0, 0, 0.5, 0.5], "rotation": 270, "texture": "#1"},
				"down": {"uv": [0, 0, 0.5, 0.5], "rotation": 90, "texture": "#1"}
			}
		},
		{
			"from": [7.05738, 18, 8.05748],
			"to": [7.43238, 24.75, 8.43248],
			"rotation": {"angle": 22.5, "axis": "y", "origin": [7.3842, 24, 8.12249]},
			"faces": {
				"north": {"uv": [0, 0, 0.5, 9], "texture": "#1"},
				"east": {"uv": [0, 0, 0.5, 9], "texture": "#1"},
				"south": {"uv": [0, 0, 0.5, 9], "texture": "#1"},
				"west": {"uv": [0, 0, 0.5, 9], "texture": "#1"},
				"up": {"uv": [0, 0, 0.5, 0.5], "rotation": 270, "texture": "#1"},
				"down": {"uv": [0, 0, 0.5, 0.5], "rotation": 90, "texture": "#1"}
			}
		},
		{
			"from": [7.54552, 18, 8.16807],
			"to": [7.92052, 24.75, 8.54307],
			"rotation": {"angle": -45, "axis": "y", "origin": [7.3842, 24, 8.12249]},
			"faces": {
				"north": {"uv": [0, 0, 0.5, 9], "texture": "#1"},
				"east": {"uv": [0, 0, 0.5, 9], "texture": "#1"},
				"south": {"uv": [0, 0, 0.5, 9], "texture": "#1"},
				"west": {"uv": [0, 0, 0.5, 9], "texture": "#1"},
				"up": {"uv": [0, 0, 0.5, 0.5], "rotation": 180, "texture": "#1"},
				"down": {"uv": [0, 0, 0.5, 0.5], "rotation": 180, "texture": "#1"}
			}
		},
		{
			"from": [7.52353, 18, 7.11486],
			"to": [7.89853, 24.75, 7.48986],
			"rotation": {"angle": 22.5, "axis": "y", "origin": [7.71103, 24, 7.30236]},
			"faces": {
				"north": {"uv": [0, 0, 0.5, 9], "texture": "#1"},
				"east": {"uv": [0, 0, 0.5, 9], "texture": "#1"},
				"south": {"uv": [0, 0, 0.5, 9], "texture": "#1"},
				"west": {"uv": [0, 0, 0.5, 9], "texture": "#1"},
				"up": {"uv": [0, 0, 0.5, 0.5], "texture": "#1"},
				"down": {"uv": [0, 0, 0.5, 0.5], "texture": "#1"}
			}
		},
		{
			"from": [2.33, 18, 6.425],
			"to": [13.67, 26.415, 6.5],
			"rotation": {"angle": 0, "axis": "y", "origin": [4.58, 6, 7.25]},
			"faces": {
				"north": {"uv": [0, 2.25, 16, 13.73563], "texture": "#mileage_sign_front"},
				"south": {"uv": [0, 2.25, 16, 13.73563], "texture": "#mileage_sign_back"}
			}
		},
		{
			"from": [2.75, 26.33925, 6.425],
			"to": [13.25, 26.41425, 6.6125],
			"rotation": {"angle": 0, "axis": "y", "origin": [2.75, 6.16425, 1.925]},
			"faces": {
				"east": {"uv": [0, 0, 0.25, 0.1], "texture": "#3"},
				"south": {"uv": [0, 0, 14, 0.1], "texture": "#3"},
				"west": {"uv": [0, 0, 0.25, 0.1], "texture": "#3"},
				"up": {"uv": [0, 0, 14, 0.25], "texture": "#3"},
				"down": {"uv": [0, 0, 14, 0.25], "texture": "#3"}
			}
		},
		{
			"from": [5.375, 18, 6.425],
			"to": [10.625, 18.075, 6.6125],
			"rotation": {"angle": 0, "axis": "y", "origin": [5.375, 6.075, 1.925]},
			"faces": {
				"east": {"uv": [0, 0, 0.25, 0.1], "texture": "#3"},
				"south": {"uv": [0, 0, 7, 0.1], "texture": "#3"},
				"west": {"uv": [0, 0, 0.25, 0.1], "texture": "#3"},
				"up": {"uv": [0, 0, 7, 0.25], "texture": "#3"},
				"down": {"uv": [0, 0, 7, 0.25], "texture": "#3"}
			}
		},
		{
			"from": [2.33, 20.8125, 6.425],
			"to": [2.405, 26.0625, 6.6125],
			"rotation": {"angle": 0, "axis": "y", "origin": [2.33, 5.25, 2.675]},
			"faces": {
				"east": {"uv": [0, 0, 0.25, 7], "texture": "#3"},
				"south": {"uv": [0, 0, 0.1, 7], "texture": "#3"},
				"west": {"uv": [0, 0, 0.25, 7], "texture": "#3"},
				"up": {"uv": [0, 0, 0.1, 0.25], "texture": "#3"},
				"down": {"uv": [0, 0, 0.1, 0.25], "texture": "#3"}
			}
		},
		{
			"from": [13.595, 20.8125, 6.425],
			"to": [13.67, 26.0625, 6.6125],
			"rotation": {"angle": 0, "axis": "y", "origin": [13.67, 5.25, 2.675]},
			"faces": {
				"east": {"uv": [0.25, 0, 0, 7], "texture": "#3"},
				"south": {"uv": [0.1, 0, 0, 7], "texture": "#3"},
				"west": {"uv": [0.25, 0, 0, 7], "texture": "#3"},
				"up": {"uv": [0.1, 0, 0, 0.25], "texture": "#3"},
				"down": {"uv": [0.1, 0, 0, 0.25], "texture": "#3"}
			}
		},
		{
			"from": [2.4125, 23.7375, 6.5],
			"to": [13.6025, 24, 6.575],
			"rotation": {"angle": 0, "axis": "y", "origin": [2, 6, 2]},
			"faces": {
				"north": {"uv": [0, 0, 14.92, 0.35], "texture": "#3"},
				"east": {"uv": [0, 0, 0.1, 0.35], "texture": "#3"},
				"south": {"uv": [0, 0, 14.92, 0.35], "texture": "#3"},
				"west": {"uv": [0, 0, 0.1, 0.35], "texture": "#3"},
				"up": {"uv": [0, 0, 14.92, 0.1], "texture": "#3"},
				"down": {"uv": [0, 0, 14.92, 0.1], "texture": "#3"}
			}
		},
		{
			"from": [6.95, 23.8125, 6.575],
			"to": [7.0625, 23.925, 8.975],
			"rotation": {"angle": 0, "axis": "y", "origin": [2, 6, 2]},
			"faces": {
				"north": {"uv": [0, 0, 0.15, 0.15], "texture": "#3"},
				"east": {"uv": [0, 0, 3.2, 0.15], "texture": "#3"},
				"south": {"uv": [0, 0, 0.15, 0.15], "texture": "#3"},
				"west": {"uv": [0, 0, 3.2, 0.15], "texture": "#3"},
				"up": {"uv": [0, 0, 0.15, 3.2], "texture": "#3"},
				"down": {"uv": [0, 0, 0.15, 3.2], "texture": "#3"}
			}
		},
		{
			"from": [8.9375, 23.8125, 6.575],
			"to": [9.05, 23.925, 8.975],
			"rotation": {"angle": 0, "axis": "y", "origin": [14, 6, 2]},
			"faces": {
				"north": {"uv": [0.15, 0, 0.3, 0.15], "texture": "#3"},
				"east": {"uv": [3.1, 0, 6.3, 0.15], "texture": "#3"},
				"south": {"uv": [0.15, 0, 0.3, 0.15], "texture": "#3"},
				"west": {"uv": [3.1, 0, 6.3, 0.15], "texture": "#3"},
				"up": {"uv": [0.15, 0, 0.3, 3.2], "texture": "#3"},
				"down": {"uv": [0.15, 0, 0.3, 3.2], "texture": "#3"}
			}
		},
		{
			"from": [7.0625, 23.8125, 8.8625],
			"to": [8.9375, 23.925, 8.975],
			"rotation": {"angle": 0, "axis": "y", "origin": [14, 6, 2]},
			"faces": {
				"north": {"uv": [0.15, 0, 2.65, 0.15], "texture": "#3"},
				"east": {"uv": [3.1, 0, 3.25, 0.15], "texture": "#3"},
				"south": {"uv": [0.15, 0, 2.65, 0.15], "texture": "#3"},
				"west": {"uv": [3.1, 0, 3.25, 0.15], "texture": "#3"},
				"up": {"uv": [0.15, 0, 2.65, 0.15], "texture": "#3"},
				"down": {"uv": [0.15, 0, 2.65, 0.15], "texture": "#3"}
			}
		},
		{
			"from": [7.0625, 23.8125, 6.9875],
			"to": [8.9375, 23.925, 7.1],
			"rotation": {"angle": 0, "axis": "y", "origin": [14, 6, 2]},
			"faces": {
				"north": {"uv": [0.15, 0, 2.65, 0.15], "texture": "#3"},
				"east": {"uv": [3.1, 0, 3.25, 0.15], "texture": "#3"},
				"south": {"uv": [0.15, 0, 2.65, 0.15], "texture": "#3"},
				"west": {"uv": [3.1, 0, 3.25, 0.15], "texture": "#3"},
				"up": {"uv": [0.15, 0, 2.65, 0.15], "texture": "#3"},
				"down": {"uv": [0.15, 0, 2.65, 0.15], "texture": "#3"}
			}
		},
		{
			"from": [6.95, 21.5625, 6.575],
			"to": [7.0625, 21.675, 8.975],
			"rotation": {"angle": 0, "axis": "y", "origin": [2, 6, 2]},
			"faces": {
				"north": {"uv": [0, 0, 0.15, 0.15], "texture": "#3"},
				"east": {"uv": [0, 0, 3.2, 0.15], "texture": "#3"},
				"south": {"uv": [0, 0, 0.15, 0.15], "texture": "#3"},
				"west": {"uv": [0, 0, 3.2, 0.15], "texture": "#3"},
				"up": {"uv": [0, 0, 0.15, 3.2], "texture": "#3"},
				"down": {"uv": [0, 0, 0.15, 3.2], "texture": "#3"}
			}
		},
		{
			"from": [8.9375, 21.5625, 6.575],
			"to": [9.05, 21.675, 8.975],
			"rotation": {"angle": 0, "axis": "y", "origin": [14, 6, 2]},
			"faces": {
				"north": {"uv": [0.15, 0, 0.3, 0.15], "texture": "#3"},
				"east": {"uv": [3.1, 0, 6.3, 0.15], "texture": "#3"},
				"south": {"uv": [0.15, 0, 0.3, 0.15], "texture": "#3"},
				"west": {"uv": [3.1, 0, 6.3, 0.15], "texture": "#3"},
				"up": {"uv": [0.15, 0, 0.3, 3.2], "texture": "#3"},
				"down": {"uv": [0.15, 0, 0.3, 3.2], "texture": "#3"}
			}
		},
		{
			"from": [7.0625, 21.5625, 8.8625],
			"to": [8.9375, 21.675, 8.975],
			"rotation": {"angle": 0, "axis": "y", "origin": [14, 6, 2]},
			"faces": {
				"north": {"uv": [0.15, 0, 2.65, 0.15], "texture": "#3"},
				"east": {"uv": [3.1, 0, 3.25, 0.15], "texture": "#3"},
				"south": {"uv": [0.15, 0, 2.65, 0.15], "texture": "#3"},
				"west": {"uv": [3.1, 0, 3.25, 0.15], "texture": "#3"},
				"up": {"uv": [0.15, 0, 2.65, 0.15], "texture": "#3"},
				"down": {"uv": [0.15, 0, 2.65, 0.15], "texture": "#3"}
			}
		},
		{
			"from": [7.0625, 21.5625, 6.9875],
			"to": [8.9375, 21.675, 7.1],
			"rotation": {"angle": 0, "axis": "y", "origin": [14, 6, 2]},
			"faces": {
				"north": {"uv": [0.15, 0, 2.65, 0.15], "texture": "#3"},
				"east": {"uv": [3.1, 0, 3.25, 0.15], "texture": "#3"},
				"south": {"uv": [0.15, 0, 2.65, 0.15], "texture": "#3"},
				"west": {"uv": [3.1, 0, 3.25, 0.15], "texture": "#3"},
				"up": {"uv": [0.15, 0, 2.65, 0.15], "texture": "#3"},
				"down": {"uv": [0.15, 0, 2.65, 0.15], "texture": "#3"}
			}
		},
		{
			"from": [2.4125, 23.925, 6.575],
			"to": [13.6025, 24, 6.65],
			"rotation": {"angle": 0, "axis": "y", "origin": [2, 6, 2]},
			"faces": {
				"north": {"uv": [0, 0, 14.92, 0.1], "texture": "#3"},
				"east": {"uv": [0, 0, 0.1, 0.1], "texture": "#3"},
				"south": {"uv": [0, 0, 14.92, 0.1], "texture": "#3"},
				"west": {"uv": [0, 0, 0.1, 0.1], "texture": "#3"},
				"up": {"uv": [0, 0, 14.92, 0.1], "texture": "#3"},
				"down": {"uv": [0, 0, 14.92, 0.1], "texture": "#3"}
			}
		},
		{
			"from": [2.4125, 23.7375, 6.575],
			"to": [13.6025, 23.8125, 6.65],
			"rotation": {"angle": 0, "axis": "y", "origin": [2, 6, 2]},
			"faces": {
				"north": {"uv": [0, 0, 14.92, 0.1], "texture": "#3"},
				"east": {"uv": [0, 0, 0.1, 0.1], "texture": "#3"},
				"south": {"uv": [0, 0, 14.92, 0.1], "texture": "#3"},
				"west": {"uv": [0, 0, 0.1, 0.1], "texture": "#3"},
				"up": {"uv": [0, 0, 14.92, 0.1], "texture": "#3"},
				"down": {"uv": [0, 0, 14.92, 0.1], "texture": "#3"}
			}
		},
		{
			"from": [2.4125, 21.4875, 6.5],
			"to": [13.6025, 21.75, 6.575],
			"rotation": {"angle": 0, "axis": "y", "origin": [2, 6, 2]},
			"faces": {
				"north": {"uv": [0, 0, 14.92, 0.35], "texture": "#3"},
				"east": {"uv": [0, 0, 0.1, 0.35], "texture": "#3"},
				"south": {"uv": [0, 0, 14.92, 0.35], "texture": "#3"},
				"west": {"uv": [0, 0, 0.1, 0.35], "texture": "#3"},
				"up": {"uv": [0, 0, 14.92, 0.1], "texture": "#3"},
				"down": {"uv": [0, 0, 14.92, 0.1], "texture": "#3"}
			}
		},
		{
			"from": [2.4125, 21.4875, 6.575],
			"to": [13.6025, 21.5625, 6.65],
			"rotation": {"angle": 0, "axis": "y", "origin": [2, 6, 2]},
			"faces": {
				"north": {"uv": [0, 0, 14.92, 0.1], "texture": "#3"},
				"east": {"uv": [0, 0, 0.1, 0.1], "texture": "#3"},
				"south": {"uv": [0, 0, 14.92, 0.1], "texture": "#3"},
				"west": {"uv": [0, 0, 0.1, 0.1], "texture": "#3"},
				"up": {"uv": [0, 0, 14.92, 0.1], "texture": "#3"},
				"down": {"uv": [0, 0, 14.92, 0.1], "texture": "#3"}
			}
		},
		{
			"from": [2.4125, 21.675, 6.575],
			"to": [13.6025, 21.75, 6.65],
			"rotation": {"angle": 0, "axis": "y", "origin": [2, 6, 2]},
			"faces": {
				"north": {"uv": [0, 0, 14.92, 0.1], "texture": "#3"},
				"east": {"uv": [0, 0, 0.1, 0.1], "texture": "#3"},
				"south": {"uv": [0, 0, 14.92, 0.1], "texture": "#3"},
				"west": {"uv": [0, 0, 0.1, 0.1], "texture": "#3"},
				"up": {"uv": [0, 0, 14.92, 0.1], "texture": "#3"},
				"down": {"uv": [0, 0, 14.92, 0.1], "texture": "#3"}
			}
		},
		{
			"from": [2.33, 17.625, 9.5],
			"to": [13.67, 26.04, 9.575],
			"rotation": {"angle": 0, "axis": "y", "origin": [4.58, 6, 8.75]},
			"faces": {
				"north": {"uv": [16, 2.25, 0, 13.73563], "texture": "#mileage_sign_back"},
				"south": {"uv": [0, 2.25, 16, 13.73563], "texture": "#mileage_sign_front"}
			}
		},
		{
			"from": [2.75, 25.96425, 9.3875],
			"to": [13.25, 26.03925, 9.575],
			"rotation": {"angle": 0, "axis": "y", "origin": [2.75, 6.16425, 14.075]},
			"faces": {
				"north": {"uv": [2, 0, 16, 0.1], "texture": "#3"},
				"east": {"uv": [0.25, 0, 0.5, 0.1], "texture": "#3"},
				"west": {"uv": [0.25, 0, 0.5, 0.1], "texture": "#3"},
				"up": {"uv": [0, 0.25, 14, 0.5], "texture": "#3"},
				"down": {"uv": [0, 0.25, 14, 0.5], "texture": "#3"}
			}
		},
		{
			"from": [5.375, 17.625, 9.3875],
			"to": [10.625, 17.7, 9.575],
			"rotation": {"angle": 0, "axis": "y", "origin": [5.375, 6.075, 14.075]},
			"faces": {
				"north": {"uv": [7, 0, 14, 0.1], "texture": "#3"},
				"east": {"uv": [0.25, 0, 0.5, 0.1], "texture": "#3"},
				"west": {"uv": [0.25, 0, 0.5, 0.1], "texture": "#3"},
				"up": {"uv": [0, 0.25, 7, 0.5], "texture": "#3"},
				"down": {"uv": [0, 0.25, 7, 0.5], "texture": "#3"}
			}
		},
		{
			"from": [2.33, 20.4375, 9.3875],
			"to": [2.405, 25.6875, 9.575],
			"rotation": {"angle": 0, "axis": "y", "origin": [2.33, 5.25, 13.325]},
			"faces": {
				"north": {"uv": [0.1, 0, 0.2, 7], "texture": "#3"},
				"east": {"uv": [0.25, 0, 0.5, 7], "texture": "#3"},
				"west": {"uv": [0.25, 0, 0.5, 7], "texture": "#3"},
				"up": {"uv": [0, 0.25, 0.1, 0.5], "texture": "#3"},
				"down": {"uv": [0, 0.25, 0.1, 0.5], "texture": "#3"}
			}
		},
		{
			"from": [13.595, 20.4375, 9.3875],
			"to": [13.67, 25.6875, 9.575],
			"rotation": {"angle": 0, "axis": "y", "origin": [13.67, 5.25, 13.325]},
			"faces": {
				"north": {"uv": [0, 0, 0.1, 7], "texture": "#3"},
				"east": {"uv": [0, 0, 0.25, 7], "texture": "#3"},
				"west": {"uv": [0, 0, 0.25, 7], "texture": "#3"},
				"up": {"uv": [0.1, 0.25, 0.2, 0.5], "texture": "#3"},
				"down": {"uv": [0.1, 0.25, 0.2, 0.5], "texture": "#3"}
			}
		},
		{
			"from": [2.4125, 23.3625, 9.425],
			"to": [13.6025, 23.625, 9.5],
			"rotation": {"angle": 0, "axis": "y", "origin": [2, 6, 14]},
			"faces": {
				"north": {"uv": [1.08, 0, 16, 0.35], "texture": "#3"},
				"east": {"uv": [0.1, 0, 0.2, 0.35], "texture": "#3"},
				"south": {"uv": [1.08, 0, 16, 0.35], "texture": "#3"},
				"west": {"uv": [0.1, 0, 0.2, 0.35], "texture": "#3"},
				"up": {"uv": [0, 0.1, 14.92, 0.2], "texture": "#3"},
				"down": {"uv": [0, 0.1, 14.92, 0.2], "texture": "#3"}
			}
		},
		{
			"from": [6.95, 23.4375, 7.025],
			"to": [7.0625, 23.55, 9.425],
			"rotation": {"angle": 0, "axis": "y", "origin": [2, 6, 14]},
			"faces": {
				"north": {"uv": [0.15, 0, 0.3, 0.15], "texture": "#3"},
				"east": {"uv": [3.2, 0, 6.4, 0.15], "texture": "#3"},
				"south": {"uv": [0.15, 0, 0.3, 0.15], "texture": "#3"},
				"west": {"uv": [3.2, 0, 6.4, 0.15], "texture": "#3"},
				"up": {"uv": [0, 3.2, 0.15, 6.4], "texture": "#3"},
				"down": {"uv": [0, 3.2, 0.15, 6.4], "texture": "#3"}
			}
		},
		{
			"from": [8.9375, 23.4375, 7.025],
			"to": [9.05, 23.55, 9.425],
			"rotation": {"angle": 0, "axis": "y", "origin": [14, 6, 14]},
			"faces": {
				"north": {"uv": [0.3, 0, 0.45, 0.15], "texture": "#3"},
				"east": {"uv": [6.3, 0, 9.5, 0.15], "texture": "#3"},
				"south": {"uv": [0.3, 0, 0.45, 0.15], "texture": "#3"},
				"west": {"uv": [6.3, 0, 9.5, 0.15], "texture": "#3"},
				"up": {"uv": [0.15, 3.2, 0.3, 6.4], "texture": "#3"},
				"down": {"uv": [0.15, 3.2, 0.3, 6.4], "texture": "#3"}
			}
		},
		{
			"from": [7.0625, 23.4375, 7.025],
			"to": [8.9375, 23.55, 7.1375],
			"rotation": {"angle": 0, "axis": "y", "origin": [14, 6, 14]},
			"faces": {
				"north": {"uv": [2.65, 0, 5.15, 0.15], "texture": "#3"},
				"east": {"uv": [3.25, 0, 3.4, 0.15], "texture": "#3"},
				"south": {"uv": [2.65, 0, 5.15, 0.15], "texture": "#3"},
				"west": {"uv": [3.25, 0, 3.4, 0.15], "texture": "#3"},
				"up": {"uv": [0.15, 0.15, 2.65, 0.3], "texture": "#3"},
				"down": {"uv": [0.15, 0.15, 2.65, 0.3], "texture": "#3"}
			}
		},
		{
			"from": [7.0625, 23.4375, 8.9],
			"to": [8.9375, 23.55, 9.0125],
			"rotation": {"angle": 0, "axis": "y", "origin": [14, 6, 14]},
			"faces": {
				"north": {"uv": [2.65, 0, 5.15, 0.15], "texture": "#3"},
				"east": {"uv": [3.25, 0, 3.4, 0.15], "texture": "#3"},
				"south": {"uv": [2.65, 0, 5.15, 0.15], "texture": "#3"},
				"west": {"uv": [3.25, 0, 3.4, 0.15], "texture": "#3"},
				"up": {"uv": [0.15, 0.15, 2.65, 0.3], "texture": "#3"},
				"down": {"uv": [0.15, 0.15, 2.65, 0.3], "texture": "#3"}
			}
		},
		{
			"from": [6.95, 21.1875, 7.025],
			"to": [7.0625, 21.3, 9.425],
			"rotation": {"angle": 0, "axis": "y", "origin": [2, 6, 14]},
			"faces": {
				"north": {"uv": [0.15, 0, 0.3, 0.15], "texture": "#3"},
				"east": {"uv": [3.2, 0, 6.4, 0.15], "texture": "#3"},
				"south": {"uv": [0.15, 0, 0.3, 0.15], "texture": "#3"},
				"west": {"uv": [3.2, 0, 6.4, 0.15], "texture": "#3"},
				"up": {"uv": [0, 3.2, 0.15, 6.4], "texture": "#3"},
				"down": {"uv": [0, 3.2, 0.15, 6.4], "texture": "#3"}
			}
		},
		{
			"from": [8.9375, 21.1875, 7.025],
			"to": [9.05, 21.3, 9.425],
			"rotation": {"angle": 0, "axis": "y", "origin": [14, 6, 14]},
			"faces": {
				"north": {"uv": [0.3, 0, 0.45, 0.15], "texture": "#3"},
				"east": {"uv": [6.3, 0, 9.5, 0.15], "texture": "#3"},
				"south": {"uv": [0.3, 0, 0.45, 0.15], "texture": "#3"},
				"west": {"uv": [6.3, 0, 9.5, 0.15], "texture": "#3"},
				"up": {"uv": [0.15, 3.2, 0.3, 6.4], "texture": "#3"},
				"down": {"uv": [0.15, 3.2, 0.3, 6.4], "texture": "#3"}
			}
		},
		{
			"from": [7.0625, 21.1875, 7.025],
			"to": [8.9375, 21.3, 7.1375],
			"rotation": {"angle": 0, "axis": "y", "origin": [14, 6, 14]},
			"faces": {
				"north": {"uv": [2.65, 0, 5.15, 0.15], "texture": "#3"},
				"east": {"uv": [3.25, 0, 3.4, 0.15], "texture": "#3"},
				"south": {"uv": [2.65, 0, 5.15, 0.15], "texture": "#3"},
				"west": {"uv": [3.25, 0, 3.4, 0.15], "texture": "#3"},
				"up": {"uv": [0.15, 0.15, 2.65, 0.3], "texture": "#3"},
				"down": {"uv": [0.15, 0.15, 2.65, 0.3], "texture": "#3"}
			}
		},
		{
			"from": [7.0625, 21.1875, 8.9],
			"to": [8.9375, 21.3, 9.0125],
			"rotation": {"angle": 0, "axis": "y", "origin": [14, 6, 14]},
			"faces": {
				"north": {"uv": [2.65, 0, 5.15, 0.15], "texture": "#3"},
				"east": {"uv": [3.25, 0, 3.4, 0.15], "texture": "#3"},
				"south": {"uv": [2.65, 0, 5.15, 0.15], "texture": "#3"},
				"west": {"uv": [3.25, 0, 3.4, 0.15], "texture": "#3"},
				"up": {"uv": [0.15, 0.15, 2.65, 0.3], "texture": "#3"},
				"down": {"uv": [0.15, 0.15, 2.65, 0.3], "texture": "#3"}
			}
		},
		{
			"from": [2.4125, 23.55, 9.35],
			"to": [13.6025, 23.625, 9.425],
			"rotation": {"angle": 0, "axis": "y", "origin": [2, 6, 14]},
			"faces": {
				"north": {"uv": [1.08, 0, 16, 0.1], "texture": "#3"},
				"east": {"uv": [0.1, 0, 0.2, 0.1], "texture": "#3"},
				"south": {"uv": [1.08, 0, 16, 0.1], "texture": "#3"},
				"west": {"uv": [0.1, 0, 0.2, 0.1], "texture": "#3"},
				"up": {"uv": [0, 0.1, 14.92, 0.2], "texture": "#3"},
				"down": {"uv": [0, 0.1, 14.92, 0.2], "texture": "#3"}
			}
		},
		{
			"from": [2.4125, 23.3625, 9.35],
			"to": [13.6025, 23.4375, 9.425],
			"rotation": {"angle": 0, "axis": "y", "origin": [2, 6, 14]},
			"faces": {
				"north": {"uv": [1.08, 0, 16, 0.1], "texture": "#3"},
				"east": {"uv": [0.1, 0, 0.2, 0.1], "texture": "#3"},
				"south": {"uv": [1.08, 0, 16, 0.1], "texture": "#3"},
				"west": {"uv": [0.1, 0, 0.2, 0.1], "texture": "#3"},
				"up": {"uv": [0, 0.1, 14.92, 0.2], "texture": "#3"},
				"down": {"uv": [0, 0.1, 14.92, 0.2], "texture": "#3"}
			}
		},
		{
			"from": [2.4125, 21.1125, 9.425],
			"to": [13.6025, 21.375, 9.5],
			"rotation": {"angle": 0, "axis": "y", "origin": [2, 6, 14]},
			"faces": {
				"north": {"uv": [1.08, 0, 16, 0.35], "texture": "#3"},
				"east": {"uv": [0.1, 0, 0.2, 0.35], "texture": "#3"},
				"south": {"uv": [1.08, 0, 16, 0.35], "texture": "#3"},
				"west": {"uv": [0.1, 0, 0.2, 0.35], "texture": "#3"},
				"up": {"uv": [0, 0.1, 14.92, 0.2], "texture": "#3"},
				"down": {"uv": [0, 0.1, 14.92, 0.2], "texture": "#3"}
			}
		},
		{
			"from": [2.4125, 21.1125, 9.35],
			"to": [13.6025, 21.1875, 9.425],
			"rotation": {"angle": 0, "axis": "y", "origin": [2, 6, 14]},
			"faces": {
				"north": {"uv": [1.08, 0, 16, 0.1], "texture": "#3"},
				"east": {"uv": [0.1, 0, 0.2, 0.1], "texture": "#3"},
				"south": {"uv": [1.08, 0, 16, 0.1], "texture": "#3"},
				"west": {"uv": [0.1, 0, 0.2, 0.1], "texture": "#3"},
				"up": {"uv": [0, 0.1, 14.92, 0.2], "texture": "#3"},
				"down": {"uv": [0, 0.1, 14.92, 0.2], "texture": "#3"}
			}
		},
		{
			"from": [2.4125, 21.3, 9.35],
			"to": [13.6025, 21.375, 9.425],
			"rotation": {"angle": 0, "axis": "y", "origin": [2, 6, 14]},
			"faces": {
				"north": {"uv": [1.08, 0, 16, 0.1], "texture": "#3"},
				"east": {"uv": [0.1, 0, 0.2, 0.1], "texture": "#3"},
				"south": {"uv": [1.08, 0, 16, 0.1], "texture": "#3"},
				"west": {"uv": [0.1, 0, 0.2, 0.1], "texture": "#3"},
				"up": {"uv": [0, 0.1, 14.92, 0.2], "texture": "#3"},
				"down": {"uv": [0, 0.1, 14.92, 0.2], "texture": "#3"}
			}
		},
		{
			"from": [6.5, -15.25, 6.5],
			"to": [9.5, -14.5, 9.5],
			"rotation": {"angle": 0, "axis": "y", "origin": [2.75, -4, 2]},
			"faces": {
				"north": {"uv": [0, 0, 4, 1], "texture": "#4"},
				"east": {"uv": [0, 0, 4, 1], "texture": "#4"},
				"south": {"uv": [0, 0, 4, 1], "texture": "#4"},
				"west": {"uv": [0, 0, 4, 1], "texture": "#4"},
				"up": {"uv": [0, 0, 4, 4], "texture": "#4"},
				"down": {"uv": [0, 0, 4, 4], "texture": "#4"}
			}
		},
		{
			"from": [5.75, -16, 5.75],
			"to": [10.25, -15.25, 10.25],
			"rotation": {"angle": 0, "axis": "y", "origin": [2.75, -4, 2]},
			"faces": {
				"north": {"uv": [0, 0, 6, 1], "texture": "#4"},
				"east": {"uv": [0, 0, 6, 1], "texture": "#4"},
				"south": {"uv": [0, 0, 6, 1], "texture": "#4"},
				"west": {"uv": [0, 0, 6, 1], "texture": "#4"},
				"up": {"uv": [0, 0, 6, 6], "texture": "#4"},
				"down": {"uv": [0, 0, 6, 6], "texture": "#4"}
			}
		}
	],
	"gui_light": "front",
	"display": {
		"thirdperson_righthand": {
			"rotation": [0, -179, -1],
			"translation": [0, 23, 0]
		},
		"thirdperson_lefthand": {
			"rotation": [0, -180, 0],
			"translation": [0, 8, 0]
		},
		"firstperson_righthand": {
			"rotation": [0, 45, 0],
			"scale": [0.4, 0.4, 0.4]
		},
		"firstperson_lefthand": {
			"rotation": [0, -135, 0],
			"scale": [0.4, 0.4, 0.4]
		},
		"ground": {
			"translation": [0, 3, 0],
			"scale": [0.25, 0.25, 0.25]
		},
		"gui": {
			"rotation": [30, -135, 0],
			"scale": [0.625, 0.625, 0.625]
		},
		"fixed": {
			"scale": [0.5, 0.5, 0.5]
		}
	},
	"groups": [
		0,
		1,
		2,
		3,
		4,
		5,
		6,
		7,
		8,
		9,
		10,
		11,
		12,
		13,
		14,
		15,
		16,
		17,
		18,
		19,
		20,
		21,
		22,
		23,
		24,
		25,
		26,
		27,
		28,
		29,
		30,
		31,
		32,
		33,
		34,
		35,
		36,
		37,
		38,
		39,
		40,
		41,
		42,
		43,
		44,
		45,
		46,
		47,
		{
			"name": "group",
			"origin": [0, 0, 0],
			"color": 0,
			"children": [48, 49, 50, 51, 52, 53, 54, 55, 56, 57, 58, 59, 60, 61, 62, 63, 64, 65, 66]
		},
		{
			"name": "group",
			"origin": [0, 0, 0],
			"color": 0,
			"children": [67, 68, 69, 70, 71, 72, 73, 74, 75, 76, 77, 78, 79, 80, 81, 82, 83, 84, 85]
		},
		86,
		87
	]
}