{
		"textures": {
		"0": "block/acacia_planks",
		"particle": "block/acacia_planks"
	},
	"elements": [
		{
			"from": [-6.5, 27, 16],
			"to": [22.5, 31, 16.25],
			"rotation": {"angle": 0, "axis": "y", "origin": [5.5, 38, 24]},
			"faces": {
				"north": {"uv": [0, 0, 16, 4], "texture": "#0"},
				"east": {"uv": [0, 0, 0.25, 4], "texture": "#0"},
				"south": {"uv": [0, 0, 16, 4], "texture": "#0"},
				"west": {"uv": [0, 0, 0.25, 4], "texture": "#0"},
				"up": {"uv": [0, 0, 16, 0.25], "texture": "#0"},
				"down": {"uv": [0, 0, 16, 0.25], "texture": "#0"}
			}
		},
		{
			"from": [-6.5, 0.75, 21.5],
			"to": [22.5, 1, 25.5],
			"rotation": {"angle": -22.5, "axis": "y", "origin": [8, 0.875, 23.5]},
			"faces": {
				"north": {"uv": [0, 0, 16, 0.25], "rotation": 180, "texture": "#0"},
				"east": {"uv": [0, 0, 0.25, 4], "rotation": 270, "texture": "#0"},
				"south": {"uv": [0, 0, 16, 0.25], "texture": "#0"},
				"west": {"uv": [0, 0, 0.25, 4], "rotation": 90, "texture": "#0"},
				"up": {"uv": [0, 0, 16, 4], "rotation": 180, "texture": "#0"},
				"down": {"uv": [0, 0, 16, 4], "texture": "#0"}
			}
		},
		{
			"from": [-6.5, 1, 24],
			"to": [22.5, 1.25, 28],
			"rotation": {"angle": -22.5, "axis": "y", "origin": [8, 1.125, 26]},
			"faces": {
				"north": {"uv": [0, 0, 16, 0.25], "rotation": 180, "texture": "#0"},
				"east": {"uv": [0, 0, 0.25, 4], "rotation": 270, "texture": "#0"},
				"south": {"uv": [0, 0, 16, 0.25], "texture": "#0"},
				"west": {"uv": [0, 0, 0.25, 4], "rotation": 90, "texture": "#0"},
				"up": {"uv": [0, 0, 16, 4], "rotation": 180, "texture": "#0"},
				"down": {"uv": [0, 0, 16, 4], "texture": "#0"}
			}
		},
		{
			"from": [-6.5, 1.25, 21],
			"to": [22.5, 1.5, 25],
			"rotation": {"angle": 0, "axis": "y", "origin": [8, 1.375, 23]},
			"faces": {
				"north": {"uv": [0, 0, 16, 0.25], "texture": "#0"},
				"east": {"uv": [0, 0, 0.25, 4], "rotation": 90, "texture": "#0"},
				"south": {"uv": [0, 0, 16, 0.25], "rotation": 180, "texture": "#0"},
				"west": {"uv": [0, 0, 0.25, 4], "rotation": 270, "texture": "#0"},
				"up": {"uv": [0, 0, 16, 4], "texture": "#0"},
				"down": {"uv": [0, 0, 16, 4], "rotation": 180, "texture": "#0"}
			}
		},
		{
			"from": [-6.5, 1.25, 28],
			"to": [22.5, 1.5, 32],
			"rotation": {"angle": 0, "axis": "y", "origin": [8, 1.375, 30]},
			"faces": {
				"north": {"uv": [0, 0, 16, 0.25], "texture": "#0"},
				"east": {"uv": [0, 0, 0.25, 4], "rotation": 90, "texture": "#0"},
				"south": {"uv": [0, 0, 16, 0.25], "rotation": 180, "texture": "#0"},
				"west": {"uv": [0, 0, 0.25, 4], "rotation": 270, "texture": "#0"},
				"up": {"uv": [0, 0, 16, 4], "texture": "#0"},
				"down": {"uv": [0, 0, 16, 4], "rotation": 180, "texture": "#0"}
			}
		},
		{
			"from": [-6.5, 1.5, 23],
			"to": [22.5, 1.75, 27],
			"rotation": {"angle": -22.5, "axis": "y", "origin": [8, 1.625, 25]},
			"faces": {
				"north": {"uv": [0, 0, 16, 0.25], "texture": "#0"},
				"east": {"uv": [0, 0, 0.25, 4], "rotation": 90, "texture": "#0"},
				"south": {"uv": [0, 0, 16, 0.25], "rotation": 180, "texture": "#0"},
				"west": {"uv": [0, 0, 0.25, 4], "rotation": 270, "texture": "#0"},
				"up": {"uv": [0, 0, 16, 4], "texture": "#0"},
				"down": {"uv": [0, 0, 16, 4], "rotation": 180, "texture": "#0"}
			}
		},
		{
			"from": [-2, 0.5, 16.25],
			"to": [2, 29.5, 16.5],
			"rotation": {"angle": 22.5, "axis": "z", "origin": [0, 15, 16.375]},
			"faces": {
				"north": {"uv": [0, 0, 16, 4], "rotation": 270, "texture": "#0"},
				"east": {"uv": [0, 0, 16, 0.25], "rotation": 90, "texture": "#0"},
				"south": {"uv": [0, 0, 16, 4], "rotation": 90, "texture": "#0"},
				"west": {"uv": [0, 0, 16, 0.25], "rotation": 90, "texture": "#0"},
				"up": {"uv": [0, 0, 0.25, 4], "rotation": 90, "texture": "#0"},
				"down": {"uv": [0, 0, 0.25, 4], "rotation": 90, "texture": "#0"}
			}
		}
	],
	"gui_light": "front",
	"display": {
		"thirdperson_righthand": {
			"rotation": [0, -180, 0],
			"translation": [0, 8, 0]
		},
		"thirdperson_lefthand": {
			"rotation": [0, -180, 0],
			"translation": [0, 8, 0]
		},
		"firstperson_righthand": {
			"rotation": [0, 45, 0],
			"scale": [0.4, 0.4, 0.4]
		},
		"firstperson_lefthand": {
			"rotation": [0, 225, 0],
			"scale": [0.4, 0.4, 0.4]
		},
		"ground": {
			"translation": [0, 3, 0],
			"scale": [0.25, 0.25, 0.25]
		},
		"gui": {
			"rotation": [30, 225, 0],
			"scale": [0.625, 0.625, 0.625]
		},
		"fixed": {
			"scale": [0.5, 0.5, 0.5]
		}
	}
}