{
		"textures": {
		"0": "block/acacia_planks",
		"particle": "block/acacia_planks"
	},
	"elements": [
		{
			"from": [-6.5, 22, 16],
			"to": [22.5, 26, 16.25],
			"rotation": {"angle": 0, "axis": "y", "origin": [5.5, 33, 24]},
			"faces": {
				"north": {"uv": [0, 0, 16, 4], "texture": "#0"},
				"east": {"uv": [0, 0, 0.25, 4], "texture": "#0"},
				"south": {"uv": [0, 0, 16, 4], "texture": "#0"},
				"west": {"uv": [0, 0, 0.25, 4], "texture": "#0"},
				"up": {"uv": [0, 0, 16, 0.25], "texture": "#0"},
				"down": {"uv": [0, 0, 16, 0.25], "texture": "#0"}
			}
		},
		{
			"from": [-6.5, 27, 16],
			"to": [22.5, 31, 16.25],
			"rotation": {"angle": 0, "axis": "y", "origin": [5.5, 38, 24]},
			"faces": {
				"north": {"uv": [0, 0, 16, 4], "texture": "#0"},
				"east": {"uv": [0, 0, 0.25, 4], "texture": "#0"},
				"south": {"uv": [0, 0, 16, 4], "texture": "#0"},
				"west": {"uv": [0, 0, 0.25, 4], "texture": "#0"},
				"up": {"uv": [0, 0, 16, 0.25], "texture": "#0"},
				"down": {"uv": [0, 0, 16, 0.25], "texture": "#0"}
			}
		},
		{
			"from": [-6.5, 1, 16],
			"to": [22.5, 5, 16.25],
			"rotation": {"angle": 0, "axis": "y", "origin": [5.5, 12, 24]},
			"faces": {
				"north": {"uv": [0, 0, 16, 4], "texture": "#0"},
				"east": {"uv": [0, 0, 0.25, 4], "texture": "#0"},
				"south": {"uv": [0, 0, 16, 4], "texture": "#0"},
				"west": {"uv": [0, 0, 0.25, 4], "texture": "#0"},
				"up": {"uv": [0, 0, 16, 0.25], "texture": "#0"},
				"down": {"uv": [0, 0, 16, 0.25], "texture": "#0"}
			}
		},
		{
			"from": [-6.5, 15, 16],
			"to": [22.5, 19, 16.25],
			"rotation": {"angle": 0, "axis": "y", "origin": [5.5, 26, 24]},
			"faces": {
				"north": {"uv": [0, 0, 16, 4], "texture": "#0"},
				"east": {"uv": [0, 0, 0.25, 4], "texture": "#0"},
				"south": {"uv": [0, 0, 16, 4], "texture": "#0"},
				"west": {"uv": [0, 0, 0.25, 4], "texture": "#0"},
				"up": {"uv": [0, 0, 16, 0.25], "texture": "#0"},
				"down": {"uv": [0, 0, 16, 0.25], "texture": "#0"}
			}
		},
		{
			"from": [-6.5, 7, 16],
			"to": [22.5, 11, 16.25],
			"rotation": {"angle": 0, "axis": "y", "origin": [5.5, 18, 24]},
			"faces": {
				"north": {"uv": [0, 0, 16, 4], "texture": "#0"},
				"east": {"uv": [0, 0, 0.25, 4], "texture": "#0"},
				"south": {"uv": [0, 0, 16, 4], "texture": "#0"},
				"west": {"uv": [0, 0, 0.25, 4], "texture": "#0"},
				"up": {"uv": [0, 0, 16, 0.25], "texture": "#0"},
				"down": {"uv": [0, 0, 16, 0.25], "texture": "#0"}
			}
		},
		{
			"from": [-6.5, 13, 16.25],
			"to": [22.5, 17, 16.5],
			"rotation": {"angle": -45, "axis": "z", "origin": [8, 15, 16.375]},
			"faces": {
				"north": {"uv": [0, 0, 16, 4], "texture": "#0"},
				"east": {"uv": [0, 0, 0.25, 4], "texture": "#0"},
				"south": {"uv": [0, 0, 16, 4], "texture": "#0"},
				"west": {"uv": [0, 0, 0.25, 4], "texture": "#0"},
				"up": {"uv": [0, 0, 16, 0.25], "texture": "#0"},
				"down": {"uv": [0, 0, 16, 0.25], "texture": "#0"}
			}
		},
		{
			"from": [-6.5, 14.5, 16.5],
			"to": [22.5, 18.5, 16.75],
			"rotation": {"angle": 22.5, "axis": "z", "origin": [8, 16.5, 16.625]},
			"faces": {
				"north": {"uv": [0, 0, 16, 4], "texture": "#0"},
				"east": {"uv": [0, 0, 0.25, 4], "texture": "#0"},
				"south": {"uv": [0, 0, 16, 4], "texture": "#0"},
				"west": {"uv": [0, 0, 0.25, 4], "texture": "#0"},
				"up": {"uv": [0, 0, 16, 0.25], "texture": "#0"},
				"down": {"uv": [0, 0, 16, 0.25], "texture": "#0"}
			}
		}
	],
	"gui_light": "front",
	"display": {
		"thirdperson_righthand": {
			"rotation": [0, -180, 0],
			"translation": [0, 8, 0]
		},
		"thirdperson_lefthand": {
			"rotation": [0, -180, 0],
			"translation": [0, 8, 0]
		},
		"firstperson_righthand": {
			"rotation": [0, 45, 0],
			"scale": [0.4, 0.4, 0.4]
		},
		"firstperson_lefthand": {
			"rotation": [0, 225, 0],
			"scale": [0.4, 0.4, 0.4]
		},
		"ground": {
			"translation": [0, 3, 0],
			"scale": [0.25, 0.25, 0.25]
		},
		"gui": {
			"rotation": [30, 225, 0],
			"scale": [0.625, 0.625, 0.625]
		},
		"fixed": {
			"scale": [0.5, 0.5, 0.5]
		}
	}
}