{
		"textures": {
		"0": "block/lime_concrete",
		"1": "block/white_concrete",
		"particle": "block/lime_concrete"
	},
	"elements": [
		{
			"from": [1, 0, 15],
			"to": [15, 7, 16],
			"faces": {
				"north": {"uv": [0, 0, 14, 7], "texture": "#0"},
				"east": {"uv": [0, 0, 1, 7], "texture": "#0"},
				"south": {"uv": [0, 0, 14, 7], "texture": "#0"},
				"west": {"uv": [0, 0, 1, 7], "texture": "#0"},
				"up": {"uv": [0, 0, 14, 1], "texture": "#0"},
				"down": {"uv": [0, 0, 14, 1], "texture": "#0"}
			}
		},
		{
			"from": [13, 1, 14.75],
			"to": [14, 6, 15],
			"faces": {
				"north": {"uv": [0, 0, 1, 5], "texture": "#1"},
				"east": {"uv": [0, 0, 0.25, 5], "texture": "#1"},
				"south": {"uv": [0, 0, 1, 5], "texture": "#1"},
				"west": {"uv": [0, 0, 0.25, 5], "texture": "#1"},
				"up": {"uv": [0, 0, 1, 0.25], "texture": "#1"},
				"down": {"uv": [0, 0, 1, 0.25], "texture": "#1"}
			}
		},
		{
			"from": [11, 5, 14.75],
			"to": [13, 6, 15],
			"faces": {
				"north": {"uv": [0, 0, 2, 1], "texture": "#1"},
				"east": {"uv": [0, 0, 0.25, 1], "texture": "#1"},
				"south": {"uv": [0, 0, 2, 1], "texture": "#1"},
				"west": {"uv": [0, 0, 0.25, 1], "texture": "#1"},
				"up": {"uv": [0, 0, 2, 0.25], "texture": "#1"},
				"down": {"uv": [0, 0, 2, 0.25], "texture": "#1"}
			}
		},
		{
			"from": [11, 3, 14.75],
			"to": [13, 4, 15],
			"faces": {
				"north": {"uv": [0, 0, 2, 1], "texture": "#1"},
				"east": {"uv": [0, 0, 0.25, 1], "texture": "#1"},
				"south": {"uv": [0, 0, 2, 1], "texture": "#1"},
				"west": {"uv": [0, 0, 0.25, 1], "texture": "#1"},
				"up": {"uv": [0, 0, 2, 0.25], "texture": "#1"},
				"down": {"uv": [0, 0, 2, 0.25], "texture": "#1"}
			}
		},
		{
			"from": [11, 1, 14.75],
			"to": [13, 2, 15],
			"faces": {
				"north": {"uv": [0, 0, 2, 1], "texture": "#1"},
				"east": {"uv": [0, 0, 0.25, 1], "texture": "#1"},
				"south": {"uv": [0, 0, 2, 1], "texture": "#1"},
				"west": {"uv": [0, 0, 0.25, 1], "texture": "#1"},
				"up": {"uv": [0, 0, 2, 0.25], "texture": "#1"},
				"down": {"uv": [0, 0, 2, 0.25], "texture": "#1"}
			}
		},
		{
			"from": [8.25, 1, 14.75],
			"to": [9.25, 6, 15],
			"rotation": {"angle": -22.5, "axis": "z", "origin": [8.75, 3.5, 14.875]},
			"faces": {
				"north": {"uv": [0, 0, 5, 1], "rotation": 90, "texture": "#1"},
				"east": {"uv": [0, 0, 5, 0.25], "rotation": 270, "texture": "#1"},
				"south": {"uv": [0, 0, 5, 1], "rotation": 270, "texture": "#1"},
				"west": {"uv": [0, 0, 5, 0.25], "rotation": 90, "texture": "#1"},
				"up": {"uv": [0, 0, 0.25, 1], "rotation": 270, "texture": "#1"},
				"down": {"uv": [0, 0, 0.25, 1], "rotation": 270, "texture": "#1"}
			}
		},
		{
			"from": [5.75, 1, 14.75],
			"to": [6.75, 6, 15],
			"faces": {
				"north": {"uv": [0, 0, 1, 5], "texture": "#1"},
				"east": {"uv": [0, 0, 0.25, 5], "texture": "#1"},
				"south": {"uv": [0, 0, 1, 5], "texture": "#1"},
				"west": {"uv": [0, 0, 0.25, 5], "texture": "#1"},
				"up": {"uv": [0, 0, 1, 0.25], "texture": "#1"},
				"down": {"uv": [0, 0, 1, 0.25], "texture": "#1"}
			}
		},
		{
			"from": [8.25, 1, 14.75],
			"to": [9.25, 6, 15],
			"rotation": {"angle": 22.5, "axis": "z", "origin": [8.75, 3.5, 14.875]},
			"faces": {
				"north": {"uv": [0, 0, 5, 1], "rotation": 90, "texture": "#1"},
				"east": {"uv": [0, 0, 5, 0.25], "rotation": 270, "texture": "#1"},
				"south": {"uv": [0, 0, 5, 1], "rotation": 270, "texture": "#1"},
				"west": {"uv": [0, 0, 5, 0.25], "rotation": 90, "texture": "#1"},
				"up": {"uv": [0, 0, 0.25, 1], "rotation": 270, "texture": "#1"},
				"down": {"uv": [0, 0, 0.25, 1], "rotation": 270, "texture": "#1"}
			}
		},
		{
			"from": [3, 1, 14.75],
			"to": [4, 5, 15],
			"faces": {
				"north": {"uv": [0, 0, 1, 4], "texture": "#1"},
				"east": {"uv": [0, 0, 0.25, 4], "texture": "#1"},
				"south": {"uv": [0, 0, 1, 4], "texture": "#1"},
				"west": {"uv": [0, 0, 0.25, 4], "texture": "#1"},
				"up": {"uv": [0, 0, 1, 0.25], "texture": "#1"},
				"down": {"uv": [0, 0, 1, 0.25], "texture": "#1"}
			}
		},
		{
			"from": [2, 5, 14.75],
			"to": [5, 6, 15],
			"faces": {
				"north": {"uv": [0, 0, 3, 1], "texture": "#1"},
				"east": {"uv": [0, 0, 0.25, 1], "texture": "#1"},
				"south": {"uv": [0, 0, 3, 1], "texture": "#1"},
				"west": {"uv": [0, 0, 0.25, 1], "texture": "#1"},
				"up": {"uv": [0, 0, 3, 0.25], "texture": "#1"},
				"down": {"uv": [0, 0, 3, 0.25], "texture": "#1"}
			}
		},
		{
			"from": [9.25, 5.25, 14.75],
			"to": [10.25, 6, 15],
			"faces": {
				"north": {"uv": [0, 0, 0.75, 1], "rotation": 90, "texture": "#1"},
				"east": {"uv": [0, 0, 0.75, 0.25], "rotation": 270, "texture": "#1"},
				"south": {"uv": [0, 0, 0.75, 1], "rotation": 270, "texture": "#1"},
				"west": {"uv": [0, 0, 0.75, 0.25], "rotation": 90, "texture": "#1"},
				"up": {"uv": [0, 0, 0.25, 1], "rotation": 270, "texture": "#1"},
				"down": {"uv": [0, 0, 0.25, 1], "rotation": 270, "texture": "#1"}
			}
		},
		{
			"from": [7.25, 5.25, 14.75],
			"to": [8.25, 6, 15],
			"faces": {
				"north": {"uv": [0, 0, 0.75, 1], "rotation": 90, "texture": "#1"},
				"east": {"uv": [0, 0, 0.75, 0.25], "rotation": 270, "texture": "#1"},
				"south": {"uv": [0, 0, 0.75, 1], "rotation": 270, "texture": "#1"},
				"west": {"uv": [0, 0, 0.75, 0.25], "rotation": 90, "texture": "#1"},
				"up": {"uv": [0, 0, 0.25, 1], "rotation": 270, "texture": "#1"},
				"down": {"uv": [0, 0, 0.25, 1], "rotation": 270, "texture": "#1"}
			}
		},
		{
			"from": [7.25, 1, 14.75],
			"to": [8.25, 1.75, 15],
			"faces": {
				"north": {"uv": [0, 0, 0.75, 1], "rotation": 90, "texture": "#1"},
				"east": {"uv": [0, 0, 0.75, 0.25], "rotation": 270, "texture": "#1"},
				"south": {"uv": [0, 0, 0.75, 1], "rotation": 270, "texture": "#1"},
				"west": {"uv": [0, 0, 0.75, 0.25], "rotation": 90, "texture": "#1"},
				"up": {"uv": [0, 0, 0.25, 1], "rotation": 270, "texture": "#1"},
				"down": {"uv": [0, 0, 0.25, 1], "rotation": 270, "texture": "#1"}
			}
		},
		{
			"from": [9.25, 1, 14.75],
			"to": [10.25, 1.75, 15],
			"faces": {
				"north": {"uv": [0, 0, 0.75, 1], "rotation": 90, "texture": "#1"},
				"east": {"uv": [0, 0, 0.75, 0.25], "rotation": 270, "texture": "#1"},
				"south": {"uv": [0, 0, 0.75, 1], "rotation": 270, "texture": "#1"},
				"west": {"uv": [0, 0, 0.75, 0.25], "rotation": 90, "texture": "#1"},
				"up": {"uv": [0, 0, 0.25, 1], "rotation": 270, "texture": "#1"},
				"down": {"uv": [0, 0, 0.25, 1], "rotation": 270, "texture": "#1"}
			}
		}
	],
	"gui_light": "front",
	"display": {
		"thirdperson_righthand": {
			"rotation": [0, -180, 0],
			"translation": [0, 8, 0]
		},
		"thirdperson_lefthand": {
			"rotation": [0, -180, 0],
			"translation": [0, 8, 0]
		},
		"firstperson_righthand": {
			"rotation": [0, 45, 0],
			"scale": [0.4, 0.4, 0.4]
		},
		"firstperson_lefthand": {
			"rotation": [0, 225, 0],
			"scale": [0.4, 0.4, 0.4]
		},
		"ground": {
			"translation": [0, 3, 0],
			"scale": [0.25, 0.25, 0.25]
		},
		"gui": {
			"rotation": [30, 225, 0],
			"scale": [0.625, 0.625, 0.625]
		},
		"fixed": {
			"scale": [0.5, 0.5, 0.5]
		}
	}
}