{
		"textures": {
		"0": "block/stripped_acacia_log",
		"particle": "block/stripped_acacia_log"
	},
	"elements": [
		{
			"from": [-0.5, 0, -16],
			"to": [0, 4, 32],
			"faces": {
				"north": {"uv": [0, 0, 0.5, 4], "texture": "#0"},
				"east": {"uv": [0, 0, 16, 4], "texture": "#0"},
				"south": {"uv": [0, 0, 0.5, 4], "texture": "#0"},
				"west": {"uv": [0, 0, 16, 4], "texture": "#0"},
				"up": {"uv": [0, 0, 0.5, 16], "texture": "#0"},
				"down": {"uv": [0, 0, 0.5, 16], "texture": "#0"}
			}
		},
		{
			"from": [-0.49823, 1.98645, -14.73825],
			"to": [0.00177, 5.98645, 30.76175],
			"rotation": {"angle": 45, "axis": "x", "origin": [-0.24823, 6.98645, 8.01175]},
			"faces": {
				"north": {"uv": [0, 0, 0.5, 4], "texture": "#0"},
				"east": {"uv": [0, 0, 16, 4], "texture": "#0"},
				"south": {"uv": [0, 0, 0.5, 4], "texture": "#0"},
				"west": {"uv": [0, 0, 16, 4], "texture": "#0"},
				"up": {"uv": [0, 0, 0.5, 16], "texture": "#0"},
				"down": {"uv": [0, 0, 0.5, 16], "texture": "#0"}
			}
		},
		{
			"from": [-0.50521, 8.98644, -15.23125],
			"to": [-0.00521, 12.98644, 31.76875],
			"rotation": {"angle": -22.5, "axis": "x", "origin": [-0.25521, 10.98644, 8.01875]},
			"faces": {
				"north": {"uv": [0, 0, 0.5, 4], "texture": "#0"},
				"east": {"uv": [0, 0, 16, 4], "texture": "#0"},
				"south": {"uv": [0, 0, 0.5, 4], "texture": "#0"},
				"west": {"uv": [0, 0, 16, 4], "texture": "#0"},
				"up": {"uv": [0, 0, 0.5, 16], "texture": "#0"},
				"down": {"uv": [0, 0, 0.5, 16], "texture": "#0"}
			}
		}
	],
	"gui_light": "front",
	"display": {
		"thirdperson_righthand": {
			"rotation": [0, -180, 0],
			"translation": [0, 12, 2]
		},
		"thirdperson_lefthand": {
			"rotation": [0, -180, 0],
			"translation": [0, 8, 0]
		},
		"firstperson_righthand": {
			"rotation": [0, 45, 0],
			"scale": [0.4, 0.4, 0.4]
		},
		"firstperson_lefthand": {
			"rotation": [0, 225, 0],
			"scale": [0.4, 0.4, 0.4]
		},
		"ground": {
			"translation": [0, 3, 0],
			"scale": [0.25, 0.25, 0.25]
		},
		"gui": {
			"rotation": [30, 225, 0],
			"scale": [0.625, 0.625, 0.625]
		},
		"fixed": {
			"scale": [0.5, 0.5, 0.5]
		}
	}
}