{
		"textures": {
		"0": "block/black_concrete_powder",
		"1": "block/blue_stained_glass",
		"2": "block/bone_block_top",
		"3": "block/black_wool",
		"4": "block/white_concrete",
		"particle": "block/black_concrete_powder"
	},
	"elements": [
		{
			"from": [1, 0, 1],
			"to": [15, 5, 15],
			"faces": {
				"north": {"uv": [0, 0, 14, 5], "texture": "#0"},
				"east": {"uv": [0, 0, 14, 5], "texture": "#0"},
				"south": {"uv": [0, 0, 14, 5], "texture": "#0"},
				"west": {"uv": [0, 0, 14, 5], "texture": "#0"},
				"up": {"uv": [0, 0, 14, 14], "texture": "#0"},
				"down": {"uv": [0, 0, 14, 14], "texture": "#0"}
			}
		},
		{
			"from": [13, 1, 0],
			"to": [14, 2, 1],
			"faces": {
				"north": {"uv": [0, 0, 16, 16], "texture": "#2"},
				"east": {"uv": [0, 0, 1, 1], "texture": "#2"},
				"south": {"uv": [0, 0, 1, 1], "texture": "#2"},
				"west": {"uv": [0, 0, 1, 1], "texture": "#2"},
				"up": {"uv": [0, 0, 1, 1], "texture": "#2"},
				"down": {"uv": [0, 0, 1, 1], "texture": "#2"}
			}
		},
		{
			"from": [11, 1, 0],
			"to": [12, 2, 1],
			"faces": {
				"north": {"uv": [0, 0, 16, 16], "texture": "#2"},
				"east": {"uv": [0, 0, 1, 1], "texture": "#2"},
				"south": {"uv": [0, 0, 1, 1], "texture": "#2"},
				"west": {"uv": [0, 0, 1, 1], "texture": "#2"},
				"up": {"uv": [0, 0, 1, 1], "texture": "#2"},
				"down": {"uv": [0, 0, 1, 1], "texture": "#2"}
			}
		},
		{
			"from": [11, 3, 0],
			"to": [12, 4, 1],
			"faces": {
				"north": {"uv": [0, 0, 16, 16], "texture": "#2"},
				"east": {"uv": [0, 0, 1, 1], "texture": "#2"},
				"south": {"uv": [0, 0, 1, 1], "texture": "#2"},
				"west": {"uv": [0, 0, 1, 1], "texture": "#2"},
				"up": {"uv": [0, 0, 1, 1], "texture": "#2"},
				"down": {"uv": [0, 0, 1, 1], "texture": "#2"}
			}
		},
		{
			"from": [13, 3, 0],
			"to": [14, 4, 1],
			"faces": {
				"north": {"uv": [0, 0, 16, 16], "texture": "#2"},
				"east": {"uv": [0, 0, 1, 1], "texture": "#2"},
				"south": {"uv": [0, 0, 1, 1], "texture": "#2"},
				"west": {"uv": [0, 0, 1, 1], "texture": "#2"},
				"up": {"uv": [0, 0, 1, 1], "texture": "#2"},
				"down": {"uv": [0, 0, 1, 1], "texture": "#2"}
			}
		},
		{
			"from": [2, 1, 0],
			"to": [8, 4, 1],
			"faces": {
				"north": {"uv": [0, 0, 16, 16], "texture": "#1"},
				"east": {"uv": [0, 0, 1, 3], "texture": "#1"},
				"south": {"uv": [0, 0, 6, 3], "texture": "#1"},
				"west": {"uv": [0, 0, 1, 3], "texture": "#1"},
				"up": {"uv": [0, 0, 6, 1], "texture": "#1"},
				"down": {"uv": [0, 0, 6, 1], "texture": "#1"}
			}
		},
		{
			"from": [17, 0, 6],
			"to": [21, 0.25, 10],
			"faces": {
				"north": {"uv": [0, 0, 4, 0.25], "texture": "#4"},
				"east": {"uv": [0, 0, 4, 0.25], "texture": "#4"},
				"south": {"uv": [0, 0, 4, 0.25], "texture": "#4"},
				"west": {"uv": [0, 0, 4, 0.25], "texture": "#4"},
				"up": {"uv": [0, 0, 4, 4], "texture": "#4"},
				"down": {"uv": [0, 0, 4, 4], "texture": "#4"}
			}
		},
		{
			"from": [18.75, 0.25, 7.75],
			"to": [19.25, 5, 8.25],
			"faces": {
				"north": {"uv": [0, 0, 0.5, 4.75], "texture": "#4"},
				"east": {"uv": [0, 0, 0.5, 4.75], "texture": "#4"},
				"south": {"uv": [0, 0, 0.5, 4.75], "texture": "#4"},
				"west": {"uv": [0, 0, 0.5, 4.75], "texture": "#4"},
				"up": {"uv": [0, 0, 0.5, 0.5], "texture": "#4"},
				"down": {"uv": [0, 0, 0.5, 0.5], "texture": "#4"}
			}
		},
		{
			"from": [18.75106, 4.89423, 1.60474],
			"to": [19.25106, 5.39423, 10.35474],
			"rotation": {"angle": 22.5, "axis": "x", "origin": [19.00106, 7.39423, 7.97974]},
			"faces": {
				"north": {"uv": [0, 0, 0.5, 0.5], "rotation": 180, "texture": "#4"},
				"east": {"uv": [0, 0, 0.5, 8.75], "rotation": 270, "texture": "#4"},
				"south": {"uv": [0, 0, 0.5, 0.5], "texture": "#4"},
				"west": {"uv": [0, 0, 0.5, 8.75], "rotation": 90, "texture": "#4"},
				"up": {"uv": [0, 0, 0.5, 8.75], "rotation": 180, "texture": "#4"},
				"down": {"uv": [0, 0, 0.5, 8.75], "texture": "#4"}
			}
		},
		{
			"from": [18.50106, 4.64423, -0.39526],
			"to": [19.50106, 5.64423, 1.60474],
			"rotation": {"angle": 22.5, "axis": "x", "origin": [19.00106, 7.39423, 7.97974]},
			"faces": {
				"north": {"uv": [0, 0, 1, 1], "rotation": 180, "texture": "#3"},
				"east": {"uv": [0, 0, 1, 2], "rotation": 270, "texture": "#3"},
				"south": {"uv": [0, 0, 1, 1], "texture": "#3"},
				"west": {"uv": [0, 0, 1, 2], "rotation": 90, "texture": "#3"},
				"up": {"uv": [0, 0, 1, 2], "rotation": 180, "texture": "#3"},
				"down": {"uv": [0, 0, 1, 2], "texture": "#3"}
			}
		}
	],
	"gui_light": "front",
	"display": {
		"thirdperson_righthand": {
			"rotation": [0, -180, 0],
			"translation": [0, 8, 0]
		},
		"thirdperson_lefthand": {
			"rotation": [0, -180, 0],
			"translation": [0, 8, 0]
		},
		"firstperson_righthand": {
			"rotation": [0, 45, 0],
			"scale": [0.4, 0.4, 0.4]
		},
		"firstperson_lefthand": {
			"rotation": [0, 225, 0],
			"scale": [0.4, 0.4, 0.4]
		},
		"ground": {
			"translation": [0, 3, 0],
			"scale": [0.25, 0.25, 0.25]
		},
		"gui": {
			"rotation": [30, 225, 0],
			"scale": [0.625, 0.625, 0.625]
		},
		"fixed": {
			"scale": [0.5, 0.5, 0.5]
		}
	}
}