{
	"format_version": "1.21.6",
	"textures": {
		"0": "images/road2",
		"1": "block/light_gray_concrete",
		"particle": "images/road2"
	},
	"elements": [
		{
			"from": [-2, 4, 5.25],
			"to": [18, 12, 5.5],
			"rotation": {"angle": 0, "axis": "y", "origin": [8, 8, 5]},
			"faces": {
				"north": {"uv": [0.384, 6.688, 0.798, 6.752], "texture": "#0"},
				"east": {"uv": [5.51967, 4.671, 5.93367, 4.735], "texture": "#0"},
				"south": {"uv": [3.59467, 6.18767, 4.00867, 6.25167], "texture": "#0"},
				"west": {"uv": [5.61133, 4.57933, 6.02533, 4.64333], "texture": "#0"},
				"up": {"uv": [6.01133, 4.62933, 6.42533, 4.69333], "texture": "#0"},
				"down": {"uv": [5.61133, 4.53767, 6.02533, 4.60167], "texture": "#0"}
			}
		},
		{
			"from": [-2, 4, 5.225],
			"to": [18, 12, 5.235],
			"rotation": {"angle": 0, "axis": "y", "origin": [8, 8, 4.75]},
			"faces": {
				"north": {"uv": [0, 1.34167, 16, 14.68333], "texture": "#0"}
			}
		},
		{
			"from": [-2, 10, 5.5],
			"to": [18, 11, 5.75],
			"rotation": {"angle": 0, "axis": "y", "origin": [25, 18, 13.5]},
			"faces": {
				"north": {"uv": [0, 0, 16, 1], "texture": "#1"},
				"east": {"uv": [0, 0, 0.25, 1], "texture": "#1"},
				"south": {"uv": [0, 0, 16, 1], "texture": "#1"},
				"west": {"uv": [0, 0, 0.25, 1], "texture": "#1"},
				"up": {"uv": [0, 0, 16, 0.25], "texture": "#1"},
				"down": {"uv": [0, 0, 16, 0.25], "texture": "#1"}
			}
		},
		{
			"from": [-2, 10.75, 5.75],
			"to": [18, 11, 6],
			"rotation": {"angle": 0, "axis": "y", "origin": [25, 18, 13.75]},
			"faces": {
				"north": {"uv": [0, 0, 16, 0.25], "texture": "#1"},
				"east": {"uv": [0, 0, 0.25, 0.25], "texture": "#1"},
				"south": {"uv": [0, 0, 16, 0.25], "texture": "#1"},
				"west": {"uv": [0, 0, 0.25, 0.25], "texture": "#1"},
				"up": {"uv": [0, 0, 16, 0.25], "texture": "#1"},
				"down": {"uv": [0, 0, 16, 0.25], "texture": "#1"}
			}
		},
		{
			"from": [-2, 5.75, 5.75],
			"to": [18, 6, 6],
			"rotation": {"angle": 0, "axis": "y", "origin": [25, 13, 13.75]},
			"faces": {
				"north": {"uv": [0, 0, 16, 0.25], "texture": "#1"},
				"east": {"uv": [0, 0, 0.25, 0.25], "texture": "#1"},
				"south": {"uv": [0, 0, 16, 0.25], "texture": "#1"},
				"west": {"uv": [0, 0, 0.25, 0.25], "texture": "#1"},
				"up": {"uv": [0, 0, 16, 0.25], "texture": "#1"},
				"down": {"uv": [0, 0, 16, 0.25], "texture": "#1"}
			}
		},
		{
			"from": [-2, 10, 5.75],
			"to": [18, 10.25, 6],
			"rotation": {"angle": 0, "axis": "y", "origin": [25, 17.25, 13.75]},
			"faces": {
				"north": {"uv": [0, 0, 16, 0.25], "texture": "#1"},
				"east": {"uv": [0, 0, 0.25, 0.25], "texture": "#1"},
				"south": {"uv": [0, 0, 16, 0.25], "texture": "#1"},
				"west": {"uv": [0, 0, 0.25, 0.25], "texture": "#1"},
				"up": {"uv": [0, 0, 16, 0.25], "texture": "#1"},
				"down": {"uv": [0, 0, 16, 0.25], "texture": "#1"}
			}
		},
		{
			"from": [-2, 5, 5.75],
			"to": [18, 5.25, 6],
			"rotation": {"angle": 0, "axis": "y", "origin": [25, 12.25, 13.75]},
			"faces": {
				"north": {"uv": [0, 0, 16, 0.25], "texture": "#1"},
				"east": {"uv": [0, 0, 0.25, 0.25], "texture": "#1"},
				"south": {"uv": [0, 0, 16, 0.25], "texture": "#1"},
				"west": {"uv": [0, 0, 0.25, 0.25], "texture": "#1"},
				"up": {"uv": [0, 0, 16, 0.25], "texture": "#1"},
				"down": {"uv": [0, 0, 16, 0.25], "texture": "#1"}
			}
		},
		{
			"from": [-2, 5, 5.5],
			"to": [18, 6, 5.75],
			"rotation": {"angle": 0, "axis": "y", "origin": [25, 13, 13.5]},
			"faces": {
				"north": {"uv": [0, 0, 16, 1], "texture": "#1"},
				"east": {"uv": [0, 0, 0.25, 1], "texture": "#1"},
				"south": {"uv": [0, 0, 16, 1], "texture": "#1"},
				"west": {"uv": [0, 0, 0.25, 1], "texture": "#1"},
				"up": {"uv": [0, 0, 16, 0.25], "texture": "#1"},
				"down": {"uv": [0, 0, 16, 0.25], "texture": "#1"}
			}
		},
		{
			"from": [5.5, 5.25, 5.75],
			"to": [5.75, 5.75, 10.75],
			"rotation": {"angle": 0, "axis": "y", "origin": [12.75, 13, 13.75]},
			"faces": {
				"north": {"uv": [0, 0, 0.25, 0.5], "texture": "#1"},
				"east": {"uv": [0, 0, 5, 0.5], "texture": "#1"},
				"south": {"uv": [0, 0, 0.25, 0.5], "texture": "#1"},
				"west": {"uv": [0, 0, 5, 0.5], "texture": "#1"},
				"up": {"uv": [0, 0, 0.25, 5], "texture": "#1"},
				"down": {"uv": [0, 0, 0.25, 5], "texture": "#1"}
			}
		},
		{
			"from": [5.5, 10.25, 5.75],
			"to": [5.75, 10.75, 10.75],
			"rotation": {"angle": 0, "axis": "y", "origin": [12.75, 18, 13.75]},
			"faces": {
				"north": {"uv": [0, 0, 0.25, 0.5], "texture": "#1"},
				"east": {"uv": [0, 0, 5, 0.5], "texture": "#1"},
				"south": {"uv": [0, 0, 0.25, 0.5], "texture": "#1"},
				"west": {"uv": [0, 0, 5, 0.5], "texture": "#1"},
				"up": {"uv": [0, 0, 0.25, 5], "texture": "#1"},
				"down": {"uv": [0, 0, 0.25, 5], "texture": "#1"}
			}
		},
		{
			"from": [5.25, 10, 10.25],
			"to": [6, 11, 10.5],
			"rotation": {"angle": 0, "axis": "y", "origin": [12.75, 18, 13.75]},
			"faces": {
				"north": {"uv": [0, 0, 0.75, 1], "texture": "#1"},
				"east": {"uv": [0, 0, 0.25, 1], "texture": "#1"},
				"south": {"uv": [0, 0, 0.75, 1], "texture": "#1"},
				"west": {"uv": [0, 0, 0.25, 1], "texture": "#1"},
				"up": {"uv": [0, 0, 0.75, 0.25], "texture": "#1"},
				"down": {"uv": [0, 0, 0.75, 0.25], "texture": "#1"}
			}
		},
		{
			"from": [5.25, 5, 10.25],
			"to": [6, 6, 10.5],
			"rotation": {"angle": 0, "axis": "y", "origin": [12.75, 13, 13.75]},
			"faces": {
				"north": {"uv": [0, 0, 0.75, 1], "texture": "#1"},
				"east": {"uv": [0, 0, 0.25, 1], "texture": "#1"},
				"south": {"uv": [0, 0, 0.75, 1], "texture": "#1"},
				"west": {"uv": [0, 0, 0.25, 1], "texture": "#1"},
				"up": {"uv": [0, 0, 0.75, 0.25], "texture": "#1"},
				"down": {"uv": [0, 0, 0.75, 0.25], "texture": "#1"}
			}
		},
		{
			"from": [10, 10, 10.25],
			"to": [10.75, 11, 10.5],
			"rotation": {"angle": 0, "axis": "y", "origin": [17.5, 18, 13.75]},
			"faces": {
				"north": {"uv": [0, 0, 0.75, 1], "texture": "#1"},
				"east": {"uv": [0, 0, 0.25, 1], "texture": "#1"},
				"south": {"uv": [0, 0, 0.75, 1], "texture": "#1"},
				"west": {"uv": [0, 0, 0.25, 1], "texture": "#1"},
				"up": {"uv": [0, 0, 0.75, 0.25], "texture": "#1"},
				"down": {"uv": [0, 0, 0.75, 0.25], "texture": "#1"}
			}
		},
		{
			"from": [10, 5, 10.25],
			"to": [10.75, 6, 10.5],
			"rotation": {"angle": 0, "axis": "y", "origin": [17.5, 13, 13.75]},
			"faces": {
				"north": {"uv": [0, 0, 0.75, 1], "texture": "#1"},
				"east": {"uv": [0, 0, 0.25, 1], "texture": "#1"},
				"south": {"uv": [0, 0, 0.75, 1], "texture": "#1"},
				"west": {"uv": [0, 0, 0.25, 1], "texture": "#1"},
				"up": {"uv": [0, 0, 0.75, 0.25], "texture": "#1"},
				"down": {"uv": [0, 0, 0.75, 0.25], "texture": "#1"}
			}
		},
		{
			"from": [10.25, 5.25, 5.75],
			"to": [10.5, 5.75, 10.75],
			"rotation": {"angle": 0, "axis": "y", "origin": [17.5, 13, 13.75]},
			"faces": {
				"north": {"uv": [0, 0, 0.25, 0.5], "texture": "#1"},
				"east": {"uv": [0, 0, 5, 0.5], "texture": "#1"},
				"south": {"uv": [0, 0, 0.25, 0.5], "texture": "#1"},
				"west": {"uv": [0, 0, 5, 0.5], "texture": "#1"},
				"up": {"uv": [0, 0, 0.25, 5], "texture": "#1"},
				"down": {"uv": [0, 0, 0.25, 5], "texture": "#1"}
			}
		},
		{
			"from": [10.25, 10.25, 5.75],
			"to": [10.5, 10.75, 10.75],
			"rotation": {"angle": 0, "axis": "y", "origin": [17.5, 18, 13.75]},
			"faces": {
				"north": {"uv": [0, 0, 0.25, 0.5], "texture": "#1"},
				"east": {"uv": [0, 0, 5, 0.5], "texture": "#1"},
				"south": {"uv": [0, 0, 0.25, 0.5], "texture": "#1"},
				"west": {"uv": [0, 0, 5, 0.5], "texture": "#1"},
				"up": {"uv": [0, 0, 0.25, 5], "texture": "#1"},
				"down": {"uv": [0, 0, 0.25, 5], "texture": "#1"}
			}
		},
		{
			"from": [5, 10, 10],
			"to": [11, 11, 10.25],
			"rotation": {"angle": 0, "axis": "y", "origin": [13, 18, 17.25]},
			"faces": {
				"north": {"uv": [0, 0, 6, 1], "texture": "#1"},
				"east": {"uv": [0, 0, 0.25, 1], "texture": "#1"},
				"south": {"uv": [0, 0, 6, 1], "texture": "#1"},
				"west": {"uv": [0, 0, 0.25, 1], "texture": "#1"},
				"up": {"uv": [0, 0, 6, 0.25], "texture": "#1"},
				"down": {"uv": [0, 0, 6, 0.25], "texture": "#1"}
			}
		},
		{
			"from": [5, 5, 10],
			"to": [11, 6, 10.25],
			"rotation": {"angle": 0, "axis": "y", "origin": [13, 13, 17.25]},
			"faces": {
				"north": {"uv": [0, 0, 6, 1], "texture": "#1"},
				"east": {"uv": [0, 0, 0.25, 1], "texture": "#1"},
				"south": {"uv": [0, 0, 6, 1], "texture": "#1"},
				"west": {"uv": [0, 0, 0.25, 1], "texture": "#1"},
				"up": {"uv": [0, 0, 6, 0.25], "texture": "#1"},
				"down": {"uv": [0, 0, 6, 0.25], "texture": "#1"}
			}
		}
	],
	"gui_light": "front",
	"display": {
		"thirdperson_righthand": {
			"rotation": [0, -180, 0],
			"translation": [0, 8, 0]
		},
		"thirdperson_lefthand": {
			"rotation": [0, -180, 0],
			"translation": [0, 8, 0]
		},
		"firstperson_righthand": {
			"rotation": [0, 45, 0],
			"scale": [0.4, 0.4, 0.4]
		},
		"firstperson_lefthand": {
			"rotation": [0, -135, 0],
			"scale": [0.4, 0.4, 0.4]
		},
		"ground": {
			"translation": [0, 3, 0],
			"scale": [0.25, 0.25, 0.25]
		},
		"gui": {
			"rotation": [30, -135, 0],
			"scale": [0.625, 0.625, 0.625]
		},
		"fixed": {
			"scale": [0.5, 0.5, 0.5]
		}
	}
}