{
		"textures": {
		"0": "block/anvil",
		"1": "block/light_gray_concrete",
		"2": "block/black_terracotta",
		"3": "block/yellow_concrete",
		"particle": "block/anvil"
	},
	"elements": [
		{
			"from": [-16, 1, 2],
			"to": [32, 15, 3],
			"rotation": {"angle": 0, "axis": "y", "origin": [0, 11, 10]},
			"faces": {
				"north": {"uv": [0, 0, 16, 14], "texture": "#0"},
				"east": {"uv": [0, 0, 1, 14], "texture": "#0"},
				"south": {"uv": [0, 0, 16, 14], "texture": "#0"},
				"west": {"uv": [0, 0, 1, 14], "texture": "#0"},
				"up": {"uv": [0, 0, 16, 1], "texture": "#0"},
				"down": {"uv": [0, 0, 16, 1], "texture": "#0"}
			}
		},
		{
			"from": [-14, 3, 3],
			"to": [30, 13, 5],
			"rotation": {"angle": 0, "axis": "y", "origin": [0, 11, 11]},
			"faces": {
				"north": {"uv": [0, 0, 16, 10], "texture": "#0"},
				"east": {"uv": [0, 0, 2, 10], "texture": "#0"},
				"south": {"uv": [0, 0, 16, 10], "texture": "#0"},
				"west": {"uv": [0, 0, 2, 10], "texture": "#0"},
				"up": {"uv": [0, 0, 16, 2], "texture": "#0"},
				"down": {"uv": [0, 0, 16, 2], "texture": "#0"}
			}
		},
		{
			"from": [-14.25, 10, 5.75],
			"to": [30.25, 12, 6],
			"rotation": {"angle": 0, "axis": "y", "origin": [0, 10, 12]},
			"faces": {
				"north": {"uv": [0, 0, 16, 2], "texture": "#1"},
				"east": {"uv": [0, 0, 0.25, 2], "texture": "#1"},
				"south": {"uv": [0, 0, 16, 2], "texture": "#1"},
				"west": {"uv": [0, 0, 0.25, 2], "texture": "#1"},
				"up": {"uv": [0, 0, 16, 0.25], "texture": "#1"},
				"down": {"uv": [0, 0, 16, 0.25], "texture": "#1"}
			}
		},
		{
			"from": [-14.25, 10, 3.5],
			"to": [-14, 12, 5.75],
			"rotation": {"angle": 0, "axis": "y", "origin": [0, 10, 11.75]},
			"faces": {
				"north": {"uv": [0, 0, 0.25, 2], "texture": "#1"},
				"east": {"uv": [0, 0, 2.25, 2], "texture": "#1"},
				"south": {"uv": [0, 0, 0.25, 2], "texture": "#1"},
				"west": {"uv": [0, 0, 2.25, 2], "texture": "#1"},
				"up": {"uv": [0, 0, 0.25, 2.25], "texture": "#1"},
				"down": {"uv": [0, 0, 0.25, 2.25], "texture": "#1"}
			}
		},
		{
			"from": [30, 10, 3.5],
			"to": [30.25, 12, 5.75],
			"rotation": {"angle": 0, "axis": "y", "origin": [44.25, 10, 11.75]},
			"faces": {
				"north": {"uv": [0, 0, 0.25, 2], "texture": "#1"},
				"east": {"uv": [0, 0, 2.25, 2], "texture": "#1"},
				"south": {"uv": [0, 0, 0.25, 2], "texture": "#1"},
				"west": {"uv": [0, 0, 2.25, 2], "texture": "#1"},
				"up": {"uv": [0, 0, 0.25, 2.25], "texture": "#1"},
				"down": {"uv": [0, 0, 0.25, 2.25], "texture": "#1"}
			}
		},
		{
			"from": [10, 10, 6],
			"to": [10.25, 12, 10.25],
			"rotation": {"angle": 0, "axis": "y", "origin": [24.25, 10, 14.25]},
			"faces": {
				"north": {"uv": [0, 0, 0.25, 2], "texture": "#1"},
				"east": {"uv": [0, 0, 4.25, 2], "texture": "#1"},
				"south": {"uv": [0, 0, 0.25, 2], "texture": "#1"},
				"west": {"uv": [0, 0, 4.25, 2], "texture": "#1"},
				"up": {"uv": [0, 0, 0.25, 4.25], "texture": "#1"},
				"down": {"uv": [0, 0, 0.25, 4.25], "texture": "#1"}
			}
		},
		{
			"from": [6, 10, 10],
			"to": [10, 12, 10.25],
			"rotation": {"angle": 0, "axis": "y", "origin": [20.25, 10, 14.25]},
			"faces": {
				"north": {"uv": [0, 0, 4, 2], "texture": "#1"},
				"east": {"uv": [0, 0, 0.25, 2], "texture": "#1"},
				"south": {"uv": [0, 0, 4, 2], "texture": "#1"},
				"west": {"uv": [0, 0, 0.25, 2], "texture": "#1"},
				"up": {"uv": [0, 0, 4, 0.25], "texture": "#1"},
				"down": {"uv": [0, 0, 4, 0.25], "texture": "#1"}
			}
		},
		{
			"from": [6, 4, 10],
			"to": [10, 6, 10.25],
			"rotation": {"angle": 0, "axis": "y", "origin": [20.25, 4, 14.25]},
			"faces": {
				"north": {"uv": [0, 0, 4, 2], "texture": "#1"},
				"east": {"uv": [0, 0, 0.25, 2], "texture": "#1"},
				"south": {"uv": [0, 0, 4, 2], "texture": "#1"},
				"west": {"uv": [0, 0, 0.25, 2], "texture": "#1"},
				"up": {"uv": [0, 0, 4, 0.25], "texture": "#1"},
				"down": {"uv": [0, 0, 4, 0.25], "texture": "#1"}
			}
		},
		{
			"from": [5.75, 10, 6],
			"to": [6, 12, 10.25],
			"rotation": {"angle": 0, "axis": "y", "origin": [20, 10, 14.25]},
			"faces": {
				"north": {"uv": [0, 0, 0.25, 2], "texture": "#1"},
				"east": {"uv": [0, 0, 4.25, 2], "texture": "#1"},
				"south": {"uv": [0, 0, 0.25, 2], "texture": "#1"},
				"west": {"uv": [0, 0, 4.25, 2], "texture": "#1"},
				"up": {"uv": [0, 0, 0.25, 4.25], "texture": "#1"},
				"down": {"uv": [0, 0, 0.25, 4.25], "texture": "#1"}
			}
		},
		{
			"from": [-14.25, 4, 3.5],
			"to": [-14, 6, 5.75],
			"rotation": {"angle": 0, "axis": "y", "origin": [0, 4, 11.75]},
			"faces": {
				"north": {"uv": [0, 0, 0.25, 2], "texture": "#1"},
				"east": {"uv": [0, 0, 2.25, 2], "texture": "#1"},
				"south": {"uv": [0, 0, 0.25, 2], "texture": "#1"},
				"west": {"uv": [0, 0, 2.25, 2], "texture": "#1"},
				"up": {"uv": [0, 0, 0.25, 2.25], "texture": "#1"},
				"down": {"uv": [0, 0, 0.25, 2.25], "texture": "#1"}
			}
		},
		{
			"from": [30, 4, 3.5],
			"to": [30.25, 6, 5.75],
			"rotation": {"angle": 0, "axis": "y", "origin": [44.25, 4, 11.75]},
			"faces": {
				"north": {"uv": [0, 0, 0.25, 2], "texture": "#1"},
				"east": {"uv": [0, 0, 2.25, 2], "texture": "#1"},
				"south": {"uv": [0, 0, 0.25, 2], "texture": "#1"},
				"west": {"uv": [0, 0, 2.25, 2], "texture": "#1"},
				"up": {"uv": [0, 0, 0.25, 2.25], "texture": "#1"},
				"down": {"uv": [0, 0, 0.25, 2.25], "texture": "#1"}
			}
		},
		{
			"from": [10, 4, 6],
			"to": [10.25, 6, 10.25],
			"rotation": {"angle": 0, "axis": "y", "origin": [24.25, 4, 14.25]},
			"faces": {
				"north": {"uv": [0, 0, 0.25, 2], "texture": "#1"},
				"east": {"uv": [0, 0, 4.25, 2], "texture": "#1"},
				"south": {"uv": [0, 0, 0.25, 2], "texture": "#1"},
				"west": {"uv": [0, 0, 4.25, 2], "texture": "#1"},
				"up": {"uv": [0, 0, 0.25, 4.25], "texture": "#1"},
				"down": {"uv": [0, 0, 0.25, 4.25], "texture": "#1"}
			}
		},
		{
			"from": [5.75, 4, 6],
			"to": [6, 6, 10.25],
			"rotation": {"angle": 0, "axis": "y", "origin": [20, 4, 14.25]},
			"faces": {
				"north": {"uv": [0, 0, 0.25, 2], "texture": "#1"},
				"east": {"uv": [0, 0, 4.25, 2], "texture": "#1"},
				"south": {"uv": [0, 0, 0.25, 2], "texture": "#1"},
				"west": {"uv": [0, 0, 4.25, 2], "texture": "#1"},
				"up": {"uv": [0, 0, 0.25, 4.25], "texture": "#1"},
				"down": {"uv": [0, 0, 0.25, 4.25], "texture": "#1"}
			}
		},
		{
			"from": [-14.25, 4, 5.75],
			"to": [30.25, 6, 6],
			"rotation": {"angle": 0, "axis": "y", "origin": [0, 4, 12]},
			"faces": {
				"north": {"uv": [0, 0, 16, 2], "texture": "#1"},
				"east": {"uv": [0, 0, 0.25, 2], "texture": "#1"},
				"south": {"uv": [0, 0, 16, 2], "texture": "#1"},
				"west": {"uv": [0, 0, 0.25, 2], "texture": "#1"},
				"up": {"uv": [0, 0, 16, 0.25], "texture": "#1"},
				"down": {"uv": [0, 0, 16, 0.25], "texture": "#1"}
			}
		},
		{
			"from": [3, 3, 1],
			"to": [13, 13, 2],
			"rotation": {"angle": 0, "axis": "y", "origin": [20, 11, 9]},
			"faces": {
				"north": {"uv": [0, 0, 10, 10], "texture": "#3"},
				"east": {"uv": [0, 0, 1, 10], "texture": "#3"},
				"south": {"uv": [0, 0, 10, 10], "texture": "#3"},
				"west": {"uv": [0, 0, 1, 10], "texture": "#3"},
				"up": {"uv": [0, 0, 10, 1], "texture": "#3"},
				"down": {"uv": [0, 0, 10, 1], "texture": "#3"}
			}
		},
		{
			"from": [19, 3, 1],
			"to": [29, 13, 2],
			"rotation": {"angle": 0, "axis": "y", "origin": [36, 11, 9]},
			"faces": {
				"north": {"uv": [0, 0, 10, 10], "texture": "#2"},
				"east": {"uv": [0, 0, 1, 10], "texture": "#2"},
				"south": {"uv": [0, 0, 10, 10], "texture": "#2"},
				"west": {"uv": [0, 0, 1, 10], "texture": "#2"},
				"up": {"uv": [0, 0, 10, 1], "texture": "#2"},
				"down": {"uv": [0, 0, 10, 1], "texture": "#2"}
			}
		},
		{
			"from": [19, 13, -5],
			"to": [29, 13.5, 2],
			"rotation": {"angle": 0, "axis": "y", "origin": [36, 11.5, 9]},
			"faces": {
				"north": {"uv": [0, 0, 10, 0.5], "texture": "#0"},
				"east": {"uv": [0, 0, 7, 0.5], "texture": "#0"},
				"south": {"uv": [0, 0, 10, 0.5], "texture": "#0"},
				"west": {"uv": [0, 0, 7, 0.5], "texture": "#0"},
				"up": {"uv": [0, 0, 10, 7], "texture": "#0"},
				"down": {"uv": [0, 0, 10, 7], "texture": "#0"}
			}
		},
		{
			"from": [3, 13, -5],
			"to": [13, 13.5, 2],
			"rotation": {"angle": 0, "axis": "y", "origin": [20, 11.5, 9]},
			"faces": {
				"north": {"uv": [0, 0, 10, 0.5], "texture": "#0"},
				"east": {"uv": [0, 0, 7, 0.5], "texture": "#0"},
				"south": {"uv": [0, 0, 10, 0.5], "texture": "#0"},
				"west": {"uv": [0, 0, 7, 0.5], "texture": "#0"},
				"up": {"uv": [0, 0, 10, 7], "texture": "#0"},
				"down": {"uv": [0, 0, 10, 7], "texture": "#0"}
			}
		},
		{
			"from": [-13, 13, -5],
			"to": [-3, 13.5, 2],
			"rotation": {"angle": 0, "axis": "y", "origin": [4, 11.5, 9]},
			"faces": {
				"north": {"uv": [0, 0, 10, 0.5], "texture": "#0"},
				"east": {"uv": [0, 0, 7, 0.5], "texture": "#0"},
				"south": {"uv": [0, 0, 10, 0.5], "texture": "#0"},
				"west": {"uv": [0, 0, 7, 0.5], "texture": "#0"},
				"up": {"uv": [0, 0, 10, 7], "texture": "#0"},
				"down": {"uv": [0, 0, 10, 7], "texture": "#0"}
			}
		},
		{
			"from": [18.5, 7.5, -5],
			"to": [19, 13.5, 2],
			"rotation": {"angle": 0, "axis": "y", "origin": [35.5, 11, 9]},
			"faces": {
				"north": {"uv": [0, 0, 0.5, 6], "texture": "#0"},
				"east": {"uv": [0, 0, 7, 6], "texture": "#0"},
				"south": {"uv": [0, 0, 0.5, 6], "texture": "#0"},
				"west": {"uv": [0, 0, 7, 6], "texture": "#0"},
				"up": {"uv": [0, 0, 0.5, 7], "texture": "#0"},
				"down": {"uv": [0, 0, 0.5, 7], "texture": "#0"}
			}
		},
		{
			"from": [2.5, 7.5, -5],
			"to": [3, 13.5, 2],
			"rotation": {"angle": 0, "axis": "y", "origin": [19.5, 11, 9]},
			"faces": {
				"north": {"uv": [0, 0, 0.5, 6], "texture": "#0"},
				"east": {"uv": [0, 0, 7, 6], "texture": "#0"},
				"south": {"uv": [0, 0, 0.5, 6], "texture": "#0"},
				"west": {"uv": [0, 0, 7, 6], "texture": "#0"},
				"up": {"uv": [0, 0, 0.5, 7], "texture": "#0"},
				"down": {"uv": [0, 0, 0.5, 7], "texture": "#0"}
			}
		},
		{
			"from": [-13.5, 7.5, -5],
			"to": [-13, 13.5, 2],
			"rotation": {"angle": 0, "axis": "y", "origin": [3.5, 11, 9]},
			"faces": {
				"north": {"uv": [0, 0, 0.5, 6], "texture": "#0"},
				"east": {"uv": [0, 0, 7, 6], "texture": "#0"},
				"south": {"uv": [0, 0, 0.5, 6], "texture": "#0"},
				"west": {"uv": [0, 0, 7, 6], "texture": "#0"},
				"up": {"uv": [0, 0, 0.5, 7], "texture": "#0"},
				"down": {"uv": [0, 0, 0.5, 7], "texture": "#0"}
			}
		},
		{
			"from": [18.5, 3, -2],
			"to": [19, 7.5, 2],
			"rotation": {"angle": 0, "axis": "y", "origin": [35.5, 5, 9]},
			"faces": {
				"north": {"uv": [0, 0, 0.5, 4.5], "texture": "#0"},
				"east": {"uv": [0, 0, 4, 4.5], "texture": "#0"},
				"south": {"uv": [0, 0, 0.5, 4.5], "texture": "#0"},
				"west": {"uv": [0, 0, 4, 4.5], "texture": "#0"},
				"up": {"uv": [0, 0, 0.5, 4], "texture": "#0"},
				"down": {"uv": [0, 0, 0.5, 4], "texture": "#0"}
			}
		},
		{
			"from": [2.5, 3, -2],
			"to": [3, 7.5, 2],
			"rotation": {"angle": 0, "axis": "y", "origin": [19.5, 5, 9]},
			"faces": {
				"north": {"uv": [0, 0, 0.5, 4.5], "texture": "#0"},
				"east": {"uv": [0, 0, 4, 4.5], "texture": "#0"},
				"south": {"uv": [0, 0, 0.5, 4.5], "texture": "#0"},
				"west": {"uv": [0, 0, 4, 4.5], "texture": "#0"},
				"up": {"uv": [0, 0, 0.5, 4], "texture": "#0"},
				"down": {"uv": [0, 0, 0.5, 4], "texture": "#0"}
			}
		},
		{
			"from": [-13.5, 3, -2],
			"to": [-13, 7.5, 2],
			"rotation": {"angle": 0, "axis": "y", "origin": [3.5, 5, 9]},
			"faces": {
				"north": {"uv": [0, 0, 0.5, 4.5], "texture": "#0"},
				"east": {"uv": [0, 0, 4, 4.5], "texture": "#0"},
				"south": {"uv": [0, 0, 0.5, 4.5], "texture": "#0"},
				"west": {"uv": [0, 0, 4, 4.5], "texture": "#0"},
				"up": {"uv": [0, 0, 0.5, 4], "texture": "#0"},
				"down": {"uv": [0, 0, 0.5, 4], "texture": "#0"}
			}
		},
		{
			"from": [29, 7.5, -5],
			"to": [29.5, 13.5, 2],
			"rotation": {"angle": 0, "axis": "y", "origin": [46, 11, 9]},
			"faces": {
				"north": {"uv": [0, 0, 0.5, 6], "texture": "#0"},
				"east": {"uv": [0, 0, 7, 6], "texture": "#0"},
				"south": {"uv": [0, 0, 0.5, 6], "texture": "#0"},
				"west": {"uv": [0, 0, 7, 6], "texture": "#0"},
				"up": {"uv": [0, 0, 0.5, 7], "texture": "#0"},
				"down": {"uv": [0, 0, 0.5, 7], "texture": "#0"}
			}
		},
		{
			"from": [13, 7.5, -5],
			"to": [13.5, 13.5, 2],
			"rotation": {"angle": 0, "axis": "y", "origin": [30, 11, 9]},
			"faces": {
				"north": {"uv": [0, 0, 0.5, 6], "texture": "#0"},
				"east": {"uv": [0, 0, 7, 6], "texture": "#0"},
				"south": {"uv": [0, 0, 0.5, 6], "texture": "#0"},
				"west": {"uv": [0, 0, 7, 6], "texture": "#0"},
				"up": {"uv": [0, 0, 0.5, 7], "texture": "#0"},
				"down": {"uv": [0, 0, 0.5, 7], "texture": "#0"}
			}
		},
		{
			"from": [-3, 7.5, -5],
			"to": [-2.5, 13.5, 2],
			"rotation": {"angle": 0, "axis": "y", "origin": [14, 11, 9]},
			"faces": {
				"north": {"uv": [0, 0, 0.5, 6], "texture": "#0"},
				"east": {"uv": [0, 0, 7, 6], "texture": "#0"},
				"south": {"uv": [0, 0, 0.5, 6], "texture": "#0"},
				"west": {"uv": [0, 0, 7, 6], "texture": "#0"},
				"up": {"uv": [0, 0, 0.5, 7], "texture": "#0"},
				"down": {"uv": [0, 0, 0.5, 7], "texture": "#0"}
			}
		},
		{
			"from": [29, 3, -2],
			"to": [29.5, 7.5, 2],
			"rotation": {"angle": 0, "axis": "y", "origin": [46, 5, 9]},
			"faces": {
				"north": {"uv": [0, 0, 0.5, 4.5], "texture": "#0"},
				"east": {"uv": [0, 0, 4, 4.5], "texture": "#0"},
				"south": {"uv": [0, 0, 0.5, 4.5], "texture": "#0"},
				"west": {"uv": [0, 0, 4, 4.5], "texture": "#0"},
				"up": {"uv": [0, 0, 0.5, 4], "texture": "#0"},
				"down": {"uv": [0, 0, 0.5, 4], "texture": "#0"}
			}
		},
		{
			"from": [13, 3, -2],
			"to": [13.5, 7.5, 2],
			"rotation": {"angle": 0, "axis": "y", "origin": [30, 5, 9]},
			"faces": {
				"north": {"uv": [0, 0, 0.5, 4.5], "texture": "#0"},
				"east": {"uv": [0, 0, 4, 4.5], "texture": "#0"},
				"south": {"uv": [0, 0, 0.5, 4.5], "texture": "#0"},
				"west": {"uv": [0, 0, 4, 4.5], "texture": "#0"},
				"up": {"uv": [0, 0, 0.5, 4], "texture": "#0"},
				"down": {"uv": [0, 0, 0.5, 4], "texture": "#0"}
			}
		},
		{
			"from": [-3, 3, -2],
			"to": [-2.5, 7.5, 2],
			"rotation": {"angle": 0, "axis": "y", "origin": [14, 5, 9]},
			"faces": {
				"north": {"uv": [0, 0, 0.5, 4.5], "texture": "#0"},
				"east": {"uv": [0, 0, 4, 4.5], "texture": "#0"},
				"south": {"uv": [0, 0, 0.5, 4.5], "texture": "#0"},
				"west": {"uv": [0, 0, 4, 4.5], "texture": "#0"},
				"up": {"uv": [0, 0, 0.5, 4], "texture": "#0"},
				"down": {"uv": [0, 0, 0.5, 4], "texture": "#0"}
			}
		},
		{
			"from": [-13, 3, 1],
			"to": [-3, 13, 2],
			"rotation": {"angle": 0, "axis": "y", "origin": [4, 11, 9]},
			"faces": {
				"north": {"uv": [0, 0, 10, 10], "texture": "#2"},
				"east": {"uv": [0, 0, 1, 10], "texture": "#2"},
				"south": {"uv": [0, 0, 10, 10], "texture": "#2"},
				"west": {"uv": [0, 0, 1, 10], "texture": "#2"},
				"up": {"uv": [0, 0, 10, 1], "texture": "#2"},
				"down": {"uv": [0, 0, 10, 1], "texture": "#2"}
			}
		}
	],
	"gui_light": "front",
	"display": {
		"thirdperson_righthand": {
			"rotation": [0, -180, 0],
			"translation": [0, 7.75, 0]
		},
		"thirdperson_lefthand": {
			"rotation": [0, -180, 0],
			"translation": [0, 8, 0]
		},
		"firstperson_righthand": {
			"rotation": [0, 45, 0],
			"scale": [0.4, 0.4, 0.4]
		},
		"firstperson_lefthand": {
			"rotation": [0, 225, 0],
			"scale": [0.4, 0.4, 0.4]
		},
		"ground": {
			"translation": [0, 3, 0],
			"scale": [0.25, 0.25, 0.25]
		},
		"gui": {
			"rotation": [30, 225, 0],
			"scale": [0.625, 0.625, 0.625]
		},
		"fixed": {
			"scale": [0.5, 0.5, 0.5]
		}
	}
}