{
		"textures": {
		"0": "block/anvil",
		"1": "block/light_gray_concrete",
		"2": "block/black_terracotta",
		"particle": "block/anvil"
	},
	"elements": [
		{
			"from": [2, 0, 2],
			"to": [14, 26, 3],
			"rotation": {"angle": 0, "axis": "y", "origin": [17, 5, 10]},
			"faces": {
				"north": {"uv": [0, 0, 14, 16], "texture": "#0"},
				"east": {"uv": [0, 0, 1, 14], "texture": "#0"},
				"south": {"uv": [0, 0, 16, 14], "texture": "#0"},
				"west": {"uv": [0, 0, 1, 14], "texture": "#0"},
				"up": {"uv": [0, 0, 16, 1], "texture": "#0"},
				"down": {"uv": [0, 0, 16, 1], "texture": "#0"}
			}
		},
		{
			"from": [3, 2.25, 3],
			"to": [13, 24.25, 5],
			"rotation": {"angle": 0, "axis": "y", "origin": [0, 13.25, 11]},
			"faces": {
				"north": {"uv": [0, 0, 12, 16], "texture": "#0"},
				"east": {"uv": [0, 0, 2, 10], "texture": "#0"},
				"south": {"uv": [0, 0, 16, 10], "texture": "#0"},
				"west": {"uv": [0, 0, 2, 10], "texture": "#0"},
				"up": {"uv": [0, 0, 16, 2], "texture": "#0"},
				"down": {"uv": [0, 0, 16, 2], "texture": "#0"}
			}
		},
		{
			"from": [5.75, 2.25, 5.75],
			"to": [10.25, 24.25, 6],
			"rotation": {"angle": 0, "axis": "y", "origin": [0, 12.25, 12]},
			"faces": {
				"north": {"uv": [0, 0, 16, 2], "texture": "#1"},
				"east": {"uv": [0, 0, 0.25, 2], "texture": "#1"},
				"south": {"uv": [0, 0, 16, 2], "texture": "#1"},
				"west": {"uv": [0, 0, 0.25, 2], "texture": "#1"},
				"up": {"uv": [0, 0, 16, 0.25], "texture": "#1"},
				"down": {"uv": [0, 0, 16, 0.25], "texture": "#1"}
			}
		},
		{
			"from": [5.75, 24.25, 3.75],
			"to": [10.25, 24.5, 6],
			"rotation": {"angle": 0, "axis": "y", "origin": [0, 12.5, 12]},
			"faces": {
				"north": {"uv": [0, 0, 16, 2], "texture": "#1"},
				"east": {"uv": [0, 0, 0.25, 2], "texture": "#1"},
				"south": {"uv": [0, 0, 16, 2], "texture": "#1"},
				"west": {"uv": [0, 0, 0.25, 2], "texture": "#1"},
				"up": {"uv": [0, 0, 16, 0.25], "texture": "#1"},
				"down": {"uv": [0, 0, 16, 0.25], "texture": "#1"}
			}
		},
		{
			"from": [5.75, 2, 3.75],
			"to": [10.25, 2.25, 6],
			"rotation": {"angle": 0, "axis": "y", "origin": [0, -9.75, 12]},
			"faces": {
				"north": {"uv": [0, 0, 16, 2], "texture": "#1"},
				"east": {"uv": [0, 0, 0.25, 2], "texture": "#1"},
				"south": {"uv": [0, 0, 16, 2], "texture": "#1"},
				"west": {"uv": [0, 0, 0.25, 2], "texture": "#1"},
				"up": {"uv": [0, 0, 16, 0.25], "texture": "#1"},
				"down": {"uv": [0, 0, 16, 0.25], "texture": "#1"}
			}
		},
		{
			"from": [10, 15, 6],
			"to": [10.25, 17, 10.25],
			"rotation": {"angle": 0, "axis": "y", "origin": [24.25, 15, 14.25]},
			"faces": {
				"north": {"uv": [0, 0, 0.25, 2], "texture": "#1"},
				"east": {"uv": [0, 0, 4.25, 2], "texture": "#1"},
				"south": {"uv": [0, 0, 0.25, 2], "texture": "#1"},
				"west": {"uv": [0, 0, 4.25, 2], "texture": "#1"},
				"up": {"uv": [0, 0, 0.25, 4.25], "texture": "#1"},
				"down": {"uv": [0, 0, 0.25, 4.25], "texture": "#1"}
			}
		},
		{
			"from": [6, 15, 10],
			"to": [10, 17, 10.25],
			"rotation": {"angle": 0, "axis": "y", "origin": [20.25, 15, 14.25]},
			"faces": {
				"north": {"uv": [0, 0, 4, 2], "texture": "#1"},
				"east": {"uv": [0, 0, 0.25, 2], "texture": "#1"},
				"south": {"uv": [0, 0, 4, 2], "texture": "#1"},
				"west": {"uv": [0, 0, 0.25, 2], "texture": "#1"},
				"up": {"uv": [0, 0, 4, 0.25], "texture": "#1"},
				"down": {"uv": [0, 0, 4, 0.25], "texture": "#1"}
			}
		},
		{
			"from": [6, 9, 10],
			"to": [10, 11, 10.25],
			"rotation": {"angle": 0, "axis": "y", "origin": [20.25, 9, 14.25]},
			"faces": {
				"north": {"uv": [0, 0, 4, 2], "texture": "#1"},
				"east": {"uv": [0, 0, 0.25, 2], "texture": "#1"},
				"south": {"uv": [0, 0, 4, 2], "texture": "#1"},
				"west": {"uv": [0, 0, 0.25, 2], "texture": "#1"},
				"up": {"uv": [0, 0, 4, 0.25], "texture": "#1"},
				"down": {"uv": [0, 0, 4, 0.25], "texture": "#1"}
			}
		},
		{
			"from": [5.75, 15, 6],
			"to": [6, 17, 10.25],
			"rotation": {"angle": 0, "axis": "y", "origin": [20, 15, 14.25]},
			"faces": {
				"north": {"uv": [0, 0, 0.25, 2], "texture": "#1"},
				"east": {"uv": [0, 0, 4.25, 2], "texture": "#1"},
				"south": {"uv": [0, 0, 0.25, 2], "texture": "#1"},
				"west": {"uv": [0, 0, 4.25, 2], "texture": "#1"},
				"up": {"uv": [0, 0, 0.25, 4.25], "texture": "#1"},
				"down": {"uv": [0, 0, 0.25, 4.25], "texture": "#1"}
			}
		},
		{
			"from": [10, 9, 6],
			"to": [10.25, 11, 10.25],
			"rotation": {"angle": 0, "axis": "y", "origin": [24.25, 9, 14.25]},
			"faces": {
				"north": {"uv": [0, 0, 0.25, 2], "texture": "#1"},
				"east": {"uv": [0, 0, 4.25, 2], "texture": "#1"},
				"south": {"uv": [0, 0, 0.25, 2], "texture": "#1"},
				"west": {"uv": [0, 0, 4.25, 2], "texture": "#1"},
				"up": {"uv": [0, 0, 0.25, 4.25], "texture": "#1"},
				"down": {"uv": [0, 0, 0.25, 4.25], "texture": "#1"}
			}
		},
		{
			"from": [5.75, 9, 6],
			"to": [6, 11, 10.25],
			"rotation": {"angle": 0, "axis": "y", "origin": [20, 9, 14.25]},
			"faces": {
				"north": {"uv": [0, 0, 0.25, 2], "texture": "#1"},
				"east": {"uv": [0, 0, 4.25, 2], "texture": "#1"},
				"south": {"uv": [0, 0, 0.25, 2], "texture": "#1"},
				"west": {"uv": [0, 0, 4.25, 2], "texture": "#1"},
				"up": {"uv": [0, 0, 0.25, 4.25], "texture": "#1"},
				"down": {"uv": [0, 0, 0.25, 4.25], "texture": "#1"}
			}
		},
		{
			"from": [4, 15.5, 1],
			"to": [12, 23.5, 2],
			"rotation": {"angle": 0, "axis": "y", "origin": [20, 22.5, 9]},
			"faces": {
				"north": {"uv": [0, 0, 10, 10], "texture": "#2"},
				"east": {"uv": [0, 0, 1, 10], "texture": "#2"},
				"south": {"uv": [0, 0, 10, 10], "texture": "#2"},
				"west": {"uv": [0, 0, 1, 10], "texture": "#2"},
				"up": {"uv": [0, 0, 10, 1], "texture": "#2"},
				"down": {"uv": [0, 0, 10, 1], "texture": "#2"}
			}
		},
		{
			"from": [4, 2, 1],
			"to": [12, 10, 2],
			"rotation": {"angle": 0, "axis": "y", "origin": [20, 9, 9]},
			"faces": {
				"north": {"uv": [0, 0, 10, 10], "texture": "#2"},
				"east": {"uv": [0, 0, 1, 10], "texture": "#2"},
				"south": {"uv": [0, 0, 10, 10], "texture": "#2"},
				"west": {"uv": [0, 0, 1, 10], "texture": "#2"},
				"up": {"uv": [0, 0, 10, 1], "texture": "#2"},
				"down": {"uv": [0, 0, 10, 1], "texture": "#2"}
			}
		},
		{
			"from": [4, 23.5, -5],
			"to": [12, 24, 2],
			"rotation": {"angle": 0, "axis": "y", "origin": [20, 22, 9]},
			"faces": {
				"north": {"uv": [0, 0, 10, 0.5], "texture": "#0"},
				"east": {"uv": [0, 0, 7, 0.5], "texture": "#0"},
				"south": {"uv": [0, 0, 10, 0.5], "texture": "#0"},
				"west": {"uv": [0, 0, 7, 0.5], "texture": "#0"},
				"up": {"uv": [0, 0, 10, 7], "texture": "#0"},
				"down": {"uv": [0, 0, 10, 7], "texture": "#0"}
			}
		},
		{
			"from": [4, 10, -5],
			"to": [12, 10.5, 2],
			"rotation": {"angle": 0, "axis": "y", "origin": [20, 8.5, 9]},
			"faces": {
				"north": {"uv": [0, 0, 10, 0.5], "texture": "#0"},
				"east": {"uv": [0, 0, 7, 0.5], "texture": "#0"},
				"south": {"uv": [0, 0, 10, 0.5], "texture": "#0"},
				"west": {"uv": [0, 0, 7, 0.5], "texture": "#0"},
				"up": {"uv": [0, 0, 10, 7], "texture": "#0"},
				"down": {"uv": [0, 0, 10, 7], "texture": "#0"}
			}
		},
		{
			"from": [3.5, 20, -5],
			"to": [4, 24, 2],
			"rotation": {"angle": 0, "axis": "y", "origin": [20.5, 22.5, 9]},
			"faces": {
				"north": {"uv": [0, 0, 0.5, 6], "texture": "#0"},
				"east": {"uv": [0, 0, 7, 6], "texture": "#0"},
				"south": {"uv": [0, 0, 0.5, 6], "texture": "#0"},
				"west": {"uv": [0, 0, 7, 6], "texture": "#0"},
				"up": {"uv": [0, 0, 0.5, 7], "texture": "#0"},
				"down": {"uv": [0, 0, 0.5, 7], "texture": "#0"}
			}
		},
		{
			"from": [3.5, 6.5, -5],
			"to": [4, 10.5, 2],
			"rotation": {"angle": 0, "axis": "y", "origin": [20.5, 9, 9]},
			"faces": {
				"north": {"uv": [0, 0, 0.5, 6], "texture": "#0"},
				"east": {"uv": [0, 0, 7, 6], "texture": "#0"},
				"south": {"uv": [0, 0, 0.5, 6], "texture": "#0"},
				"west": {"uv": [0, 0, 7, 6], "texture": "#0"},
				"up": {"uv": [0, 0, 0.5, 7], "texture": "#0"},
				"down": {"uv": [0, 0, 0.5, 7], "texture": "#0"}
			}
		},
		{
			"from": [3.5, 15.5, -2],
			"to": [4, 20, 2],
			"rotation": {"angle": 0, "axis": "y", "origin": [20.5, 17.5, 9]},
			"faces": {
				"north": {"uv": [0, 0, 0.5, 4.5], "texture": "#0"},
				"east": {"uv": [0, 0, 4, 4.5], "texture": "#0"},
				"south": {"uv": [0, 0, 0.5, 4.5], "texture": "#0"},
				"west": {"uv": [0, 0, 4, 4.5], "texture": "#0"},
				"up": {"uv": [0, 0, 0.5, 4], "texture": "#0"},
				"down": {"uv": [0, 0, 0.5, 4], "texture": "#0"}
			}
		},
		{
			"from": [3.5, 2, -2],
			"to": [4, 6.5, 2],
			"rotation": {"angle": 0, "axis": "y", "origin": [20.5, 4, 9]},
			"faces": {
				"north": {"uv": [0, 0, 0.5, 4.5], "texture": "#0"},
				"east": {"uv": [0, 0, 4, 4.5], "texture": "#0"},
				"south": {"uv": [0, 0, 0.5, 4.5], "texture": "#0"},
				"west": {"uv": [0, 0, 4, 4.5], "texture": "#0"},
				"up": {"uv": [0, 0, 0.5, 4], "texture": "#0"},
				"down": {"uv": [0, 0, 0.5, 4], "texture": "#0"}
			}
		},
		{
			"from": [12, 20, -5],
			"to": [12.5, 24, 2],
			"rotation": {"angle": 0, "axis": "y", "origin": [29, 22.5, 9]},
			"faces": {
				"north": {"uv": [0, 0, 0.5, 6], "texture": "#0"},
				"east": {"uv": [0, 0, 7, 6], "texture": "#0"},
				"south": {"uv": [0, 0, 0.5, 6], "texture": "#0"},
				"west": {"uv": [0, 0, 7, 6], "texture": "#0"},
				"up": {"uv": [0, 0, 0.5, 7], "texture": "#0"},
				"down": {"uv": [0, 0, 0.5, 7], "texture": "#0"}
			}
		},
		{
			"from": [12, 6.5, -5],
			"to": [12.5, 10.5, 2],
			"rotation": {"angle": 0, "axis": "y", "origin": [29, 9, 9]},
			"faces": {
				"north": {"uv": [0, 0, 0.5, 6], "texture": "#0"},
				"east": {"uv": [0, 0, 7, 6], "texture": "#0"},
				"south": {"uv": [0, 0, 0.5, 6], "texture": "#0"},
				"west": {"uv": [0, 0, 7, 6], "texture": "#0"},
				"up": {"uv": [0, 0, 0.5, 7], "texture": "#0"},
				"down": {"uv": [0, 0, 0.5, 7], "texture": "#0"}
			}
		},
		{
			"from": [12, 15.5, -2],
			"to": [12.5, 20, 2],
			"rotation": {"angle": 0, "axis": "y", "origin": [29, 17.5, 9]},
			"faces": {
				"north": {"uv": [0, 0, 0.5, 4.5], "texture": "#0"},
				"east": {"uv": [0, 0, 4, 4.5], "texture": "#0"},
				"south": {"uv": [0, 0, 0.5, 4.5], "texture": "#0"},
				"west": {"uv": [0, 0, 4, 4.5], "texture": "#0"},
				"up": {"uv": [0, 0, 0.5, 4], "texture": "#0"},
				"down": {"uv": [0, 0, 0.5, 4], "texture": "#0"}
			}
		},
		{
			"from": [12, 2, -2],
			"to": [12.5, 6.5, 2],
			"rotation": {"angle": 0, "axis": "y", "origin": [29, 4, 9]},
			"faces": {
				"north": {"uv": [0, 0, 0.5, 4.5], "texture": "#0"},
				"east": {"uv": [0, 0, 4, 4.5], "texture": "#0"},
				"south": {"uv": [0, 0, 0.5, 4.5], "texture": "#0"},
				"west": {"uv": [0, 0, 4, 4.5], "texture": "#0"},
				"up": {"uv": [0, 0, 0.5, 4], "texture": "#0"},
				"down": {"uv": [0, 0, 0.5, 4], "texture": "#0"}
			}
		}
	],
	"gui_light": "front",
	"display": {
		"thirdperson_righthand": {
			"rotation": [0, -180, 0],
			"translation": [0, 7.75, 0]
		},
		"thirdperson_lefthand": {
			"rotation": [0, -180, 0],
			"translation": [0, 8, 0]
		},
		"firstperson_righthand": {
			"rotation": [0, 45, 0],
			"scale": [0.4, 0.4, 0.4]
		},
		"firstperson_lefthand": {
			"rotation": [0, 225, 0],
			"scale": [0.4, 0.4, 0.4]
		},
		"ground": {
			"translation": [0, 3, 0],
			"scale": [0.25, 0.25, 0.25]
		},
		"gui": {
			"rotation": [30, 225, 0],
			"scale": [0.625, 0.625, 0.625]
		},
		"fixed": {
			"scale": [0.5, 0.5, 0.5]
		}
	}
}