{
	"credit": "Made by T4Bl3rUs",
	"elements": [
		{
			"from": [0, 0, 8],
			"to": [2, 0.5, 16],
			"rotation": {"angle": 0, "axis": "y", "origin": [8, 0, 8]},
			"faces": {
				"north": {"uv": [0, 12, 1, 13], "rotation": 180, "texture": "#0"},
				"east": {"uv": [0, 12, 1, 16], "rotation": 90, "texture": "#0"},
				"south": {"uv": [0, 15, 1, 16], "texture": "#0"},
				"west": {"uv": [0, 12, 1, 16], "rotation": 270, "texture": "#0"},
				"up": {"uv": [0, 12, 1, 16], "texture": "#0"},
				"down": {"uv": [0, 16, 1, 12], "texture": "#0"}
			}
		},
		{
			"from": [2, 0, 8],
			"to": [4, 0.5, 14],
			"rotation": {"angle": 0, "axis": "y", "origin": [8, 0, 8]},
			"faces": {
				"north": {"uv": [1, 12, 2, 13], "rotation": 180, "texture": "#0"},
				"east": {"uv": [1, 12, 2, 15], "rotation": 90, "texture": "#0"},
				"south": {"uv": [1, 14, 2, 15], "texture": "#0"},
				"west": {"uv": [1, 12, 2, 15], "rotation": 270, "texture": "#0"},
				"up": {"uv": [1, 12, 2, 15], "texture": "#0"},
				"down": {"uv": [1, 15, 2, 12], "texture": "#0"}
			}
		},
		{
			"from": [4, 0, 8],
			"to": [6, 0.5, 12],
			"rotation": {"angle": 0, "axis": "y", "origin": [8, 0, 8]},
			"faces": {
				"north": {"uv": [2, 12, 3, 13], "rotation": 180, "texture": "#0"},
				"east": {"uv": [2, 12, 3, 14], "rotation": 90, "texture": "#0"},
				"south": {"uv": [2, 13, 3, 14], "texture": "#0"},
				"west": {"uv": [2, 12, 3, 14], "rotation": 270, "texture": "#0"},
				"up": {"uv": [2, 12, 3, 14], "texture": "#0"},
				"down": {"uv": [2, 14, 3, 12], "texture": "#0"}
			}
		},
		{
			"from": [6, 0, 8],
			"to": [8, 0.5, 10],
			"rotation": {"angle": 0, "axis": "y", "origin": [8, 0, 8]},
			"faces": {
				"north": {"uv": [3, 12, 4, 13], "rotation": 180, "texture": "#0"},
				"east": {"uv": [3, 12, 4, 13], "rotation": 90, "texture": "#0"},
				"south": {"uv": [3, 12, 4, 13], "texture": "#0"},
				"west": {"uv": [3, 12, 4, 13], "rotation": 270, "texture": "#0"},
				"up": {"uv": [3, 12, 4, 13], "texture": "#0"},
				"down": {"uv": [3, 13, 4, 12], "texture": "#0"}
			}
		},
		{
			"from": [0, 0, 0],
			"to": [16, 0.5, 8],
			"rotation": {"angle": 0, "axis": "y", "origin": [8, 0, 8]},
			"faces": {
				"north": {"uv": [0, 8, 8, 9], "rotation": 180, "texture": "#0"},
				"east": {"uv": [7, 8, 8, 12], "rotation": 90, "texture": "#0"},
				"south": {"uv": [0, 11, 8, 12], "texture": "#0"},
				"west": {"uv": [0, 8, 1, 12], "rotation": 270, "texture": "#0"},
				"up": {"uv": [0, 8, 8, 12], "texture": "#0"},
				"down": {"uv": [0, 12, 8, 8], "texture": "#0"}
			}
		}
	],
	"gui_light": "front",
	"display": {
		"thirdperson_righthand": {
			"rotation": [94.25, -180, 0],
			"translation": [-1.25, 2.75, 5.75],
			"scale": [0.55, 0.55, 0.55]
		},
		"thirdperson_lefthand": {
			"rotation": [94.25, -180, 0],
			"translation": [-1.25, 2.75, 5.75],
			"scale": [0.55, 0.55, 0.55]
		},
		"firstperson_righthand": {
			"rotation": [46, 165, -8],
			"translation": [3.88, 5.7, 1.13],
			"scale": [0.68, 0.68, 0.68]
		},
		"firstperson_lefthand": {
			"rotation": [46, 165, -8],
			"translation": [3.88, 5.7, 1.13],
			"scale": [0.68, 0.68, 0.68]
		},
		"ground": {
			"translation": [0, 2, 0],
			"scale": [0.5, 0.5, 0.5]
		},
		"gui": {
			"rotation": [90, -180, 0]
		},
		"head": {
			"translation": [0, -11.2, 0],
			"scale": [3.2, 4, 3.2]
		},
		"fixed": {
			"rotation": [90, -180, -180],
			"translation": [0, 0, -8]
		}
	},
	"groups": [
		{
			"name": "group",
			"origin": [8, 8, 8],
			"children": [0, 1, 2, 3, 4]
		}
	]
}