{
    "hand_animation_on_swap": true,
    "oversized_in_gui": true,
    "model": {
        "type": "minecraft:range_dispatch",
        "property": "custom_model_data",
        "fallback": {
            "type": "minecraft:model",
            "model": "minecraft:item/carrot_on_a_stick"
        },
        "entries": [
            {
                "threshold": 9002,
                "model": {
                    "type": "minecraft:model",
                    "model": "sysec_lib:map_model/addons/local/adnet.map.full_auto_crossbow/items/type1"
                }
            }
        ]
    }
}