{
    "hand_animation_on_swap": true,
    "oversized_in_gui": true,
    "model": {
        "type": "minecraft:range_dispatch",
        "property": "custom_model_data",
        "fallback": {
            "type": "minecraft:model",
            "model": "minecraft:item/diamond_hoe"
        },
        "entries": [
            {
                "threshold": 1,
                "model": {
                    "type": "minecraft:model",
                    "model": "minecraft:map_model/common/items/debug_tool"
                }
            },
            {
                "threshold": 2,
                "model": {
                    "type": "minecraft:model",
                    "model": "minecraft:map_model/common/test"
                }
            },
            {
                "threshold": 3,
                "model": {
                    "type": "minecraft:model",
                    "model": "minecraft:map_model/common/gui"
                }
            },
            {
                "threshold": 4,
                "model": {
                    "type": "minecraft:model",
                    "model": "minecraft:map_model/m3/wire3"
                }
            },
            {
                "threshold": 5,
                "model": {
                    "type": "minecraft:model",
                    "model": "minecraft:map_model/m3/wire4"
                }
            },
            {
                "threshold": 6,
                "model": {
                    "type": "minecraft:model",
                    "model": "minecraft:map_model/m3/wire1"
                }
            },
            {
                "threshold": 7,
                "model": {
                    "type": "minecraft:model",
                    "model": "minecraft:map_model/m3/wire2"
                }
            },
            {
                "threshold": 8,
                "model": {
                    "type": "minecraft:model",
                    "model": "minecraft:map_model/m4/paper1"
                }
            },
            {
                "threshold": 9,
                "model": {
                    "type": "minecraft:model",
                    "model": "minecraft:map_model/m4/paper2"
                }
            },
            {
                "threshold": 10,
                "model": {
                    "type": "minecraft:model",
                    "model": "minecraft:map_model/m4/lever2_off"
                }
            },
            {
                "threshold": 11,
                "model": {
                    "type": "minecraft:model",
                    "model": "minecraft:map_model/m4/lever2_on"
                }
            },
            {
                "threshold": 12,
                "model": {
                    "type": "minecraft:model",
                    "model": "minecraft:map_model/m4/sign"
                }
            },
            {
                "threshold": 13,
                "model": {
                    "type": "minecraft:model",
                    "model": "minecraft:map_model/m4/lever1_off"
                }
            },
            {
                "threshold": 14,
                "model": {
                    "type": "minecraft:model",
                    "model": "minecraft:map_model/m4/lever1_on"
                }
            },
            {
                "threshold": 15,
                "model": {
                    "type": "minecraft:model",
                    "model": "minecraft:map_model/m4/block"
                }
            },
            {
                "threshold": 16,
                "model": {
                    "type": "minecraft:model",
                    "model": "minecraft:map_model/m4/key"
                }
            },
            {
                "threshold": 17,
                "model": {
                    "type": "minecraft:model",
                    "model": "minecraft:map_model/m4/key2"
                }
            },
            {
                "threshold": 18,
                "model": {
                    "type": "minecraft:model",
                    "model": "minecraft:map_model/m4/tnt"
                }
            },
            {
                "threshold": 19,
                "model": {
                    "type": "minecraft:model",
                    "model": "minecraft:map_model/m4/tnt2"
                }
            },
            {
                "threshold": 20,
                "model": {
                    "type": "minecraft:model",
                    "model": "minecraft:map_model/m4/paper4"
                }
            },
            {
                "threshold": 21,
                "model": {
                    "type": "minecraft:model",
                    "model": "minecraft:map_model/m4/gate"
                }
            },
            {
                "threshold": 22,
                "model": {
                    "type": "minecraft:model",
                    "model": "minecraft:map_model/m5/road1"
                }
            },
            {
                "threshold": 23,
                "model": {
                    "type": "minecraft:model",
                    "model": "minecraft:map_model/m5/road2"
                }
            },
            {
                "threshold": 24,
                "model": {
                    "type": "minecraft:model",
                    "model": "minecraft:map_model/m6/mixer"
                }
            },
            {
                "threshold": 25,
                "model": {
                    "type": "minecraft:model",
                    "model": "minecraft:map_model/m6/mic"
                }
            },
            {
                "threshold": 26,
                "model": {
                    "type": "minecraft:model",
                    "model": "minecraft:map_model/m6/stage_lights_off"
                }
            },
            {
                "threshold": 27,
                "model": {
                    "type": "minecraft:model",
                    "model": "minecraft:map_model/m6/stage_lights_on"
                }
            },
            {
                "threshold": 28,
                "model": {
                    "type": "minecraft:model",
                    "model": "minecraft:map_model/m5/elevator_door_left"
                }
            },
            {
                "threshold": 29,
                "model": {
                    "type": "minecraft:model",
                    "model": "minecraft:map_model/m5/elevator_door_right"
                }
            },
            {
                "threshold": 30,
                "model": {
                    "type": "minecraft:model",
                    "model": "minecraft:map_model/m5/el_panel"
                }
            },
            {
                "threshold": 31,
                "model": {
                    "type": "minecraft:model",
                    "model": "minecraft:map_model/m5/el_panel2"
                }
            },
            {
                "threshold": 32,
                "model": {
                    "type": "minecraft:model",
                    "model": "minecraft:map_model/m5/el_panel3"
                }
            },
            {
                "threshold": 33,
                "model": {
                    "type": "minecraft:model",
                    "model": "minecraft:map_model/m5/el_panel4"
                }
            },
            {
                "threshold": 34,
                "model": {
                    "type": "minecraft:model",
                    "model": "minecraft:map_model/m5/el_panel5"
                }
            },
            {
                "threshold": 35,
                "model": {
                    "type": "minecraft:model",
                    "model": "minecraft:map_model/m5/el_panel6"
                }
            },
            {
                "threshold": 36,
                "model": {
                    "type": "minecraft:model",
                    "model": "minecraft:map_model/m5/el_panel7"
                }
            },
            {
                "threshold": 37,
                "model": {
                    "type": "minecraft:model",
                    "model": "minecraft:map_model/m5/el_panel8"
                }
            },
            {
                "threshold": 38,
                "model": {
                    "type": "minecraft:model",
                    "model": "minecraft:map_model/m5/el_panel9"
                }
            },
            {
                "threshold": 39,
                "model": {
                    "type": "minecraft:model",
                    "model": "minecraft:map_model/m5/elevator_door_left_in"
                }
            },
            {
                "threshold": 40,
                "model": {
                    "type": "minecraft:model",
                    "model": "minecraft:map_model/m5/elevator_door_right_in"
                }
            },
            {
                "threshold": 41,
                "model": {
                    "type": "minecraft:model",
                    "model": "minecraft:map_model/m5/signal_lamp"
                }
            },
            {
                "threshold": 42,
                "model": {
                    "type": "minecraft:model",
                    "model": "minecraft:map_model/m5/signal_lamp2"
                }
            },
            {
                "threshold": 43,
                "model": {
                    "type": "minecraft:model",
                    "model": "minecraft:map_model/m5/signal_lamp3"
                }
            },
            {
                "threshold": 44,
                "model": {
                    "type": "minecraft:model",
                    "model": "minecraft:map_model/m5/handrail"
                }
            },
            {
                "threshold": 45,
                "model": {
                    "type": "minecraft:model",
                    "model": "minecraft:map_model/m5/el_in_panel"
                }
            },
            {
                "threshold": 46,
                "model": {
                    "type": "minecraft:model",
                    "model": "minecraft:map_model/m5/el_in_panel2"
                }
            },
            {
                "threshold": 47,
                "model": {
                    "type": "minecraft:model",
                    "model": "minecraft:map_model/m5/el_in_panel3"
                }
            },
            {
                "threshold": 48,
                "model": {
                    "type": "minecraft:model",
                    "model": "minecraft:map_model/m5/el_in_panel4"
                }
            },
            {
                "threshold": 49,
                "model": {
                    "type": "minecraft:model",
                    "model": "minecraft:map_model/m5/el_in_panel5"
                }
            },
            {
                "threshold": 50,
                "model": {
                    "type": "minecraft:model",
                    "model": "minecraft:map_model/m7/pad"
                }
            },
            {
                "threshold": 51,
                "model": {
                    "type": "minecraft:model",
                    "model": "minecraft:map_model/m5/gate"
                }
            },
            {
                "threshold": 52,
                "model": {
                    "type": "minecraft:model",
                    "model": "minecraft:map_model/m5/fence"
                }
            },
            {
                "threshold": 53,
                "model": {
                    "type": "minecraft:model",
                    "model": "minecraft:map_model/m5/crowbar"
                }
            },
            {
                "threshold": 54,
                "model": {
                    "type": "minecraft:model",
                    "model": "minecraft:map_model/m5/lever_off"
                }
            },
            {
                "threshold": 55,
                "model": {
                    "type": "minecraft:model",
                    "model": "minecraft:map_model/m5/lever_on"
                }
            },
            {
                "threshold": 56,
                "model": {
                    "type": "minecraft:model",
                    "model": "minecraft:map_model/m5/wire1"
                }
            },
            {
                "threshold": 57,
                "model": {
                    "type": "minecraft:model",
                    "model": "minecraft:map_model/m5/wire2"
                }
            },
            {
                "threshold": 58,
                "model": {
                    "type": "minecraft:model",
                    "model": "minecraft:map_model/m5/plank1"
                }
            },
            {
                "threshold": 59,
                "model": {
                    "type": "minecraft:model",
                    "model": "minecraft:map_model/m5/plank2"
                }
            },
            {
                "threshold": 60,
                "model": {
                    "type": "minecraft:model",
                    "model": "minecraft:map_model/m5/light"
                }
            },
            {
                "threshold": 61,
                "model": {
                    "type": "minecraft:model",
                    "model": "minecraft:map_model/m5/radio"
                }
            },
            {
                "threshold": 62,
                "model": {
                    "type": "minecraft:model",
                    "model": "minecraft:map_model/m5/plank3"
                }
            },
            {
                "threshold": 63,
                "model": {
                    "type": "minecraft:model",
                    "model": "minecraft:map_model/m5/plank4"
                }
            },
            {
                "threshold": 64,
                "model": {
                    "type": "minecraft:model",
                    "model": "minecraft:map_model/m5/plank5"
                }
            },
            {
                "threshold": 65,
                "model": {
                    "type": "minecraft:model",
                    "model": "minecraft:map_model/m5/iron_door"
                }
            },
            {
                "threshold": 66,
                "model": {
                    "type": "minecraft:model",
                    "model": "minecraft:map_model/m8/build"
                }
            },
            {
                "threshold": 67,
                "model": {
                    "type": "minecraft:model",
                    "model": "minecraft:map_model/m8/summon"
                }
            },
            {
                "threshold": 68,
                "model": {
                    "type": "minecraft:model",
                    "model": "minecraft:map_model/m8/build_tool"
                }
            },
            {
                "threshold": 69,
                "model": {
                    "type": "minecraft:model",
                    "model": "minecraft:map_model/m8/build_tool2"
                }
            },
            {
                "threshold": 70,
                "model": {
                    "type": "minecraft:model",
                    "model": "minecraft:map_model/m8/door"
                }
            },
            {
                "threshold": 71,
                "model": {
                    "type": "minecraft:model",
                    "model": "minecraft:map_model/m8/tag1"
                }
            },
            {
                "threshold": 72,
                "model": {
                    "type": "minecraft:model",
                    "model": "minecraft:map_model/m8/tag2"
                }
            },
            {
                "threshold": 73,
                "model": {
                    "type": "minecraft:model",
                    "model": "minecraft:map_model/m8/gun"
                }
            },
            {
                "threshold": 74,
                "model": {
                    "type": "minecraft:model",
                    "model": "minecraft:map_model/m8/spaceship"
                }
            },
            {
                "threshold": 75,
                "model": {
                    "type": "minecraft:model",
                    "model": "minecraft:map_model/m9/a4"
                }
            },
            {
                "threshold": 76,
                "model": {
                    "type": "minecraft:model",
                    "model": "minecraft:map_model/m8/stand"
                }
            },
            {
                "threshold": 77,
                "model": {
                    "type": "minecraft:model",
                    "model": "minecraft:map_model/m8/fire_gun"
                }
            },
            {
                "threshold": 78,
                "model": {
                    "type": "minecraft:model",
                    "model": "minecraft:map_model/m9/portal"
                }
            },
            {
                "threshold": 79,
                "model": {
                    "type": "minecraft:model",
                    "model": "minecraft:map_model/m9/logo"
                }
            },
            {
                "threshold": 80,
                "model": {
                    "type": "minecraft:model",
                    "model": "minecraft:map_model/m9/portal_alter1"
                }
            },
            {
                "threshold": 81,
                "model": {
                    "type": "minecraft:model",
                    "model": "minecraft:map_model/m9/portal_alter2"
                }
            },
            {
                "threshold": 82,
                "model": {
                    "type": "minecraft:model",
                    "model": "minecraft:map_model/m9/portal_alter3"
                }
            },
            {
                "threshold": 83,
                "model": {
                    "type": "minecraft:model",
                    "model": "minecraft:map_model/m9/portal_alter4"
                }
            },
            {
                "threshold": 84,
                "model": {
                    "type": "minecraft:model",
                    "model": "minecraft:map_model/m9/portal_alter5"
                }
            },
            {
                "threshold": 85,
                "model": {
                    "type": "minecraft:model",
                    "model": "minecraft:map_model/m9/portal_alter6"
                }
            },
            {
                "threshold": 86,
                "model": {
                    "type": "minecraft:model",
                    "model": "minecraft:map_model/m9/portal_alter7"
                }
            },
            {
                "threshold": 87,
                "model": {
                    "type": "minecraft:model",
                    "model": "minecraft:map_model/m9/portal_alter8"
                }
            },
            {
                "threshold": 88,
                "model": {
                    "type": "minecraft:model",
                    "model": "minecraft:map_model/m9/code0"
                }
            },
            {
                "threshold": 89,
                "model": {
                    "type": "minecraft:model",
                    "model": "minecraft:map_model/m9/autodoor"
                }
            },
            {
                "threshold": 90,
                "model": {
                    "type": "minecraft:model",
                    "model": "minecraft:map_model/m9/page"
                }
            },
            {
                "threshold": 91,
                "model": {
                    "type": "minecraft:model",
                    "model": "minecraft:map_model/m9/page2"
                }
            },
            {
                "threshold": 92,
                "model": {
                    "type": "minecraft:model",
                    "model": "minecraft:map_model/m9/door"
                }
            },
            {
                "threshold": 93,
                "model": {
                    "type": "minecraft:model",
                    "model": "minecraft:map_model/m9/door2"
                }
            },
            {
                "threshold": 94,
                "model": {
                    "type": "minecraft:model",
                    "model": "minecraft:map_model/m9/button"
                }
            },
            {
                "threshold": 95,
                "model": {
                    "type": "minecraft:model",
                    "model": "minecraft:map_model/m9/button2"
                }
            },
            {
                "threshold": 96,
                "model": {
                    "type": "minecraft:model",
                    "model": "minecraft:map_model/m9/_battery"
                }
            },
            {
                "threshold": 97,
                "model": {
                    "type": "minecraft:model",
                    "model": "minecraft:map_model/m9/display"
                }
            },
            {
                "threshold": 98,
                "model": {
                    "type": "minecraft:model",
                    "model": "minecraft:map_model/m9/valve"
                }
            },
            {
                "threshold": 99,
                "model": {
                    "type": "minecraft:model",
                    "model": "minecraft:map_model/m9/recipe"
                }
            },
            {
                "threshold": 100,
                "model": {
                    "type": "minecraft:model",
                    "model": "minecraft:map_model/m9/paper"
                }
            },
            {
                "threshold": 101,
                "model": {
                    "type": "minecraft:model",
                    "model": "minecraft:map_model/m9/logo_tag"
                }
            },
            {
                "threshold": 102,
                "model": {
                    "type": "minecraft:model",
                    "model": "minecraft:map_model/m8/tnt"
                }
            },
            {
                "threshold": 103,
                "model": {
                    "type": "minecraft:model",
                    "model": "minecraft:map_model/m1/tnt_tag"
                }
            },
            {
                "threshold": 104,
                "model": {
                    "type": "minecraft:model",
                    "model": "minecraft:map_model/m8/gun_fx"
                }
            },
            {
                "threshold": 105,
                "model": {
                    "type": "minecraft:model",
                    "model": "minecraft:map_model/m8/gun_fx2"
                }
            },
            {
                "threshold": 106,
                "model": {
                    "type": "minecraft:model",
                    "model": "minecraft:map_model/m6/lever_on"
                }
            },
            {
                "threshold": 107,
                "model": {
                    "type": "minecraft:model",
                    "model": "minecraft:map_model/m6/lever_off"
                }
            },
            {
                "threshold": 108,
                "model": {
                    "type": "minecraft:model",
                    "model": "minecraft:map_model/m6/light2_on"
                }
            },
            {
                "threshold": 109,
                "model": {
                    "type": "minecraft:model",
                    "model": "minecraft:map_model/m6/light2_off"
                }
            },
            {
                "threshold": 110,
                "model": {
                    "type": "minecraft:model",
                    "model": "minecraft:map_model/m6/light3_on"
                }
            },
            {
                "threshold": 111,
                "model": {
                    "type": "minecraft:model",
                    "model": "minecraft:map_model/m6/light3_off"
                }
            },
            {
                "threshold": 112,
                "model": {
                    "type": "minecraft:model",
                    "model": "minecraft:map_model/m5/mileage_sign_vertical_t1"
                }
            }
        ]
    }
}