{
    "hand_animation_on_swap": true,
    "oversized_in_gui": true,
    "model": {
        "type": "minecraft:range_dispatch",
        "property": "custom_model_data",
        "fallback": {
            "type": "minecraft:model",
            "model": "minecraft:item/wooden_hoe"
        },
        "entries": [
            {
                "threshold": 9001,
                "model": {
                    "type": "minecraft:model",
                    "model": "sysec_lib:map_model/addons/locallow/adnet.map.example/items/block"
                }
            },
            {
                "threshold": 9101,
                "model": {
                    "type": "minecraft:model",
                    "model": "sysec_lib:map_model/addons/local/adnet.map.session_services/background"
                }
            },
            {
                "threshold": 9102,
                "model": {
                    "type": "minecraft:model",
                    "model": "sysec_lib:map_model/addons/local/adnet.map.session_services/sysexp_model_test"
                }
            },
            {
                "threshold": 9103,
                "model": {
                    "type": "minecraft:model",
                    "model": "sysec_lib:map_model/addons/local/adnet.map.session_services/adnet_legacy_maprating1"
                }
            },
            {
                "threshold": 9104,
                "model": {
                    "type": "minecraft:model",
                    "model": "sysec_lib:map_model/addons/local/adnet.map.session_services/adnet_legacy_maprating2"
                }
            },
            {
                "threshold": 9105,
                "model": {
                    "type": "minecraft:model",
                    "model": "sysec_lib:map_model/addons/local/adnet.map.session_services/adnet_legacy_maprating3"
                }
            },
            {
                "threshold": 9106,
                "model": {
                    "type": "minecraft:model",
                    "model": "sysec_lib:map_model/addons/local/adnet.map.session_services/key_f_input"
                }
            },
            {
                "threshold": 9501,
                "model": {
                    "type": "minecraft:model",
                    "model": "sysec_lib:map_model/addons/local/adnet.map.ui_guide_model/ui/type1"
                }
            },
            {
                "threshold": 9502,
                "model": {
                    "type": "minecraft:model",
                    "model": "sysec_lib:map_model/addons/local/adnet.map.ui_guide_model/ui/type2"
                }
            },
            {
                "threshold": 9503,
                "model": {
                    "type": "minecraft:model",
                    "model": "sysec_lib:map_model/addons/local/adnet.map.ui_guide_model/ui/type3"
                }
            },
            {
                "threshold": 9504,
                "model": {
                    "type": "minecraft:model",
                    "model": "sysec_lib:map_model/addons/local/adnet.map.ui_guide_model/ui/type4"
                }
            },
            {
                "threshold": 9505,
                "model": {
                    "type": "minecraft:model",
                    "model": "sysec_lib:map_model/addons/local/adnet.map.ui_guide_model/ui/type5"
                }
            }
        ]
    }
}