{
		"textures": {
		"0": "block/black_concrete_powder",
		"1": "block/iron_block",
		"2": "block/red_concrete",
		"particle": "block/black_concrete_powder"
	},
	"elements": [
		{
			"from": [7, 0, 0],
			"to": [9, 2, 16],
			"faces": {
				"north": {"uv": [0, 0, 2, 2], "texture": "#1"},
				"east": {"uv": [0, 0, 16, 2], "texture": "#1"},
				"south": {"uv": [0, 0, 2, 2], "texture": "#1"},
				"west": {"uv": [0, 0, 16, 2], "texture": "#1"},
				"up": {"uv": [0, 0, 2, 16], "texture": "#1"},
				"down": {"uv": [0, 0, 2, 16], "texture": "#1"}
			}
		},
		{
			"from": [6.75, 0.25, -4.5],
			"to": [7.25, 1, 2],
			"faces": {
				"north": {"uv": [0, 0, 0.5, 0.75], "texture": "#2"},
				"east": {"uv": [0, 0, 6.5, 0.75], "texture": "#2"},
				"south": {"uv": [0, 0, 0.5, 0.75], "texture": "#2"},
				"west": {"uv": [0, 0, 6.5, 0.75], "texture": "#2"},
				"up": {"uv": [0, 0, 0.5, 6.5], "texture": "#2"},
				"down": {"uv": [0, 0, 0.5, 6.5], "texture": "#2"}
			}
		},
		{
			"from": [6.75, 1, -3.5],
			"to": [7.25, 1.75, 2],
			"faces": {
				"north": {"uv": [0, 0, 0.5, 0.75], "texture": "#2"},
				"east": {"uv": [0, 0, 5.5, 0.75], "texture": "#2"},
				"south": {"uv": [0, 0, 0.5, 0.75], "texture": "#2"},
				"west": {"uv": [0, 0, 5.5, 0.75], "texture": "#2"},
				"up": {"uv": [0, 0, 0.5, 5.5], "texture": "#2"},
				"down": {"uv": [0, 0, 0.5, 5.5], "texture": "#2"}
			}
		},
		{
			"from": [8.75, 1, -3.5],
			"to": [9.25, 1.75, 2],
			"faces": {
				"north": {"uv": [0, 0, 0.5, 0.75], "texture": "#2"},
				"east": {"uv": [0, 0, 5.5, 0.75], "texture": "#2"},
				"south": {"uv": [0, 0, 0.5, 0.75], "texture": "#2"},
				"west": {"uv": [0, 0, 5.5, 0.75], "texture": "#2"},
				"up": {"uv": [0, 0, 0.5, 5.5], "texture": "#2"},
				"down": {"uv": [0, 0, 0.5, 5.5], "texture": "#2"}
			}
		},
		{
			"from": [8.75, 0.25, -4.5],
			"to": [9.25, 1, 2],
			"faces": {
				"north": {"uv": [0, 0, 0.5, 0.75], "texture": "#2"},
				"east": {"uv": [0, 0, 6.5, 0.75], "texture": "#2"},
				"south": {"uv": [0, 0, 0.5, 0.75], "texture": "#2"},
				"west": {"uv": [0, 0, 6.5, 0.75], "texture": "#2"},
				"up": {"uv": [0, 0, 0.5, 6.5], "texture": "#2"},
				"down": {"uv": [0, 0, 0.5, 6.5], "texture": "#2"}
			}
		},
		{
			"from": [6, -0.25, 5],
			"to": [10, 2.25, 15.25],
			"faces": {
				"north": {"uv": [0, 0, 4, 2.5], "texture": "#1"},
				"east": {"uv": [0, 0, 10.25, 2.5], "texture": "#1"},
				"south": {"uv": [0, 0, 4, 2.5], "texture": "#1"},
				"west": {"uv": [0, 0, 10.25, 2.5], "texture": "#1"},
				"up": {"uv": [0, 0, 4, 10.25], "texture": "#1"},
				"down": {"uv": [0, 0, 4, 10.25], "texture": "#1"}
			}
		},
		{
			"from": [7.375, 3.25, 4.75],
			"to": [8.625, 4.5, 15],
			"rotation": {"angle": 0, "axis": "y", "origin": [8.125, 8, 8]},
			"faces": {
				"north": {"uv": [0, 0, 1.25, 1.25], "texture": "#0"},
				"east": {"uv": [0, 0, 10.25, 1.25], "texture": "#0"},
				"south": {"uv": [0, 0, 1.25, 1.25], "texture": "#0"},
				"west": {"uv": [0, 0, 10.25, 1.25], "texture": "#0"},
				"up": {"uv": [0, 0, 1.25, 10.25], "texture": "#0"},
				"down": {"uv": [0, 0, 1.25, 10.25], "texture": "#0"}
			}
		},
		{
			"from": [7.125, 3, 4.5],
			"to": [8.875, 4.75, 8.75],
			"rotation": {"angle": 0, "axis": "y", "origin": [8.125, 8, 8]},
			"faces": {
				"north": {"uv": [0, 0, 1.75, 1.75], "texture": "#0"},
				"east": {"uv": [0, 0, 4.25, 1.75], "texture": "#0"},
				"south": {"uv": [0, 0, 1.75, 1.75], "texture": "#0"},
				"west": {"uv": [0, 0, 4.25, 1.75], "texture": "#0"},
				"up": {"uv": [0, 0, 1.75, 4.25], "texture": "#0"},
				"down": {"uv": [0, 0, 1.75, 4.25], "texture": "#0"}
			}
		},
		{
			"from": [7.125, 3, 11],
			"to": [8.875, 4.75, 15.25],
			"rotation": {"angle": 0, "axis": "y", "origin": [8.125, 8, 8]},
			"faces": {
				"north": {"uv": [0, 0, 1.75, 1.75], "texture": "#0"},
				"east": {"uv": [0, 0, 4.25, 1.75], "texture": "#0"},
				"south": {"uv": [0, 0, 1.75, 1.75], "texture": "#0"},
				"west": {"uv": [0, 0, 4.25, 1.75], "texture": "#0"},
				"up": {"uv": [0, 0, 1.75, 4.25], "texture": "#0"},
				"down": {"uv": [0, 0, 1.75, 4.25], "texture": "#0"}
			}
		},
		{
			"from": [6.75, -1.25, 2],
			"to": [9.25, 1.25, 6.25],
			"faces": {
				"north": {"uv": [0, 0, 2.5, 2.5], "texture": "#1"},
				"east": {"uv": [0, 0, 4.25, 2.5], "texture": "#1"},
				"south": {"uv": [0, 0, 2.5, 2.5], "texture": "#1"},
				"west": {"uv": [0, 0, 4.25, 2.5], "texture": "#1"},
				"up": {"uv": [0, 0, 2.5, 4.25], "texture": "#1"},
				"down": {"uv": [0, 0, 2.5, 4.25], "texture": "#1"}
			}
		},
		{
			"from": [7.5, 0.5, -0.25],
			"to": [8.5, 1.5, 1],
			"rotation": {"angle": 0, "axis": "y", "origin": [8.5, 8, 8]},
			"faces": {
				"north": {"uv": [0, 0, 1, 1], "texture": "#0"},
				"east": {"uv": [0, 0, 1.25, 1], "texture": "#0"},
				"south": {"uv": [0, 0, 1, 1], "texture": "#0"},
				"west": {"uv": [0, 0, 1.25, 1], "texture": "#0"},
				"up": {"uv": [0, 0, 1, 1.25], "texture": "#0"},
				"down": {"uv": [0, 0, 1, 1.25], "texture": "#0"}
			}
		},
		{
			"from": [9.5, 0.5, 5.25],
			"to": [16.5, 1.5, 13.75],
			"faces": {
				"north": {"uv": [0, 0, 7, 1], "texture": "#1"},
				"east": {"uv": [0, 0, 8.5, 1], "texture": "#1"},
				"south": {"uv": [0, 0, 7, 1], "texture": "#1"},
				"west": {"uv": [0, 0, 8.5, 1], "texture": "#1"},
				"up": {"uv": [0, 0, 7, 8.5], "texture": "#1"},
				"down": {"uv": [0, 0, 7, 8.5], "texture": "#1"}
			}
		},
		{
			"from": [8.25, 2.25, 5],
			"to": [8.5, 3.25, 6],
			"rotation": {"angle": 0, "axis": "y", "origin": [8, 8.25, 13]},
			"faces": {
				"north": {"uv": [0, 0, 0.25, 1], "texture": "#1"},
				"east": {"uv": [0, 0, 1, 1], "texture": "#1"},
				"south": {"uv": [0, 0, 0.25, 1], "texture": "#1"},
				"west": {"uv": [0, 0, 1, 1], "texture": "#1"},
				"up": {"uv": [0, 0, 0.25, 1], "texture": "#1"},
				"down": {"uv": [0, 0, 0.25, 1], "texture": "#1"}
			}
		},
		{
			"from": [8.25, 2.25, 13],
			"to": [8.5, 3.25, 14],
			"rotation": {"angle": 0, "axis": "y", "origin": [8, 8.25, 21]},
			"faces": {
				"north": {"uv": [0, 0, 0.25, 1], "texture": "#1"},
				"east": {"uv": [0, 0, 1, 1], "texture": "#1"},
				"south": {"uv": [0, 0, 0.25, 1], "texture": "#1"},
				"west": {"uv": [0, 0, 1, 1], "texture": "#1"},
				"up": {"uv": [0, 0, 0.25, 1], "texture": "#1"},
				"down": {"uv": [0, 0, 0.25, 1], "texture": "#1"}
			}
		},
		{
			"from": [7.5, 2.25, 5],
			"to": [7.75, 3.25, 6],
			"rotation": {"angle": 0, "axis": "y", "origin": [8, 8.25, 13]},
			"faces": {
				"north": {"uv": [0, 0, 0.25, 1], "texture": "#1"},
				"east": {"uv": [0, 0, 1, 1], "texture": "#1"},
				"south": {"uv": [0, 0, 0.25, 1], "texture": "#1"},
				"west": {"uv": [0, 0, 1, 1], "texture": "#1"},
				"up": {"uv": [0, 0, 0.25, 1], "texture": "#1"},
				"down": {"uv": [0, 0, 0.25, 1], "texture": "#1"}
			}
		},
		{
			"from": [7.5, 2.25, 13],
			"to": [7.75, 3.25, 14],
			"rotation": {"angle": 0, "axis": "y", "origin": [8, 8.25, 21]},
			"faces": {
				"north": {"uv": [0, 0, 0.25, 1], "texture": "#1"},
				"east": {"uv": [0, 0, 1, 1], "texture": "#1"},
				"south": {"uv": [0, 0, 0.25, 1], "texture": "#1"},
				"west": {"uv": [0, 0, 1, 1], "texture": "#1"},
				"up": {"uv": [0, 0, 0.25, 1], "texture": "#1"},
				"down": {"uv": [0, 0, 0.25, 1], "texture": "#1"}
			}
		},
		{
			"from": [7.875, 1.75, 0.5],
			"to": [8.125, 3.75, 0.75],
			"rotation": {"angle": 0, "axis": "y", "origin": [8.375, 8.25, 13]},
			"faces": {
				"north": {"uv": [0, 0, 0.25, 2], "texture": "#1"},
				"east": {"uv": [0, 0, 0.25, 2], "texture": "#1"},
				"south": {"uv": [0, 0, 0.25, 2], "texture": "#1"},
				"west": {"uv": [0, 0, 0.25, 2], "texture": "#1"},
				"up": {"uv": [0, 0, 0.25, 0.25], "texture": "#1"},
				"down": {"uv": [0, 0, 0.25, 0.25], "texture": "#1"}
			}
		},
		{
			"from": [7.5, -5, 11.75],
			"to": [8.5, 0, 13.75],
			"faces": {
				"north": {"uv": [0, 0, 1, 5], "texture": "#0"},
				"east": {"uv": [0, 0, 2, 5], "texture": "#0"},
				"south": {"uv": [0, 0, 1, 5], "texture": "#0"},
				"west": {"uv": [0, 0, 2, 5], "texture": "#0"},
				"up": {"uv": [0, 0, 1, 2], "texture": "#0"},
				"down": {"uv": [0, 0, 1, 2], "texture": "#0"}
			}
		},
		{
			"from": [7.5, -2.25, 10],
			"to": [8.5, -1.75, 11.75],
			"rotation": {"angle": 0, "axis": "y", "origin": [15.5, 8, 8]},
			"faces": {
				"north": {"uv": [0, 0, 1, 0.5], "texture": "#0"},
				"east": {"uv": [0, 0, 1.75, 0.5], "texture": "#0"},
				"south": {"uv": [0, 0, 1, 0.5], "texture": "#0"},
				"west": {"uv": [0, 0, 1.75, 0.5], "texture": "#0"},
				"up": {"uv": [0, 0, 1, 1.75], "texture": "#0"},
				"down": {"uv": [0, 0, 1, 1.75], "texture": "#0"}
			}
		},
		{
			"from": [7.5, -1.75, 10],
			"to": [8.5, -0.25, 10.25],
			"rotation": {"angle": 0, "axis": "y", "origin": [15.5, 8, 8]},
			"faces": {
				"north": {"uv": [0, 0, 1, 1.5], "texture": "#0"},
				"east": {"uv": [0, 0, 0.25, 1.5], "texture": "#0"},
				"south": {"uv": [0, 0, 1, 1.5], "texture": "#0"},
				"west": {"uv": [0, 0, 0.25, 1.5], "texture": "#0"},
				"up": {"uv": [0, 0, 1, 0.25], "texture": "#0"},
				"down": {"uv": [0, 0, 1, 0.25], "texture": "#0"}
			}
		},
		{
			"from": [7.5, -1, 11],
			"to": [8.5, 0, 11.25],
			"rotation": {"angle": 22.5, "axis": "x", "origin": [8, -1, 11.125]},
			"faces": {
				"north": {"uv": [0, 0, 1, 1], "texture": "#2"},
				"east": {"uv": [0, 0, 0.25, 1], "texture": "#2"},
				"south": {"uv": [0, 0, 1, 1], "texture": "#2"},
				"west": {"uv": [0, 0, 0.25, 1], "texture": "#2"},
				"up": {"uv": [0, 0, 1, 0.25], "texture": "#2"},
				"down": {"uv": [0, 0, 1, 0.25], "texture": "#2"}
			}
		},
		{
			"from": [5.5, 1.75, 5.5],
			"to": [6.5, 2, 15],
			"faces": {
				"north": {"uv": [0, 0, 1, 0.25], "texture": "#2"},
				"east": {"uv": [0, 0, 9.5, 0.25], "texture": "#2"},
				"south": {"uv": [0, 0, 1, 0.25], "texture": "#2"},
				"west": {"uv": [0, 0, 9.5, 0.25], "texture": "#2"},
				"up": {"uv": [0, 0, 1, 9.5], "texture": "#2"},
				"down": {"uv": [0, 0, 1, 9.5], "texture": "#2"}
			}
		},
		{
			"from": [5.5, 1.25, 5.5],
			"to": [6.5, 1.5, 15],
			"faces": {
				"north": {"uv": [0, 0, 1, 0.25], "texture": "#2"},
				"east": {"uv": [0, 0, 9.5, 0.25], "texture": "#2"},
				"south": {"uv": [0, 0, 1, 0.25], "texture": "#2"},
				"west": {"uv": [0, 0, 9.5, 0.25], "texture": "#2"},
				"up": {"uv": [0, 0, 1, 9.5], "texture": "#2"},
				"down": {"uv": [0, 0, 1, 9.5], "texture": "#2"}
			}
		},
		{
			"from": [5.5, 0.75, 5.5],
			"to": [6.5, 1, 15],
			"faces": {
				"north": {"uv": [0, 0, 1, 0.25], "texture": "#2"},
				"east": {"uv": [0, 0, 9.5, 0.25], "texture": "#2"},
				"south": {"uv": [0, 0, 1, 0.25], "texture": "#2"},
				"west": {"uv": [0, 0, 9.5, 0.25], "texture": "#2"},
				"up": {"uv": [0, 0, 1, 9.5], "texture": "#2"},
				"down": {"uv": [0, 0, 1, 9.5], "texture": "#2"}
			}
		},
		{
			"from": [5.5, 0.25, 5.5],
			"to": [6.5, 0.5, 15],
			"faces": {
				"north": {"uv": [0, 0, 1, 0.25], "texture": "#2"},
				"east": {"uv": [0, 0, 9.5, 0.25], "texture": "#2"},
				"south": {"uv": [0, 0, 1, 0.25], "texture": "#2"},
				"west": {"uv": [0, 0, 9.5, 0.25], "texture": "#2"},
				"up": {"uv": [0, 0, 1, 9.5], "texture": "#2"},
				"down": {"uv": [0, 0, 1, 9.5], "texture": "#2"}
			}
		},
		{
			"from": [4, 0.5, 15.75],
			"to": [12, 1.5, 16.75],
			"faces": {
				"north": {"uv": [0, 0, 8, 1], "texture": "#1"},
				"east": {"uv": [0, 0, 1, 1], "texture": "#1"},
				"south": {"uv": [0, 0, 8, 1], "texture": "#1"},
				"west": {"uv": [0, 0, 1, 1], "texture": "#1"},
				"up": {"uv": [0, 0, 8, 1], "texture": "#1"},
				"down": {"uv": [0, 0, 8, 1], "texture": "#1"}
			}
		},
		{
			"from": [4, 0.5, 16.75],
			"to": [5, 1.5, 17.75],
			"faces": {
				"north": {"uv": [0, 0, 1, 1], "texture": "#1"},
				"east": {"uv": [0, 0, 1, 1], "texture": "#1"},
				"south": {"uv": [0, 0, 1, 1], "texture": "#1"},
				"west": {"uv": [0, 0, 1, 1], "texture": "#1"},
				"up": {"uv": [0, 0, 1, 1], "texture": "#1"},
				"down": {"uv": [0, 0, 1, 1], "texture": "#1"}
			}
		},
		{
			"from": [11, 0.5, 16.75],
			"to": [12, 1.5, 17.75],
			"faces": {
				"north": {"uv": [0, 0, 1, 1], "texture": "#1"},
				"east": {"uv": [0, 0, 1, 1], "texture": "#1"},
				"south": {"uv": [0, 0, 1, 1], "texture": "#1"},
				"west": {"uv": [0, 0, 1, 1], "texture": "#1"},
				"up": {"uv": [0, 0, 1, 1], "texture": "#1"},
				"down": {"uv": [0, 0, 1, 1], "texture": "#1"}
			}
		},
		{
			"from": [4, 0.5, 17.75],
			"to": [12, 1.5, 18],
			"faces": {
				"north": {"uv": [0, 0, 8, 1], "texture": "#0"},
				"east": {"uv": [0, 0, 0.25, 1], "texture": "#0"},
				"south": {"uv": [0, 0, 8, 1], "texture": "#0"},
				"west": {"uv": [0, 0, 0.25, 1], "texture": "#0"},
				"up": {"uv": [0, 0, 8, 0.25], "texture": "#0"},
				"down": {"uv": [0, 0, 8, 0.25], "texture": "#0"}
			}
		}
	],
	"gui_light": "front",
	"display": {
		"thirdperson_righthand": {
			"translation": [0, 8.25, -2.25]
		},
		"thirdperson_lefthand": {
			"translation": [0, 8.25, -2.25]
		},
		"firstperson_righthand": {
			"rotation": [0, 5, 0],
			"translation": [-0.75, 10, -3.25]
		},
		"firstperson_lefthand": {
			"rotation": [0, 5, 0],
			"translation": [-0.75, 10, -3.25]
		},
		"ground": {
			"translation": [0, 5.5, 0]
		},
		"gui": {
			"rotation": [45, 30, 0],
			"translation": [0, 5, 0]
		}
	}
}