{
	"credit": "Made with Blockbench",
	"textures": {
		"0": "#plate"
	},
	"elements": [
		{
			"from": [-16, 0, -16],
			"to": [32, 0, 32],
			"rotation": {"angle": 45, "axis": "y", "origin": [8, 8, 8]},
			"faces": {
				"up": {"uv": [8, 8, 16, 16], "texture": "#0"}
			}
		},
		{
			"from": [-16, 0, -16],
			"to": [32, 0, 32],
			"rotation": {"angle": 45, "axis": "y", "origin": [-49.94, 8, 32]},
			"faces": {
				"up": {"uv": [8, 0, 16, 8], "texture": "#0"}
			}
		},
		{
			"from": [-16, 0, -16],
			"to": [32, 0, 32],
			"rotation": {"angle": 45, "axis": "y", "origin": [32, 8, 65.94]},
			"faces": {
				"up": {"uv": [0, 8, 8, 16], "texture": "#0"}
			}
		},
		{
			"from": [-16, 0, -16],
			"to": [32, 0, 32],
			"rotation": {"angle": 45, "axis": "y", "origin": [-25.94, 8, 89.94]},
			"faces": {
				"up": {"uv": [0, 0, 8, 8], "texture": "#0"}
			}
		}
	],
	"gui_light": "front",
	"display": {
		"thirdperson_righthand": {
			"scale": [0, 0, 0]
		},
		"thirdperson_lefthand": {
			"scale": [0, 0, 0]
		},
		"firstperson_righthand": {
			"scale": [0, 0, 0]
		},
		"firstperson_lefthand": {
			"scale": [0, 0, 0]
		},
		"ground": {
			"scale": [0, 0, 0]
		},
		"gui": {
			"rotation": [90, -45, 0],
			"translation": [70, -63.9, 0],
			"scale": [2.6667, 2.6667, 2.6667]
		},
		"head": {
			"scale": [0, 0, 0]
		},
		"fixed": {
			"scale": [0, 0, 0]
		}
	}
}