{
	"textures": {
		"0": "animated_java:blueprint/pigwaharvey/skeleton",
		"particle": "minecraft:item/pufferfish"
	},
	"display": {
		"head": {
			"rotation": [0, 180, 0]
		}
	},
	"elements": [
		{
			"from": [19.9, 7.7, 19.7],
			"to": [28.1, 15.8, 27.8],
			"rotation": {
				"angle": 0,
				"axis": "y",
				"origin": [23.9, -3.3, 24.2]
			},
			"faces": {
				"north": {
					"uv": [10, 4, 12, 8],
					"texture": "#0"
				},
				"east": {
					"uv": [8, 4, 10, 8],
					"texture": "#0"
				},
				"south": {
					"uv": [14, 4, 16, 8],
					"texture": "#0"
				},
				"west": {
					"uv": [12, 4, 14, 8],
					"texture": "#0"
				},
				"up": {
					"uv": [12, 4, 10, 0],
					"texture": "#0"
				},
				"down": {
					"uv": [14, 0, 12, 4],
					"texture": "#0"
				}
			}
		}
	]
}