{
	"textures": {
		"0": "animated_java:blueprint/pigwaharvey/skeleton",
		"particle": "minecraft:item/pufferfish"
	},
	"display": {
		"head": {
			"rotation": [0, 180, 0]
		}
	},
	"elements": [
		{
			"from": [7, 8, 6.9],
			"to": [9, 20, 8.9],
			"faces": {
				"north": {
					"uv": [3, 9.5, 3.5, 15.5],
					"texture": "#0"
				},
				"east": {
					"uv": [3, 9.5, 3.5, 15.5],
					"texture": "#0"
				},
				"south": {
					"uv": [3, 9.5, 3.5, 15.5],
					"texture": "#0"
				},
				"west": {
					"uv": [3, 9.5, 3.5, 15.5],
					"texture": "#0"
				},
				"up": {
					"uv": [3.5, 10.5, 3, 9.5],
					"texture": "#0"
				},
				"down": {
					"uv": [1.5, 8, 1, 9],
					"texture": "#0"
				}
			}
		},
		{
			"from": [6.5, 9.1, 6.4],
			"to": [9.5, 20.1, 9.4],
			"rotation": {
				"angle": 0,
				"axis": "y",
				"origin": [5.5, 9.1, 7.4]
			},
			"faces": {
				"north": {
					"uv": [2.25, 9.5, 3, 15],
					"texture": "#0"
				},
				"east": {
					"uv": [0, 9.5, 0.75, 14.75],
					"texture": "#0"
				},
				"south": {
					"uv": [0.75, 9.5, 1.5, 15],
					"texture": "#0"
				},
				"west": {
					"uv": [1.5, 9.5, 2.25, 15],
					"texture": "#0"
				},
				"up": {
					"uv": [1, 9, 0.5, 8],
					"texture": "#0"
				},
				"down": {
					"uv": [2, 8, 1.5, 9],
					"texture": "#0"
				}
			}
		},
		{
			"from": [9.5, 9.1, 6.4],
			"to": [6.5, 20.1, 9.4],
			"rotation": {
				"angle": 0,
				"axis": "y",
				"origin": [8.5, 9.1, 7.4]
			},
			"faces": {
				"north": {
					"uv": [2.25, 9.5, 3, 15],
					"texture": "#0"
				},
				"east": {
					"uv": [0, 9.5, 0.75, 14.75],
					"texture": "#0"
				},
				"south": {
					"uv": [0.75, 9.5, 1.5, 15],
					"texture": "#0"
				},
				"west": {
					"uv": [1.5, 9.5, 2.25, 15],
					"texture": "#0"
				},
				"up": {
					"uv": [1, 9, 0.5, 8],
					"texture": "#0"
				},
				"down": {
					"uv": [2, 8, 1.5, 9],
					"texture": "#0"
				}
			}
		}
	]
}