{
	"credit": "Made with Blockbench",
	"textures": {
		"1": "block/gray_stained_glass",
		"2": "block/nothingburger",
		"particle": "block/nothingburger"
	},
	"elements": [
		{
			"from": [24, 0, 0],
			"to": [25, 16, 16],
			"faces": {
				"north": {"uv": [0, 0, 1, 16], "texture": "#2"},
				"east": {"uv": [0, 0, 16, 16], "texture": "#1"},
				"south": {"uv": [0, 0, 1, 16], "texture": "#2"},
				"west": {"uv": [0, 0, 16, 16], "texture": "#1"},
				"up": {"uv": [0, 0, 1, 16], "texture": "#2"},
				"down": {"uv": [0, 0, 1, 16], "texture": "#2"}
			}
		}
	]
}