{
	"credit": "Made with Blockbench",
	"parent": "block/block",
	"textures": {
		"1": "item/dark_end_rod",
		"2": "item/end_rod",
		"particle": "item/end_rod"
	},
	"elements": [
		{
			"from": [6, 0, 6],
			"to": [10, 1, 10],
			"faces": {
				"north": {"uv": [2, 6, 6, 7], "texture": "#2"},
				"east": {"uv": [2, 6, 6, 7], "texture": "#2"},
				"south": {"uv": [2, 6, 6, 7], "texture": "#2"},
				"west": {"uv": [2, 6, 6, 7], "texture": "#2"},
				"up": {"uv": [2, 2, 6, 6], "texture": "#2"},
				"down": {"uv": [6, 6, 2, 2], "texture": "#2", "cullface": "down"}
			}
		},
		{
			"from": [7, 1, 7],
			"to": [9, 16, 9],
			"faces": {
				"north": {"uv": [0, 0, 2, 15], "texture": "#1"},
				"east": {"uv": [0, 0, 2, 15], "texture": "#1"},
				"south": {"uv": [0, 0, 2, 15], "texture": "#1"},
				"west": {"uv": [0, 0, 2, 15], "texture": "#1"},
				"up": {"uv": [2, 0, 4, 2], "texture": "#1", "cullface": "up"}
			}
		}
	],
	"display": {
		"thirdperson_righthand": {
			"scale": [0.375, 0.375, 0.375]
		},
		"head": {
			"rotation": [-60, 0, 0],
			"translation": [0, 5, -9]
		}
	}
}