{
		"textures": {
		"0": "block/sandstone_top",
		"2": "block/dark_prismarine",
		"particle": "block/sandstone_top"
	},
	"elements": [
		{
			"from": [7.5, 0, 14],
			"to": [8.5, 5.5, 16],
			"rotation": {"angle": 0, "axis": "y", "origin": [15.5, 8, 23]},
			"faces": {
				"north": {"uv": [0, 0, 1, 5.5], "texture": "#0"},
				"east": {"uv": [0, 0, 2, 5.5], "texture": "#0"},
				"south": {"uv": [0, 0, 1, 5.5], "texture": "#0"},
				"west": {"uv": [0, 0, 2, 5.5], "texture": "#0"},
				"up": {"uv": [0, 0, 1, 2], "texture": "#0"},
				"down": {"uv": [0, 0, 1, 2], "texture": "#0"}
			}
		},
		{
			"from": [7.5, 8.5, 14],
			"to": [8.5, 14, 16],
			"rotation": {"angle": 0, "axis": "y", "origin": [15.5, 16.5, 23]},
			"faces": {
				"north": {"uv": [0, 0, 1, 5.5], "texture": "#0"},
				"east": {"uv": [0, 0, 2, 5.5], "texture": "#0"},
				"south": {"uv": [0, 0, 1, 5.5], "texture": "#0"},
				"west": {"uv": [0, 0, 2, 5.5], "texture": "#0"},
				"up": {"uv": [0, 0, 1, 2], "texture": "#0"},
				"down": {"uv": [0, 0, 1, 2], "texture": "#0"}
			}
		},
		{
			"from": [7.5, 3.5, 13],
			"to": [8.5, 11, 14],
			"rotation": {"angle": 0, "axis": "y", "origin": [15.5, 16.5, 21]},
			"faces": {
				"north": {"uv": [0, 0, 1, 7.5], "texture": "#2"},
				"east": {"uv": [0, 0, 1, 7.5], "texture": "#2"},
				"south": {"uv": [0, 0, 1, 7.5], "texture": "#2"},
				"west": {"uv": [0, 0, 1, 7.5], "texture": "#2"},
				"up": {"uv": [0, 0, 1, 1], "texture": "#2"},
				"down": {"uv": [0, 0, 1, 1], "texture": "#2"}
			}
		},
		{
			"from": [5.5, 6.5, 13],
			"to": [10.5, 7.5, 14],
			"rotation": {"angle": 0, "axis": "y", "origin": [16.5, 17.5, 21]},
			"faces": {
				"north": {"uv": [0, 0, 5, 1], "texture": "#2"},
				"east": {"uv": [0, 0, 1, 1], "texture": "#2"},
				"south": {"uv": [0, 0, 5, 1], "texture": "#2"},
				"west": {"uv": [0, 0, 1, 1], "texture": "#2"},
				"up": {"uv": [0, 0, 5, 1], "texture": "#2"},
				"down": {"uv": [0, 0, 5, 1], "texture": "#2"}
			}
		},
		{
			"from": [1, 6.5, 14],
			"to": [15, 7.5, 16],
			"rotation": {"angle": 0, "axis": "y", "origin": [9, 14.5, 23]},
			"faces": {
				"north": {"uv": [0, 0, 14, 1], "texture": "#0"},
				"east": {"uv": [0, 0, 2, 1], "texture": "#0"},
				"south": {"uv": [0, 0, 14, 1], "texture": "#0"},
				"west": {"uv": [0, 0, 2, 1], "texture": "#0"},
				"up": {"uv": [0, 0, 14, 2], "texture": "#0"},
				"down": {"uv": [0, 0, 14, 2], "texture": "#0"}
			}
		},
		{
			"from": [7.5, 6.5, 0],
			"to": [8.5, 7.5, 13],
			"rotation": {"angle": 0, "axis": "y", "origin": [15.5, 14.5, 20]},
			"faces": {
				"north": {"uv": [0, 0, 1, 1], "texture": "#2"},
				"east": {"uv": [0, 0, 13, 1], "texture": "#2"},
				"south": {"uv": [0, 0, 1, 1], "texture": "#2"},
				"west": {"uv": [0, 0, 13, 1], "texture": "#2"},
				"up": {"uv": [0, 0, 1, 13], "texture": "#2"},
				"down": {"uv": [0, 0, 1, 13], "texture": "#2"}
			}
		}
	],
	"gui_light": "front",
	"display": {
		"thirdperson_righthand": {
			"rotation": [-90, 0, 0]
		},
		"thirdperson_lefthand": {
			"rotation": [-90, 0, 0]
		},
		"firstperson_righthand": {
			"rotation": [-135, 0, 0]
		},
		"firstperson_lefthand": {
			"rotation": [-135, 0, 0]
		},
		"gui": {
			"rotation": [-45, 45, 0],
			"translation": [-2.25, -0.75, 0]
		}
	}
}