{
		"textures": {
		"0": "block/gold_block",
		"1": "block/black_concrete",
		"particle": "block/gold_block"
	},
	"elements": [
		{
			"from": [5, 0, 0],
			"to": [6, 16, 1],
			"faces": {
				"north": {"uv": [0, 0, 1, 16], "rotation": 180, "texture": "#0"},
				"east": {"uv": [0, 0, 16, 1], "rotation": 270, "texture": "#0"},
				"south": {"uv": [0, 0, 1, 16], "texture": "#0"},
				"west": {"uv": [0, 0, 16, 1], "rotation": 90, "texture": "#0"},
				"up": {"uv": [0, 0, 1, 1], "rotation": 180, "texture": "#0"},
				"down": {"uv": [0, 0, 1, 1], "texture": "#0"}
			}
		},
		{
			"from": [10, 0, 0],
			"to": [11, 16, 1],
			"faces": {
				"north": {"uv": [0, 0, 1, 16], "rotation": 180, "texture": "#0"},
				"east": {"uv": [0, 0, 16, 1], "rotation": 270, "texture": "#0"},
				"south": {"uv": [0, 0, 1, 16], "texture": "#0"},
				"west": {"uv": [0, 0, 16, 1], "rotation": 90, "texture": "#0"},
				"up": {"uv": [0, 0, 1, 1], "rotation": 180, "texture": "#0"},
				"down": {"uv": [0, 0, 1, 1], "texture": "#0"}
			}
		},
		{
			"from": [6, 15, 0],
			"to": [10, 16, 1],
			"faces": {
				"north": {"uv": [0, 0, 4, 1], "rotation": 180, "texture": "#0"},
				"east": {"uv": [0, 0, 1, 1], "rotation": 270, "texture": "#0"},
				"south": {"uv": [0, 0, 4, 1], "texture": "#0"},
				"west": {"uv": [0, 0, 1, 1], "rotation": 90, "texture": "#0"},
				"up": {"uv": [0, 0, 4, 1], "rotation": 180, "texture": "#0"},
				"down": {"uv": [0, 0, 4, 1], "texture": "#0"}
			}
		},
		{
			"from": [6, 0, 0],
			"to": [10, 1, 1],
			"faces": {
				"north": {"uv": [0, 0, 4, 1], "rotation": 180, "texture": "#0"},
				"east": {"uv": [0, 0, 1, 1], "rotation": 270, "texture": "#0"},
				"south": {"uv": [0, 0, 4, 1], "texture": "#0"},
				"west": {"uv": [0, 0, 1, 1], "rotation": 90, "texture": "#0"},
				"up": {"uv": [0, 0, 4, 1], "rotation": 180, "texture": "#0"},
				"down": {"uv": [0, 0, 4, 1], "texture": "#0"}
			}
		},
		{
			"from": [10, 4, 1],
			"to": [11, 12, 4],
			"faces": {
				"north": {"uv": [0, 0, 1, 8], "rotation": 180, "texture": "#0"},
				"east": {"uv": [0, 0, 8, 3], "rotation": 270, "texture": "#0"},
				"south": {"uv": [0, 0, 1, 8], "texture": "#0"},
				"west": {"uv": [0, 0, 8, 3], "rotation": 90, "texture": "#0"},
				"up": {"uv": [0, 0, 1, 3], "rotation": 180, "texture": "#0"},
				"down": {"uv": [0, 0, 1, 3], "texture": "#0"}
			}
		},
		{
			"from": [5, 4, 1],
			"to": [6, 12, 4],
			"faces": {
				"north": {"uv": [0, 0, 1, 8], "rotation": 180, "texture": "#0"},
				"east": {"uv": [0, 0, 8, 3], "rotation": 270, "texture": "#0"},
				"south": {"uv": [0, 0, 1, 8], "texture": "#0"},
				"west": {"uv": [0, 0, 8, 3], "rotation": 90, "texture": "#0"},
				"up": {"uv": [0, 0, 1, 3], "rotation": 180, "texture": "#0"},
				"down": {"uv": [0, 0, 1, 3], "texture": "#0"}
			}
		},
		{
			"from": [6, 1, 0],
			"to": [10, 15, 0.25],
			"faces": {
				"north": {"uv": [0, 0, 4, 14], "rotation": 180, "texture": "#missing"},
				"east": {"uv": [0, 0, 14, 0.25], "rotation": 270, "texture": "#missing"},
				"south": {"uv": [0, 0, 4, 14], "texture": "#1"},
				"west": {"uv": [0, 0, 14, 0.25], "rotation": 90, "texture": "#missing"},
				"up": {"uv": [0, 0, 4, 0.25], "rotation": 180, "texture": "#missing"},
				"down": {"uv": [0, 0, 4, 0.25], "texture": "#missing"}
			}
		},
		{
			"from": [5.5, 7.25, 2],
			"to": [10, 7.5, 3],
			"rotation": {"angle": 45, "axis": "x", "origin": [8, 8, 2.5]},
			"faces": {
				"north": {"uv": [0, 0, 4.5, 0.25], "rotation": 180, "texture": "#0"},
				"east": {"uv": [0, 0, 0.25, 1], "rotation": 270, "texture": "#0"},
				"south": {"uv": [0, 0, 4.5, 0.25], "texture": "#0"},
				"west": {"uv": [0, 0, 0.25, 1], "rotation": 90, "texture": "#0"},
				"up": {"uv": [0, 0, 4.5, 1], "rotation": 180, "texture": "#0"},
				"down": {"uv": [0, 0, 4.5, 1], "texture": "#0"}
			}
		},
		{
			"from": [5.5, 8.5, 2],
			"to": [10, 8.75, 3],
			"rotation": {"angle": 45, "axis": "x", "origin": [8, 8, 2.5]},
			"faces": {
				"north": {"uv": [0, 0, 4.5, 0.25], "rotation": 180, "texture": "#0"},
				"east": {"uv": [0, 0, 0.25, 1], "rotation": 270, "texture": "#0"},
				"south": {"uv": [0, 0, 4.5, 0.25], "texture": "#0"},
				"west": {"uv": [0, 0, 0.25, 1], "rotation": 90, "texture": "#0"},
				"up": {"uv": [0, 0, 4.5, 1], "rotation": 180, "texture": "#0"},
				"down": {"uv": [0, 0, 4.5, 1], "texture": "#0"}
			}
		},
		{
			"from": [6, 8.25, 16],
			"to": [10, 9.25, 17],
			"rotation": {"angle": 45, "axis": "x", "origin": [8, 8, 2.5]},
			"faces": {
				"north": {"uv": [0, 0, 4, 1], "rotation": 180, "texture": "#0"},
				"east": {"uv": [0, 0, 1, 1], "rotation": 270, "texture": "#0"},
				"south": {"uv": [0, 0, 4, 1], "texture": "#0"},
				"west": {"uv": [0, 0, 1, 1], "rotation": 90, "texture": "#0"},
				"up": {"uv": [0, 0, 4, 1], "rotation": 180, "texture": "#0"},
				"down": {"uv": [0, 0, 4, 1], "texture": "#0"}
			}
		},
		{
			"from": [7.5, 7.5, -2],
			"to": [8.5, 8.5, 21],
			"rotation": {"angle": 45, "axis": "x", "origin": [8, 8, 2.5]},
			"faces": {
				"north": {"uv": [0, 0, 1, 1], "rotation": 180, "texture": "#0"},
				"east": {"uv": [0, 0, 1, 16], "rotation": 270, "texture": "#0"},
				"south": {"uv": [0, 0, 1, 1], "texture": "#0"},
				"west": {"uv": [0, 0, 1, 16], "rotation": 90, "texture": "#0"},
				"up": {"uv": [0, 0, 1, 16], "rotation": 180, "texture": "#0"},
				"down": {"uv": [0, 0, 1, 16], "texture": "#0"}
			}
		},
		{
			"from": [6, 6.75, 18],
			"to": [10, 7.75, 19],
			"rotation": {"angle": 45, "axis": "x", "origin": [8, 8, 2.5]},
			"faces": {
				"north": {"uv": [0, 0, 4, 1], "rotation": 180, "texture": "#0"},
				"east": {"uv": [0, 0, 1, 1], "rotation": 270, "texture": "#0"},
				"south": {"uv": [0, 0, 4, 1], "texture": "#0"},
				"west": {"uv": [0, 0, 1, 1], "rotation": 90, "texture": "#0"},
				"up": {"uv": [0, 0, 4, 1], "rotation": 180, "texture": "#0"},
				"down": {"uv": [0, 0, 4, 1], "texture": "#0"}
			}
		},
		{
			"from": [6, 6.75, 16],
			"to": [10, 7.75, 17],
			"rotation": {"angle": 45, "axis": "x", "origin": [8, 8, 2.5]},
			"faces": {
				"north": {"uv": [0, 0, 4, 1], "rotation": 180, "texture": "#0"},
				"east": {"uv": [0, 0, 1, 1], "rotation": 270, "texture": "#0"},
				"south": {"uv": [0, 0, 4, 1], "texture": "#0"},
				"west": {"uv": [0, 0, 1, 1], "rotation": 90, "texture": "#0"},
				"up": {"uv": [0, 0, 4, 1], "rotation": 180, "texture": "#0"},
				"down": {"uv": [0, 0, 4, 1], "texture": "#0"}
			}
		},
		{
			"from": [6, 7.5, 2],
			"to": [7.5, 8.5, 3],
			"rotation": {"angle": 45, "axis": "x", "origin": [8, 8, 2.5]},
			"faces": {
				"north": {"uv": [0, 0, 1.5, 1], "rotation": 180, "texture": "#0"},
				"east": {"uv": [0, 0, 1, 1], "rotation": 270, "texture": "#0"},
				"south": {"uv": [0, 0, 1.5, 1], "texture": "#0"},
				"west": {"uv": [0, 0, 1, 1], "rotation": 90, "texture": "#0"},
				"up": {"uv": [0, 0, 1.5, 1], "rotation": 180, "texture": "#0"},
				"down": {"uv": [0, 0, 1.5, 1], "texture": "#0"}
			}
		},
		{
			"from": [8.5, 7.5, 2],
			"to": [10, 8.5, 3],
			"rotation": {"angle": 45, "axis": "x", "origin": [8, 8, 2.5]},
			"faces": {
				"north": {"uv": [0, 0, 1.5, 1], "rotation": 180, "texture": "#0"},
				"east": {"uv": [0, 0, 1, 1], "rotation": 270, "texture": "#0"},
				"south": {"uv": [0, 0, 1.5, 1], "texture": "#0"},
				"west": {"uv": [0, 0, 1, 1], "rotation": 90, "texture": "#0"},
				"up": {"uv": [0, 0, 1.5, 1], "rotation": 180, "texture": "#0"},
				"down": {"uv": [0, 0, 1.5, 1], "texture": "#0"}
			}
		},
		{
			"from": [6, 8.25, 18],
			"to": [10, 9.25, 19],
			"rotation": {"angle": 45, "axis": "x", "origin": [8, 8, 2.5]},
			"faces": {
				"north": {"uv": [0, 0, 4, 1], "rotation": 180, "texture": "#0"},
				"east": {"uv": [0, 0, 1, 1], "rotation": 270, "texture": "#0"},
				"south": {"uv": [0, 0, 4, 1], "texture": "#0"},
				"west": {"uv": [0, 0, 1, 1], "rotation": 90, "texture": "#0"},
				"up": {"uv": [0, 0, 4, 1], "rotation": 180, "texture": "#0"},
				"down": {"uv": [0, 0, 4, 1], "texture": "#0"}
			}
		}
	],
	"gui_light": "front",
	"display": {
		"thirdperson_righthand": {
			"rotation": [0, -180, 0],
			"translation": [16, 8, 0]
		},
		"thirdperson_lefthand": {
			"rotation": [0, -180, 0],
			"translation": [0, 8, 0]
		},
		"firstperson_righthand": {
			"rotation": [0, 45, 0],
			"scale": [0.4, 0.4, 0.4]
		},
		"firstperson_lefthand": {
			"rotation": [0, 225, 0],
			"scale": [0.4, 0.4, 0.4]
		},
		"ground": {
			"translation": [0, 3, 0],
			"scale": [0.25, 0.25, 0.25]
		},
		"gui": {
			"rotation": [30, 225, 0],
			"scale": [0.625, 0.625, 0.625]
		},
		"fixed": {
			"scale": [0.5, 0.5, 0.5]
		}
	},
	"groups": [
		{
			"name": "group",
			"origin": [8, 8, 8],
			"color": 0,
			"children": [0, 1, 2, 3, 4, 5, 6]
		},
		{
			"name": "group",
			"origin": [8, 8, 8],
			"color": 0,
			"children": [7, 8, 9, 10, 11, 12, 13, 14, 15]
		}
	]
}