{
		"textures": {
		"0": "images/paper4",
		"1": "images/shading2",
		"particle": "images/paper4"
	},
	"elements": [
		{
			"from": [0, 0, 0],
			"to": [16, 0.01, 16],
			"faces": {
				"north": {"uv": [0, 0, 16, 0.01], "texture": "#0"},
				"east": {"uv": [0, 0, 16, 0.01], "texture": "#0"},
				"south": {"uv": [0, 0, 16, 0.01], "texture": "#0"},
				"west": {"uv": [0, 0, 16, 0.01], "texture": "#0"},
				"up": {"uv": [0, 0, 16, 16], "texture": "#0"},
				"down": {"uv": [16, 0, 0, 16], "rotation": 180, "texture": "#1"}
			}
		}
	],
	"gui_light": "front",
	"display": {
		"thirdperson_righthand": {
			"rotation": [90, 0, 0],
			"translation": [0, 3, 5],
			"scale": [0.55, 0.55, 0.55]
		},
		"thirdperson_lefthand": {
			"rotation": [90, 0, 0],
			"translation": [0, 3, 5],
			"scale": [0.55, 0.55, 0.55]
		},
		"firstperson_righthand": {
			"rotation": [80, 0, 0],
			"translation": [1.5, 7.5, 3]
		},
		"firstperson_lefthand": {
			"rotation": [80, 0, 0],
			"translation": [1.5, 7.5, 3]
		},
		"ground": {
			"translation": [0, 2, 0],
			"scale": [0.5, 0.5, 0.5]
		},
		"gui": {
			"rotation": [90, 0, 0]
		},
		"head": {
			"rotation": [0, 180, 0],
			"translation": [0, 13, 7]
		},
		"fixed": {
			"rotation": [0, 180, 0]
		}
	}
}