{
		"textures": {
		"0": "images/paper1",
		"1": "images/shading",
		"particle": "images/paper1"
	},
	"elements": [
		{
			"from": [2.04, 0, -0.42],
			"to": [13.96, 0.1, 16.42],
			"rotation": {"angle": 0, "axis": "y", "origin": [10.04, 8, 7.58]},
			"faces": {
				"north": {"uv": [0, 0, 11, 0.1], "texture": "#1"},
				"east": {"uv": [0.133, 2.185, 11.133, 2.285], "texture": "#1"},
				"south": {"uv": [0, 0, 11, 0.1], "texture": "#1"},
				"west": {"uv": [0.19, 0.532, 11.19, 0.632], "texture": "#1"},
				"up": {"uv": [0, 0, 11.312, 16], "texture": "#0"},
				"down": {"uv": [0, 0, 11.217, 16], "texture": "#1"}
			}
		},
		{
			"from": [2.04, 0, 16.42],
			"to": [13.96, 0.1, 16.67],
			"rotation": {"angle": 0, "axis": "x", "origin": [10.04, 8, 9.42]},
			"faces": {
				"north": {"uv": [4.08, 0, 16, 0.1], "texture": "#1"},
				"east": {"uv": [0.25, 0, 0.5, 0.1], "texture": "#1"},
				"south": {"uv": [4.08, 0, 16, 0.1], "texture": "#1"},
				"west": {"uv": [0.25, 0, 0.5, 0.1], "texture": "#1"},
				"up": {"uv": [0, 0.25, 11.312, 0.5], "texture": "#1"},
				"down": {"uv": [0, 0.25, 11.312, 0.5], "texture": "#1"}
			}
		},
		{
			"from": [2.04, 0.04403, 16.64135],
			"to": [13.96, 0.14403, 16.89135],
			"rotation": {"angle": -22.5, "axis": "x", "origin": [8, 0.09403, 16.76635]},
			"faces": {
				"north": {"uv": [4.08, 0, 16, 0.1], "texture": "#1"},
				"east": {"uv": [0.25, 0, 0.5, 0.1], "texture": "#1"},
				"south": {"uv": [4.08, 0, 16, 0.1], "texture": "#1"},
				"west": {"uv": [0.25, 0, 0.5, 0.1], "texture": "#1"},
				"up": {"uv": [0, 0.25, 11.312, 0.5], "texture": "#1"},
				"down": {"uv": [0, 0.25, 11.312, 0.5], "texture": "#1"}
			}
		},
		{
			"from": [2.04, 1.11281, 16.19865],
			"to": [13.96, 1.21281, 16.44865],
			"rotation": {"angle": -22.5, "axis": "x", "origin": [8, 1.16281, 16.32365]},
			"faces": {
				"north": {"uv": [4.08, 0, 16, 0.1], "texture": "#1"},
				"east": {"uv": [0.25, 0, 0.5, 0.1], "texture": "#1"},
				"south": {"uv": [4.08, 0, 16, 0.1], "texture": "#1"},
				"west": {"uv": [0.25, 0, 0.5, 0.1], "texture": "#1"},
				"up": {"uv": [0, 0, 11.312, 0.25], "texture": "#1"},
				"down": {"uv": [0, 0.25, 11.312, 0.5], "texture": "#1"}
			}
		},
		{
			"from": [2.04, 0.28207, 17.02939],
			"to": [13.96, 0.53207, 17.12939],
			"rotation": {"angle": 22.5, "axis": "x", "origin": [8, 0.40707, 17.07939]},
			"faces": {
				"north": {"uv": [0, 0, 11.312, 0.25], "texture": "#1"},
				"east": {"uv": [2.832, 1.881, 3.082, 1.981], "rotation": 270, "texture": "#1"},
				"south": {"uv": [0, 0, 11.312, 0.25], "rotation": 180, "texture": "#1"},
				"west": {"uv": [0.893, 0, 1.143, 0.1], "rotation": 90, "texture": "#1"},
				"up": {"uv": [0, 0.1, 11.92, 0.2], "rotation": 180, "texture": "#1"},
				"down": {"uv": [0, 0.1, 11.92, 0.2], "texture": "#1"}
			}
		},
		{
			"from": [2.04, 0.72477, 15.96061],
			"to": [13.96, 0.97477, 16.06061],
			"rotation": {"angle": 22.5, "axis": "x", "origin": [8, 0.84977, 16.01061]},
			"faces": {
				"north": {"uv": [0, 0, 11.312, 0.25], "texture": "#1"},
				"east": {"uv": [2.394, 1.938, 2.644, 2.038], "rotation": 270, "texture": "#1"},
				"south": {"uv": [0, 0, 11.312, 0.25], "rotation": 180, "texture": "#1"},
				"west": {"uv": [1.045, 1.045, 1.295, 1.145], "rotation": 90, "texture": "#1"},
				"up": {"uv": [0, 0.1, 11.92, 0.2], "rotation": 180, "texture": "#1"},
				"down": {"uv": [0, 0.1, 11.92, 0.2], "texture": "#1"}
			}
		},
		{
			"from": [2.04, 0.50342, 17.07342],
			"to": [13.96, 0.75342, 17.17342],
			"rotation": {"angle": 0, "axis": "x", "origin": [8, 0.62842, 17.12342]},
			"faces": {
				"north": {"uv": [0, 0, 11.312, 0.193], "texture": "#1"},
				"east": {"uv": [2.394, 1.786, 2.644, 1.886], "rotation": 270, "texture": "#1"},
				"south": {"uv": [0, 0, 11.312, 0.25], "rotation": 180, "texture": "#1"},
				"west": {"uv": [2.432, 1.045, 2.682, 1.145], "rotation": 90, "texture": "#1"},
				"up": {"uv": [0, 0.1, 11.92, 0.2], "rotation": 180, "texture": "#1"},
				"down": {"uv": [0, 0.1, 11.92, 0.2], "texture": "#1"}
			}
		},
		{
			"from": [2.04, 0.50342, 15.91658],
			"to": [13.96, 0.75342, 16.01658],
			"rotation": {"angle": 0, "axis": "x", "origin": [8, 0.62842, 15.96658]},
			"faces": {
				"north": {"uv": [0, 0, 11.312, 0.25], "texture": "#1"},
				"east": {"uv": [2.337, 1.387, 2.587, 1.487], "rotation": 270, "texture": "#1"},
				"south": {"uv": [0, 0, 11.312, 0.25], "rotation": 180, "texture": "#1"},
				"west": {"uv": [1.14, 1.14, 1.39, 1.24], "rotation": 90, "texture": "#1"},
				"up": {"uv": [0, 0.1, 11.92, 0.2], "rotation": 180, "texture": "#1"},
				"down": {"uv": [0, 0.1, 11.92, 0.2], "texture": "#1"}
			}
		},
		{
			"from": [2.04, 0.72477, 17.02939],
			"to": [13.96, 0.97477, 17.12939],
			"rotation": {"angle": -22.5, "axis": "x", "origin": [8, 0.84977, 17.07939]},
			"faces": {
				"north": {"uv": [0, 0, 11.312, 0.25], "texture": "#1"},
				"east": {"uv": [1.045, 1.197, 1.295, 1.297], "rotation": 270, "texture": "#1"},
				"south": {"uv": [0, 0, 11.312, 0.25], "rotation": 180, "texture": "#1"},
				"west": {"uv": [1.938, 1.14, 2.188, 1.24], "rotation": 90, "texture": "#1"},
				"up": {"uv": [0, 0.1, 11.92, 0.2], "rotation": 180, "texture": "#1"},
				"down": {"uv": [0, 0.1, 11.92, 0.2], "texture": "#1"}
			}
		},
		{
			"from": [2.04, 0.28207, 15.96061],
			"to": [13.96, 0.53207, 16.06061],
			"rotation": {"angle": -22.5, "axis": "x", "origin": [8, 0.40707, 16.01061]},
			"faces": {
				"north": {"uv": [0, 0, 11.312, 0.25], "texture": "#1"},
				"east": {"uv": [1.444, 1.292, 1.694, 1.392], "rotation": 270, "texture": "#1"},
				"south": {"uv": [0, 0, 11.312, 0.25], "rotation": 180, "texture": "#1"},
				"west": {"uv": [1.634, 1.444, 1.884, 1.544], "rotation": 90, "texture": "#1"},
				"up": {"uv": [0, 0.1, 11.92, 0.2], "rotation": 180, "texture": "#1"},
				"down": {"uv": [0, 0.1, 11.92, 0.2], "texture": "#1"}
			}
		},
		{
			"from": [2.04, 0.98742, 16.829],
			"to": [13.96, 1.08742, 17.079],
			"rotation": {"angle": 45, "axis": "x", "origin": [8, 1.03742, 16.954]},
			"faces": {
				"north": {"uv": [4.08, 0, 16, 0.1], "rotation": 180, "texture": "#1"},
				"east": {"uv": [0.25, 0, 0.5, 0.1], "rotation": 180, "texture": "#1"},
				"south": {"uv": [4.08, 0, 16, 0.1], "rotation": 180, "texture": "#1"},
				"west": {"uv": [0.25, 0, 0.5, 0.1], "rotation": 180, "texture": "#1"},
				"up": {"uv": [0, 0, 11.312, 0.25], "texture": "#1"},
				"down": {"uv": [0, 0, 11.312, 0.25], "texture": "#1"}
			}
		},
		{
			"from": [2.04, 0.16941, 16.011],
			"to": [13.96, 0.26941, 16.261],
			"rotation": {"angle": 45, "axis": "x", "origin": [8, 0.21941, 16.136]},
			"faces": {
				"north": {"uv": [4.08, 0, 16, 0.1], "rotation": 180, "texture": "#1"},
				"east": {"uv": [0.25, 0, 0.5, 0.1], "rotation": 180, "texture": "#1"},
				"south": {"uv": [0, 0, 11.312, 0.1], "rotation": 180, "texture": "#1"},
				"west": {"uv": [0.25, 0, 0.5, 0.1], "rotation": 180, "texture": "#1"},
				"up": {"uv": [0, 0, 11.312, 0.25], "texture": "#1"},
				"down": {"uv": [0, 0, 11.312, 0.25], "texture": "#1"}
			}
		},
		{
			"from": [2.04, 1.11281, 16.64135],
			"to": [13.96, 1.21281, 16.89135],
			"rotation": {"angle": 22.5, "axis": "x", "origin": [8, 1.16281, 16.76635]},
			"faces": {
				"north": {"uv": [4.08, 0, 16, 0.1], "rotation": 180, "texture": "#1"},
				"east": {"uv": [0.25, 0, 0.5, 0.1], "rotation": 180, "texture": "#1"},
				"south": {"uv": [4.08, 0, 16, 0.1], "rotation": 180, "texture": "#1"},
				"west": {"uv": [0.25, 0, 0.5, 0.1], "rotation": 180, "texture": "#1"},
				"up": {"uv": [0, 0, 11.312, 0.25], "texture": "#1"},
				"down": {"uv": [0, 0.25, 11.312, 0.5], "texture": "#1"}
			}
		},
		{
			"from": [2.04, 1.15683, 16.42],
			"to": [13.96, 1.25683, 16.67],
			"rotation": {"angle": 0, "axis": "x", "origin": [8, 1.20683, 16.545]},
			"faces": {
				"north": {"uv": [4.08, 0, 16, 0.1], "rotation": 180, "texture": "#1"},
				"east": {"uv": [0.25, 0, 0.5, 0.1], "rotation": 180, "texture": "#1"},
				"south": {"uv": [4.08, 0, 16, 0.1], "rotation": 180, "texture": "#1"},
				"west": {"uv": [0.25, 0, 0.5, 0.1], "rotation": 180, "texture": "#1"},
				"up": {"uv": [0, 0, 11.312, 0.25], "texture": "#1"},
				"down": {"uv": [0, 0.25, 11.312, 0.5], "texture": "#1"}
			}
		},
		{
			"from": [2.04, 0.16941, 16.829],
			"to": [13.96, 0.26941, 17.079],
			"rotation": {"angle": -45, "axis": "x", "origin": [8, 0.21941, 16.954]},
			"faces": {
				"north": {"uv": [4.08, 0, 16, 0.1], "texture": "#1"},
				"east": {"uv": [0.25, 0, 0.5, 0.1], "texture": "#1"},
				"south": {"uv": [4.08, 0, 16, 0.1], "texture": "#1"},
				"west": {"uv": [0.25, 0, 0.5, 0.1], "texture": "#1"},
				"up": {"uv": [0, 0.25, 11.312, 0.5], "texture": "#1"},
				"down": {"uv": [0, 0, 11.312, 0.25], "texture": "#1"}
			}
		},
		{
			"from": [2.04, 0.98742, 16.011],
			"to": [13.96, 1.08742, 16.261],
			"rotation": {"angle": -45, "axis": "x", "origin": [8, 1.03742, 16.136]},
			"faces": {
				"north": {"uv": [4.08, 0, 16, 0.1], "texture": "#1"},
				"east": {"uv": [0.25, 0, 0.5, 0.1], "texture": "#1"},
				"south": {"uv": [4.08, 0, 16, 0.1], "texture": "#1"},
				"west": {"uv": [0.25, 0, 0.5, 0.1], "texture": "#1"},
				"up": {"uv": [0, 0, 11.312, 0.25], "texture": "#1"},
				"down": {"uv": [0, 0.25, 11.312, 0.5], "texture": "#1"}
			}
		},
		{
			"from": [2.04, 0, -0.67],
			"to": [13.96, 0.1, -0.42],
			"rotation": {"angle": 0, "axis": "x", "origin": [10.04, 8, 6.58]},
			"faces": {
				"north": {"uv": [16, 0, 4.08, 0.1], "texture": "#1"},
				"east": {"uv": [0.5, 0, 0.25, 0.1], "texture": "#1"},
				"south": {"uv": [16, 0, 4.08, 0.1], "texture": "#1"},
				"west": {"uv": [0.5, 0, 0.25, 0.1], "texture": "#1"},
				"up": {"uv": [0, 0.5, 11.312, 0.25], "texture": "#1"},
				"down": {"uv": [0, 0.5, 11.312, 0.25], "texture": "#1"}
			}
		},
		{
			"from": [2.04, 0.04403, -0.89135],
			"to": [13.96, 0.14403, -0.64135],
			"rotation": {"angle": 22.5, "axis": "x", "origin": [8, 0.09403, -0.76635]},
			"faces": {
				"north": {"uv": [16, 0, 4.08, 0.1], "texture": "#1"},
				"east": {"uv": [0.5, 0, 0.25, 0.1], "texture": "#1"},
				"south": {"uv": [16, 0, 4.08, 0.1], "texture": "#1"},
				"west": {"uv": [0.5, 0, 0.25, 0.1], "texture": "#1"},
				"up": {"uv": [0, 0.5, 11.312, 0.25], "texture": "#1"},
				"down": {"uv": [0, 0.5, 11.312, 0.25], "texture": "#1"}
			}
		},
		{
			"from": [2.04, 1.11281, -0.44865],
			"to": [13.96, 1.21281, -0.19865],
			"rotation": {"angle": 22.5, "axis": "x", "origin": [8, 1.16281, -0.32365]},
			"faces": {
				"north": {"uv": [16, 0, 4.08, 0.1], "texture": "#1"},
				"east": {"uv": [0.5, 0, 0.25, 0.1], "texture": "#1"},
				"south": {"uv": [16, 0, 4.08, 0.1], "texture": "#1"},
				"west": {"uv": [0.5, 0, 0.25, 0.1], "texture": "#1"},
				"up": {"uv": [0, 0.25, 11.312, 0], "texture": "#1"},
				"down": {"uv": [0, 0.5, 11.312, 0.25], "texture": "#1"}
			}
		},
		{
			"from": [2.04, 0.28207, -1.12939],
			"to": [13.96, 0.53207, -1.02939],
			"rotation": {"angle": -22.5, "axis": "x", "origin": [8, 0.40707, -1.07939]},
			"faces": {
				"north": {"uv": [11.312, 0, 0, 0.25], "rotation": 180, "texture": "#1"},
				"east": {"uv": [2.832, 1.981, 3.082, 1.881], "rotation": 270, "texture": "#1"},
				"south": {"uv": [11.312, 0, 0, 0.25], "texture": "#1"},
				"west": {"uv": [0.893, 0.1, 1.143, 0], "rotation": 90, "texture": "#1"},
				"up": {"uv": [0, 0.2, 11.92, 0.1], "rotation": 180, "texture": "#1"},
				"down": {"uv": [0, 0.2, 11.92, 0.1], "texture": "#1"}
			}
		},
		{
			"from": [2.04, 0.72477, -0.06061],
			"to": [13.96, 0.97477, 0.03939],
			"rotation": {"angle": -22.5, "axis": "x", "origin": [8, 0.84977, -0.01061]},
			"faces": {
				"north": {"uv": [11.312, 0, 0, 0.25], "rotation": 180, "texture": "#1"},
				"east": {"uv": [2.394, 2.038, 2.644, 1.938], "rotation": 270, "texture": "#1"},
				"south": {"uv": [11.312, 0, 0, 0.25], "texture": "#1"},
				"west": {"uv": [1.045, 1.145, 1.295, 1.045], "rotation": 90, "texture": "#1"},
				"up": {"uv": [0, 0.2, 11.92, 0.1], "rotation": 180, "texture": "#1"},
				"down": {"uv": [0, 0.2, 11.92, 0.1], "texture": "#1"}
			}
		},
		{
			"from": [2.04, 0.50342, -1.17342],
			"to": [13.96, 0.75342, -1.07342],
			"rotation": {"angle": 0, "axis": "x", "origin": [8, 0.62842, -1.12342]},
			"faces": {
				"north": {"uv": [11.312, 0, 0, 0.25], "rotation": 180, "texture": "#1"},
				"east": {"uv": [2.394, 1.886, 2.644, 1.786], "rotation": 270, "texture": "#1"},
				"south": {"uv": [11.312, 0, 0, 0.193], "texture": "#1"},
				"west": {"uv": [2.432, 1.145, 2.682, 1.045], "rotation": 90, "texture": "#1"},
				"up": {"uv": [0, 0.2, 11.92, 0.1], "rotation": 180, "texture": "#1"},
				"down": {"uv": [0, 0.2, 11.92, 0.1], "texture": "#1"}
			}
		},
		{
			"from": [2.04, 0.50342, -0.01658],
			"to": [13.96, 0.75342, 0.08342],
			"rotation": {"angle": 0, "axis": "x", "origin": [8, 0.62842, 0.03342]},
			"faces": {
				"north": {"uv": [11.312, 0, 0, 0.25], "rotation": 180, "texture": "#1"},
				"east": {"uv": [2.337, 1.487, 2.587, 1.387], "rotation": 270, "texture": "#1"},
				"south": {"uv": [11.312, 0, 0, 0.25], "texture": "#1"},
				"west": {"uv": [1.14, 1.24, 1.39, 1.14], "rotation": 90, "texture": "#1"},
				"up": {"uv": [0, 0.2, 11.92, 0.1], "rotation": 180, "texture": "#1"},
				"down": {"uv": [0, 0.2, 11.92, 0.1], "texture": "#1"}
			}
		},
		{
			"from": [2.04, 0.72477, -1.12939],
			"to": [13.96, 0.97477, -1.02939],
			"rotation": {"angle": 22.5, "axis": "x", "origin": [8, 0.84977, -1.07939]},
			"faces": {
				"north": {"uv": [11.312, 0, 0, 0.25], "rotation": 180, "texture": "#1"},
				"east": {"uv": [1.045, 1.297, 1.295, 1.197], "rotation": 270, "texture": "#1"},
				"south": {"uv": [11.312, 0, 0, 0.25], "texture": "#1"},
				"west": {"uv": [1.938, 1.24, 2.188, 1.14], "rotation": 90, "texture": "#1"},
				"up": {"uv": [0, 0.2, 11.92, 0.1], "rotation": 180, "texture": "#1"},
				"down": {"uv": [0, 0.2, 11.92, 0.1], "texture": "#1"}
			}
		},
		{
			"from": [2.04, 0.28207, -0.06061],
			"to": [13.96, 0.53207, 0.03939],
			"rotation": {"angle": 22.5, "axis": "x", "origin": [8, 0.40707, -0.01061]},
			"faces": {
				"north": {"uv": [11.312, 0, 0, 0.25], "rotation": 180, "texture": "#1"},
				"east": {"uv": [1.444, 1.392, 1.694, 1.292], "rotation": 270, "texture": "#1"},
				"south": {"uv": [11.312, 0, 0, 0.25], "texture": "#1"},
				"west": {"uv": [1.634, 1.544, 1.884, 1.444], "rotation": 90, "texture": "#1"},
				"up": {"uv": [0, 0.2, 11.92, 0.1], "rotation": 180, "texture": "#1"},
				"down": {"uv": [0, 0.2, 11.92, 0.1], "texture": "#1"}
			}
		},
		{
			"from": [2.04, 0.98742, -1.079],
			"to": [13.96, 1.08742, -0.829],
			"rotation": {"angle": -45, "axis": "x", "origin": [8, 1.03742, -0.954]},
			"faces": {
				"north": {"uv": [16, 0, 4.08, 0.1], "rotation": 180, "texture": "#1"},
				"east": {"uv": [0.5, 0, 0.25, 0.1], "rotation": 180, "texture": "#1"},
				"south": {"uv": [16, 0, 4.08, 0.1], "rotation": 180, "texture": "#1"},
				"west": {"uv": [0.5, 0, 0.25, 0.1], "rotation": 180, "texture": "#1"},
				"up": {"uv": [0, 0.25, 11.312, 0], "texture": "#1"},
				"down": {"uv": [0, 0.25, 11.312, 0], "texture": "#1"}
			}
		},
		{
			"from": [2.04, 0.16941, -0.261],
			"to": [13.96, 0.26941, -0.011],
			"rotation": {"angle": -45, "axis": "x", "origin": [8, 0.21941, -0.136]},
			"faces": {
				"north": {"uv": [11.312, 0, 0, 0.1], "rotation": 180, "texture": "#1"},
				"east": {"uv": [0.5, 0, 0.25, 0.1], "rotation": 180, "texture": "#1"},
				"south": {"uv": [16, 0, 4.08, 0.1], "rotation": 180, "texture": "#1"},
				"west": {"uv": [0.5, 0, 0.25, 0.1], "rotation": 180, "texture": "#1"},
				"up": {"uv": [0, 0.25, 11.312, 0], "texture": "#1"},
				"down": {"uv": [0, 0.25, 11.312, 0], "texture": "#1"}
			}
		},
		{
			"from": [2.04, 1.11281, -0.89135],
			"to": [13.96, 1.21281, -0.64135],
			"rotation": {"angle": -22.5, "axis": "x", "origin": [8, 1.16281, -0.76635]},
			"faces": {
				"north": {"uv": [16, 0, 4.08, 0.1], "rotation": 180, "texture": "#1"},
				"east": {"uv": [0.5, 0, 0.25, 0.1], "rotation": 180, "texture": "#1"},
				"south": {"uv": [16, 0, 4.08, 0.1], "rotation": 180, "texture": "#1"},
				"west": {"uv": [0.5, 0, 0.25, 0.1], "rotation": 180, "texture": "#1"},
				"up": {"uv": [0, 0.25, 11.312, 0], "texture": "#1"},
				"down": {"uv": [0, 0.5, 11.312, 0.25], "texture": "#1"}
			}
		},
		{
			"from": [2.04, 1.15683, -0.67],
			"to": [13.96, 1.25683, -0.42],
			"rotation": {"angle": 0, "axis": "x", "origin": [8, 1.20683, -0.545]},
			"faces": {
				"north": {"uv": [16, 0, 4.08, 0.1], "rotation": 180, "texture": "#1"},
				"east": {"uv": [0.5, 0, 0.25, 0.1], "rotation": 180, "texture": "#1"},
				"south": {"uv": [16, 0, 4.08, 0.1], "rotation": 180, "texture": "#1"},
				"west": {"uv": [0.5, 0, 0.25, 0.1], "rotation": 180, "texture": "#1"},
				"up": {"uv": [0, 0.25, 11.312, 0], "texture": "#1"},
				"down": {"uv": [0, 0.5, 11.312, 0.25], "texture": "#1"}
			}
		},
		{
			"from": [2.04, 0.16941, -1.079],
			"to": [13.96, 0.26941, -0.829],
			"rotation": {"angle": 45, "axis": "x", "origin": [8, 0.21941, -0.954]},
			"faces": {
				"north": {"uv": [16, 0, 4.08, 0.1], "texture": "#1"},
				"east": {"uv": [0.5, 0, 0.25, 0.1], "texture": "#1"},
				"south": {"uv": [16, 0, 4.08, 0.1], "texture": "#1"},
				"west": {"uv": [0.5, 0, 0.25, 0.1], "texture": "#1"},
				"up": {"uv": [0, 0.5, 11.312, 0.25], "texture": "#1"},
				"down": {"uv": [0, 0.25, 11.312, 0], "texture": "#1"}
			}
		},
		{
			"from": [2.04, 0.98742, -0.261],
			"to": [13.96, 1.08742, -0.011],
			"rotation": {"angle": 45, "axis": "x", "origin": [8, 1.03742, -0.136]},
			"faces": {
				"north": {"uv": [16, 0, 4.08, 0.1], "texture": "#1"},
				"east": {"uv": [0.5, 0, 0.25, 0.1], "texture": "#1"},
				"south": {"uv": [16, 0, 4.08, 0.1], "texture": "#1"},
				"west": {"uv": [0.5, 0, 0.25, 0.1], "texture": "#1"},
				"up": {"uv": [0, 0.25, 11.312, 0], "texture": "#1"},
				"down": {"uv": [0, 0.5, 11.312, 0.25], "texture": "#1"}
			}
		}
	],
	"gui_light": "front",
	"display": {
		"thirdperson_righthand": {
			"rotation": [90, 90, 0],
			"translation": [0, 2.75, 5.25],
			"scale": [0.6, 0.6, 0.6]
		},
		"thirdperson_lefthand": {
			"rotation": [90, -90, 0],
			"translation": [0, 2.75, 5.25],
			"scale": [0.6, 0.6, 0.6]
		},
		"firstperson_righthand": {
			"rotation": [80, 90, 0],
			"translation": [-4, 8, 7]
		},
		"firstperson_lefthand": {
			"rotation": [80, -90, 0],
			"translation": [-4, 8, 7]
		},
		"ground": {
			"translation": [0, 7.5, 0]
		},
		"gui": {
			"rotation": [35, 55, 90],
			"translation": [-4.25, -3.75, 0]
		}
	},
	"groups": [0,
		{
			"name": "group",
			"origin": [8, 0.21941, -0.954],
			"color": 0,
			"children": [1, 2, 3, 4, 5, 6, 7, 8, 9, 10, 11, 12, 13, 14, 15]
		},
		{
			"name": "group",
			"origin": [8, 0.21941, -0.954],
			"color": 0,
			"children": [16, 17, 18, 19, 20, 21, 22, 23, 24, 25, 26, 27, 28, 29, 30]
		}
	]
}