{
		"textures": {
		"0": "images/paper3",
		"1": "block/acacia_planks",
		"particle": "images/paper3"
	},
	"elements": [
		{
			"from": [-4, 2.75, 0.25],
			"to": [20, 3.25, 14.5],
			"rotation": {"angle": 22.5, "axis": "x", "origin": [4, 3.1875, 7]},
			"faces": {
				"north": {"uv": [0, 0, 16, 1], "texture": "#1"},
				"east": {"uv": [0, 0, 10, 1], "texture": "#1"},
				"south": {"uv": [0, 0, 16, 1], "texture": "#1"},
				"west": {"uv": [0, 0, 10, 1], "texture": "#1"},
				"up": {"uv": [0, 0, 16, 9.6], "texture": "#1"},
				"down": {"uv": [0.032, 0, 16, 10], "texture": "#1"}
			}
		},
		{
			"from": [-4, 3.25, 0.25],
			"to": [20, 3.5, 14.5],
			"rotation": {"angle": 22.5, "axis": "x", "origin": [4, 3.1875, 7]},
			"faces": {
				"north": {"uv": [0, 0, 16, 0.25], "texture": "#0"},
				"east": {"uv": [0, 0, 9.5, 0.25], "texture": "#0"},
				"south": {"uv": [0, 0, 16, 0.25], "texture": "#0"},
				"west": {"uv": [0, 0, 9.5, 0.25], "texture": "#0"},
				"up": {"uv": [0, 0, 16, 9.5], "texture": "#0"},
				"down": {"uv": [0, 0, 16, 9.5], "texture": "#0"}
			}
		},
		{
			"from": [6.5, -1, 8.5],
			"to": [9.5, 2.25, 9.5],
			"rotation": {"angle": 0, "axis": "y", "origin": [14.5, 9, 14.5]},
			"faces": {
				"north": {"uv": [0, 0, 3, 3.25], "texture": "#1"},
				"east": {"uv": [0, 0, 1, 3.25], "texture": "#1"},
				"south": {"uv": [0, 0, 3, 3.25], "texture": "#1"},
				"west": {"uv": [0, 0, 1, 3.25], "texture": "#1"},
				"up": {"uv": [0, 0, 3, 1], "texture": "#1"},
				"down": {"uv": [0, 0, 3, 1], "texture": "#1"}
			}
		},
		{
			"from": [6.5, -1, 7.5],
			"to": [9.5, 2.75, 8.5],
			"rotation": {"angle": 0, "axis": "y", "origin": [14.5, 9, 13.5]},
			"faces": {
				"north": {"uv": [0, 0, 3, 3.75], "texture": "#1"},
				"east": {"uv": [0, 0, 1, 3.75], "texture": "#1"},
				"south": {"uv": [0, 0, 3, 3.75], "texture": "#1"},
				"west": {"uv": [0, 0, 1, 3.75], "texture": "#1"},
				"up": {"uv": [0, 0, 3, 1], "texture": "#1"},
				"down": {"uv": [0, 0, 3, 1], "texture": "#1"}
			}
		},
		{
			"from": [6.5, -1, 6.5],
			"to": [9.5, 3.25, 7.5],
			"rotation": {"angle": 0, "axis": "y", "origin": [14.5, 9, 12.5]},
			"faces": {
				"north": {"uv": [0, 0, 3, 4.25], "texture": "#1"},
				"east": {"uv": [0, 0, 1, 4.25], "texture": "#1"},
				"south": {"uv": [0, 0, 3, 4.25], "texture": "#1"},
				"west": {"uv": [0, 0, 1, 4.25], "texture": "#1"},
				"up": {"uv": [0, 0, 3, 1], "texture": "#1"},
				"down": {"uv": [0, 0, 3, 1], "texture": "#1"}
			}
		}
	],
	"gui_light": "front",
	"display": {
		"thirdperson_righthand": {
			"rotation": [0, -180, 0],
			"translation": [0, 8, 0]
		},
		"thirdperson_lefthand": {
			"rotation": [0, -180, 0],
			"translation": [0, 8, 0]
		},
		"firstperson_righthand": {
			"rotation": [0, 45, 0],
			"scale": [0.4, 0.4, 0.4]
		},
		"firstperson_lefthand": {
			"rotation": [0, 225, 0],
			"scale": [0.4, 0.4, 0.4]
		},
		"ground": {
			"translation": [0, 3, 0],
			"scale": [0.25, 0.25, 0.25]
		},
		"gui": {
			"rotation": [30, 225, 0],
			"scale": [0.625, 0.625, 0.625]
		},
		"fixed": {
			"scale": [0.5, 0.5, 0.5]
		}
	}
}