{
		"textures": {
		"0": "block/tnt_side",
		"1": "block/tnt_bottom",
		"2": "block/basalt_top",
		"3": "block/red_concrete",
		"4": "block/light_blue_concrete",
		"5": "block/yellow_concrete",
		"6": "block/green_concrete",
		"7": "block/brown_terracotta",
		"8": "block/white_concrete",
		"9": "images/pure_color",
		"10": "block/lime_concrete",
		"particle": "block/tnt_side"
	},
	"elements": [
		{
			"from": [0, 4, 0],
			"to": [16, 12, 2],
			"rotation": {"angle": 0, "axis": "y", "origin": [8, 4, 8]},
			"faces": {
				"north": {"uv": [0, 0, 16, 8], "rotation": 180, "texture": "#1"},
				"east": {"uv": [0, 0, 8, 2], "rotation": 270, "texture": "#1"},
				"south": {"uv": [0, 0, 16, 8], "texture": "#1"},
				"west": {"uv": [0, 0, 8, 2], "rotation": 90, "texture": "#1"},
				"up": {"uv": [0, 0, 16, 2], "rotation": 180, "texture": "#1"},
				"down": {"uv": [0, 0, 16, 2], "texture": "#1"}
			}
		},
		{
			"from": [-1, 10, 2],
			"to": [17, 11, 3],
			"rotation": {"angle": 0, "axis": "y", "origin": [8, 3, 10]},
			"faces": {
				"north": {"uv": [0, 0, 16, 1], "rotation": 180, "texture": "#2"},
				"east": {"uv": [0, 0, 1, 1], "rotation": 270, "texture": "#2"},
				"south": {"uv": [0, 0, 16, 1], "texture": "#2"},
				"west": {"uv": [0, 0, 1, 1], "rotation": 90, "texture": "#2"},
				"up": {"uv": [0, 0, 16, 1], "rotation": 180, "texture": "#2"},
				"down": {"uv": [0, 0, 16, 1], "texture": "#2"}
			}
		},
		{
			"from": [-1, 5, 2],
			"to": [17, 6, 3],
			"rotation": {"angle": 0, "axis": "y", "origin": [8, -2, 10]},
			"faces": {
				"north": {"uv": [0, 0, 16, 1], "rotation": 180, "texture": "#2"},
				"east": {"uv": [0, 0, 1, 1], "rotation": 270, "texture": "#2"},
				"south": {"uv": [0, 0, 16, 1], "texture": "#2"},
				"west": {"uv": [0, 0, 1, 1], "rotation": 90, "texture": "#2"},
				"up": {"uv": [0, 0, 16, 1], "rotation": 180, "texture": "#2"},
				"down": {"uv": [0, 0, 16, 1], "texture": "#2"}
			}
		},
		{
			"from": [-1, 5, 0],
			"to": [0, 6, 2],
			"rotation": {"angle": 0, "axis": "y", "origin": [8, -2, 8]},
			"faces": {
				"north": {"uv": [0, 0, 1, 1], "rotation": 180, "texture": "#2"},
				"east": {"uv": [0, 0, 1, 2], "rotation": 270, "texture": "#2"},
				"south": {"uv": [0, 0, 1, 1], "texture": "#2"},
				"west": {"uv": [0, 0, 1, 2], "rotation": 90, "texture": "#2"},
				"up": {"uv": [0, 0, 1, 2], "rotation": 180, "texture": "#2"},
				"down": {"uv": [0, 0, 1, 2], "texture": "#2"}
			}
		},
		{
			"from": [-1, 10, 0],
			"to": [0, 11, 2],
			"rotation": {"angle": 0, "axis": "y", "origin": [8, 3, 8]},
			"faces": {
				"north": {"uv": [0, 0, 1, 1], "rotation": 180, "texture": "#2"},
				"east": {"uv": [0, 0, 1, 2], "rotation": 270, "texture": "#2"},
				"south": {"uv": [0, 0, 1, 1], "texture": "#2"},
				"west": {"uv": [0, 0, 1, 2], "rotation": 90, "texture": "#2"},
				"up": {"uv": [0, 0, 1, 2], "rotation": 180, "texture": "#2"},
				"down": {"uv": [0, 0, 1, 2], "texture": "#2"}
			}
		},
		{
			"from": [16, 10, 0],
			"to": [17, 11, 2],
			"rotation": {"angle": 0, "axis": "y", "origin": [25, 3, 8]},
			"faces": {
				"north": {"uv": [0, 0, 1, 1], "rotation": 180, "texture": "#2"},
				"east": {"uv": [0, 0, 1, 2], "rotation": 270, "texture": "#2"},
				"south": {"uv": [0, 0, 1, 1], "texture": "#2"},
				"west": {"uv": [0, 0, 1, 2], "rotation": 90, "texture": "#2"},
				"up": {"uv": [0, 0, 1, 2], "rotation": 180, "texture": "#2"},
				"down": {"uv": [0, 0, 1, 2], "texture": "#2"}
			}
		},
		{
			"from": [16, 5, 0],
			"to": [17, 6, 2],
			"rotation": {"angle": 0, "axis": "y", "origin": [25, -2, 8]},
			"faces": {
				"north": {"uv": [0, 0, 1, 1], "rotation": 180, "texture": "#2"},
				"east": {"uv": [0, 0, 1, 2], "rotation": 270, "texture": "#2"},
				"south": {"uv": [0, 0, 1, 1], "texture": "#2"},
				"west": {"uv": [0, 0, 1, 2], "rotation": 90, "texture": "#2"},
				"up": {"uv": [0, 0, 1, 2], "rotation": 180, "texture": "#2"},
				"down": {"uv": [0, 0, 1, 2], "texture": "#2"}
			}
		},
		{
			"from": [6, 6, 2],
			"to": [10, 10, 3],
			"rotation": {"angle": 0, "axis": "y", "origin": [14, 2, 10]},
			"faces": {
				"north": {"uv": [0, 0, 4, 4], "rotation": 180, "texture": "#missing"},
				"east": {"uv": [0, 0, 4, 1], "rotation": 270, "texture": "#0"},
				"south": {"uv": [0, 0, 16, 16], "texture": "#0"},
				"west": {"uv": [0, 0, 4, 1], "rotation": 90, "texture": "#0"},
				"up": {"uv": [0, 0, 4, 1], "rotation": 180, "texture": "#0"},
				"down": {"uv": [0, 0, 4, 1], "texture": "#0"}
			}
		},
		{
			"from": [16, 9.5, 0],
			"to": [17, 9.75, 1],
			"rotation": {"angle": 0, "axis": "y", "origin": [24, 2.5, 8]},
			"faces": {
				"north": {"uv": [0, 0, 1, 0.25], "rotation": 180, "texture": "#3"},
				"east": {"uv": [0, 0, 0.25, 1], "rotation": 270, "texture": "#3"},
				"south": {"uv": [0, 0, 1, 0.25], "texture": "#3"},
				"west": {"uv": [0, 0, 0.25, 1], "rotation": 90, "texture": "#3"},
				"up": {"uv": [0, 0, 1, 1], "rotation": 180, "texture": "#3"},
				"down": {"uv": [0, 0, 1, 1], "texture": "#3"}
			}
		},
		{
			"from": [16, 9, 0],
			"to": [17, 9.25, 1],
			"rotation": {"angle": 0, "axis": "y", "origin": [24, 2, 8]},
			"faces": {
				"north": {"uv": [0, 0, 1, 0.25], "rotation": 180, "texture": "#5"},
				"east": {"uv": [0, 0, 0.25, 1], "rotation": 270, "texture": "#5"},
				"south": {"uv": [0, 0, 1, 0.25], "texture": "#5"},
				"west": {"uv": [0, 0, 0.25, 1], "rotation": 90, "texture": "#5"},
				"up": {"uv": [0, 0, 1, 1], "rotation": 180, "texture": "#5"},
				"down": {"uv": [0, 0, 1, 1], "texture": "#5"}
			}
		},
		{
			"from": [16, 8, 0],
			"to": [17, 8.25, 1],
			"rotation": {"angle": 0, "axis": "y", "origin": [24, 1, 8]},
			"faces": {
				"north": {"uv": [0, 0, 1, 0.25], "rotation": 180, "texture": "#4"},
				"east": {"uv": [0, 0, 0.25, 1], "rotation": 270, "texture": "#4"},
				"south": {"uv": [0, 0, 1, 0.25], "texture": "#4"},
				"west": {"uv": [0, 0, 0.25, 1], "rotation": 90, "texture": "#4"},
				"up": {"uv": [0, 0, 1, 1], "rotation": 180, "texture": "#4"},
				"down": {"uv": [0, 0, 1, 1], "texture": "#4"}
			}
		},
		{
			"from": [16, 8.5, 0],
			"to": [17, 8.75, 1],
			"rotation": {"angle": 0, "axis": "y", "origin": [24, 1.5, 8]},
			"faces": {
				"north": {"uv": [0, 0, 1, 0.25], "rotation": 180, "texture": "#6"},
				"east": {"uv": [0, 0, 0.25, 1], "rotation": 270, "texture": "#6"},
				"south": {"uv": [0, 0, 1, 0.25], "texture": "#6"},
				"west": {"uv": [0, 0, 0.25, 1], "rotation": 90, "texture": "#6"},
				"up": {"uv": [0, 0, 1, 1], "rotation": 180, "texture": "#6"},
				"down": {"uv": [0, 0, 1, 1], "texture": "#6"}
			}
		},
		{
			"from": [17, 9.5, 0],
			"to": [18, 9.75, 1],
			"rotation": {"angle": 0, "axis": "y", "origin": [25, 2.5, 8]},
			"faces": {
				"north": {"uv": [0, 0, 1, 0.25], "rotation": 180, "texture": "#3"},
				"east": {"uv": [0, 0, 0.25, 1], "rotation": 270, "texture": "#3"},
				"south": {"uv": [0, 0, 1, 0.25], "texture": "#3"},
				"west": {"uv": [0, 0, 0.25, 1], "rotation": 90, "texture": "#3"},
				"up": {"uv": [0, 0, 1, 1], "rotation": 180, "texture": "#3"},
				"down": {"uv": [0, 0, 1, 1], "texture": "#3"}
			}
		},
		{
			"from": [17, 8.5, 0],
			"to": [18, 8.75, 1],
			"rotation": {"angle": 0, "axis": "y", "origin": [25, 1.5, 8]},
			"faces": {
				"north": {"uv": [0, 0, 1, 0.25], "rotation": 180, "texture": "#6"},
				"east": {"uv": [0, 0, 0.25, 1], "rotation": 270, "texture": "#6"},
				"south": {"uv": [0, 0, 1, 0.25], "texture": "#6"},
				"west": {"uv": [0, 0, 0.25, 1], "rotation": 90, "texture": "#6"},
				"up": {"uv": [0, 0, 1, 1], "rotation": 180, "texture": "#6"},
				"down": {"uv": [0, 0, 1, 1], "texture": "#6"}
			}
		},
		{
			"from": [17, 9, 0],
			"to": [18, 9.25, 1],
			"rotation": {"angle": 0, "axis": "y", "origin": [25, 2, 8]},
			"faces": {
				"north": {"uv": [0, 0, 1, 0.25], "rotation": 180, "texture": "#5"},
				"east": {"uv": [0, 0, 0.25, 1], "rotation": 270, "texture": "#5"},
				"south": {"uv": [0, 0, 1, 0.25], "texture": "#5"},
				"west": {"uv": [0, 0, 0.25, 1], "rotation": 90, "texture": "#5"},
				"up": {"uv": [0, 0, 1, 1], "rotation": 180, "texture": "#5"},
				"down": {"uv": [0, 0, 1, 1], "texture": "#5"}
			}
		},
		{
			"from": [17, 8, 0],
			"to": [18, 8.25, 1],
			"rotation": {"angle": 0, "axis": "y", "origin": [25, 1, 8]},
			"faces": {
				"north": {"uv": [0, 0, 1, 0.25], "rotation": 180, "texture": "#4"},
				"east": {"uv": [0, 0, 0.25, 1], "rotation": 270, "texture": "#4"},
				"south": {"uv": [0, 0, 1, 0.25], "texture": "#4"},
				"west": {"uv": [0, 0, 0.25, 1], "rotation": 90, "texture": "#4"},
				"up": {"uv": [0, 0, 1, 1], "rotation": 180, "texture": "#4"},
				"down": {"uv": [0, 0, 1, 1], "texture": "#4"}
			}
		},
		{
			"from": [18, 4, 0],
			"to": [22, 11, 1.25],
			"rotation": {"angle": 0, "axis": "y", "origin": [26, 18, 8]},
			"faces": {
				"north": {"uv": [0, 0, 4, 7], "texture": "#7"},
				"east": {"uv": [0, 0, 1.25, 7], "texture": "#7"},
				"south": {"uv": [0, 0, 4, 7], "texture": "#7"},
				"west": {"uv": [0, 0, 1.25, 7], "texture": "#7"},
				"up": {"uv": [0, 0, 4, 1.25], "texture": "#7"},
				"down": {"uv": [0, 0, 4, 1.25], "texture": "#7"}
			}
		},
		{
			"from": [18.25, 7, 0.5],
			"to": [18.75, 7.5, 1.5],
			"rotation": {"angle": 0, "axis": "y", "origin": [26.25, 15, 8.5]},
			"faces": {
				"north": {"uv": [0, 0, 0.5, 0.5], "texture": "#8"},
				"east": {"uv": [0, 0, 1, 0.5], "texture": "#8"},
				"south": {"uv": [0, 0, 0.5, 0.5], "texture": "#8"},
				"west": {"uv": [0, 0, 1, 0.5], "texture": "#8"},
				"up": {"uv": [0, 0, 0.5, 1], "texture": "#8"},
				"down": {"uv": [0, 0, 0.5, 1], "texture": "#8"}
			}
		},
		{
			"from": [18.25, 8, 0.5],
			"to": [19.75, 8.5, 1.5],
			"rotation": {"angle": 0, "axis": "y", "origin": [26.25, 16, 8.5]},
			"faces": {
				"north": {"uv": [0, 0, 1.5, 0.5], "texture": "#9"},
				"east": {"uv": [0, 0, 1, 0.5], "texture": "#9"},
				"south": {"uv": [0, 0, 1.5, 0.5], "texture": "#9"},
				"west": {"uv": [0, 0, 1, 0.5], "texture": "#9"},
				"up": {"uv": [0, 0, 1.5, 1], "texture": "#9"},
				"down": {"uv": [0, 0, 1.5, 1], "texture": "#9"}
			}
		},
		{
			"from": [18.25, 9, 0.5],
			"to": [21.75, 10.5, 1.5],
			"rotation": {"angle": 0, "axis": "y", "origin": [26.25, 18, 8.5]},
			"faces": {
				"north": {"uv": [0, 0, 3.5, 1.5], "texture": "#10"},
				"east": {"uv": [0, 0, 1, 1.5], "texture": "#10"},
				"south": {"uv": [0, 0, 3.5, 1.5], "texture": "#10"},
				"west": {"uv": [0, 0, 1, 1.5], "texture": "#10"},
				"up": {"uv": [0, 0, 3.5, 1], "texture": "#10"},
				"down": {"uv": [0, 0, 3.5, 1], "texture": "#10"}
			}
		},
		{
			"from": [18.25, 6, 0.5],
			"to": [18.75, 6.5, 1.5],
			"rotation": {"angle": 0, "axis": "y", "origin": [26.25, 14, 8.5]},
			"faces": {
				"north": {"uv": [0, 0, 0.5, 0.5], "texture": "#8"},
				"east": {"uv": [0, 0, 1, 0.5], "texture": "#8"},
				"south": {"uv": [0, 0, 0.5, 0.5], "texture": "#8"},
				"west": {"uv": [0, 0, 1, 0.5], "texture": "#8"},
				"up": {"uv": [0, 0, 0.5, 1], "texture": "#8"},
				"down": {"uv": [0, 0, 0.5, 1], "texture": "#8"}
			}
		},
		{
			"from": [18.25, 5, 0.5],
			"to": [18.75, 5.5, 1.5],
			"rotation": {"angle": 0, "axis": "y", "origin": [26.25, 13, 8.5]},
			"faces": {
				"north": {"uv": [0, 0, 0.5, 0.5], "texture": "#8"},
				"east": {"uv": [0, 0, 1, 0.5], "texture": "#8"},
				"south": {"uv": [0, 0, 0.5, 0.5], "texture": "#8"},
				"west": {"uv": [0, 0, 1, 0.5], "texture": "#8"},
				"up": {"uv": [0, 0, 0.5, 1], "texture": "#8"},
				"down": {"uv": [0, 0, 0.5, 1], "texture": "#8"}
			}
		},
		{
			"from": [19.75, 7, 0.5],
			"to": [20.25, 7.5, 1.5],
			"rotation": {"angle": 0, "axis": "y", "origin": [27.75, 15, 8.5]},
			"faces": {
				"north": {"uv": [0, 0, 0.5, 0.5], "texture": "#8"},
				"east": {"uv": [0, 0, 1, 0.5], "texture": "#8"},
				"south": {"uv": [0, 0, 0.5, 0.5], "texture": "#8"},
				"west": {"uv": [0, 0, 1, 0.5], "texture": "#8"},
				"up": {"uv": [0, 0, 0.5, 1], "texture": "#8"},
				"down": {"uv": [0, 0, 0.5, 1], "texture": "#8"}
			}
		},
		{
			"from": [19.75, 6, 0.5],
			"to": [20.25, 6.5, 1.5],
			"rotation": {"angle": 0, "axis": "y", "origin": [27.75, 14, 8.5]},
			"faces": {
				"north": {"uv": [0, 0, 0.5, 0.5], "texture": "#8"},
				"east": {"uv": [0, 0, 1, 0.5], "texture": "#8"},
				"south": {"uv": [0, 0, 0.5, 0.5], "texture": "#8"},
				"west": {"uv": [0, 0, 1, 0.5], "texture": "#8"},
				"up": {"uv": [0, 0, 0.5, 1], "texture": "#8"},
				"down": {"uv": [0, 0, 0.5, 1], "texture": "#8"}
			}
		},
		{
			"from": [19.75, 5, 0.5],
			"to": [20.25, 5.5, 1.5],
			"rotation": {"angle": 0, "axis": "y", "origin": [27.75, 13, 8.5]},
			"faces": {
				"north": {"uv": [0, 0, 0.5, 0.5], "texture": "#8"},
				"east": {"uv": [0, 0, 1, 0.5], "texture": "#8"},
				"south": {"uv": [0, 0, 0.5, 0.5], "texture": "#8"},
				"west": {"uv": [0, 0, 1, 0.5], "texture": "#8"},
				"up": {"uv": [0, 0, 0.5, 1], "texture": "#8"},
				"down": {"uv": [0, 0, 0.5, 1], "texture": "#8"}
			}
		},
		{
			"from": [21.25, 7, 0.5],
			"to": [21.75, 7.5, 1.5],
			"rotation": {"angle": 0, "axis": "y", "origin": [29.25, 15, 8.5]},
			"faces": {
				"north": {"uv": [0, 0, 0.5, 0.5], "texture": "#8"},
				"east": {"uv": [0, 0, 1, 0.5], "texture": "#8"},
				"south": {"uv": [0, 0, 0.5, 0.5], "texture": "#8"},
				"west": {"uv": [0, 0, 1, 0.5], "texture": "#8"},
				"up": {"uv": [0, 0, 0.5, 1], "texture": "#8"},
				"down": {"uv": [0, 0, 0.5, 1], "texture": "#8"}
			}
		},
		{
			"from": [20.25, 8, 0.5],
			"to": [21.75, 8.5, 1.5],
			"rotation": {"angle": 0, "axis": "y", "origin": [29.25, 16, 8.5]},
			"faces": {
				"north": {"uv": [0, 0, 1.5, 0.5], "texture": "#6"},
				"east": {"uv": [0, 0, 1, 0.5], "texture": "#6"},
				"south": {"uv": [0, 0, 1.5, 0.5], "texture": "#6"},
				"west": {"uv": [0, 0, 1, 0.5], "texture": "#6"},
				"up": {"uv": [0, 0, 1.5, 1], "texture": "#6"},
				"down": {"uv": [0, 0, 1.5, 1], "texture": "#6"}
			}
		},
		{
			"from": [21.25, 6, 0.5],
			"to": [21.75, 6.5, 1.5],
			"rotation": {"angle": 0, "axis": "y", "origin": [29.25, 14, 8.5]},
			"faces": {
				"north": {"uv": [0, 0, 0.5, 0.5], "texture": "#8"},
				"east": {"uv": [0, 0, 1, 0.5], "texture": "#8"},
				"south": {"uv": [0, 0, 0.5, 0.5], "texture": "#8"},
				"west": {"uv": [0, 0, 1, 0.5], "texture": "#8"},
				"up": {"uv": [0, 0, 0.5, 1], "texture": "#8"},
				"down": {"uv": [0, 0, 0.5, 1], "texture": "#8"}
			}
		},
		{
			"from": [21.25, 5, 0.5],
			"to": [21.75, 5.5, 1.5],
			"rotation": {"angle": 0, "axis": "y", "origin": [29.25, 13, 8.5]},
			"faces": {
				"north": {"uv": [0, 0, 0.5, 0.5], "texture": "#8"},
				"east": {"uv": [0, 0, 1, 0.5], "texture": "#8"},
				"south": {"uv": [0, 0, 0.5, 0.5], "texture": "#8"},
				"west": {"uv": [0, 0, 1, 0.5], "texture": "#8"},
				"up": {"uv": [0, 0, 0.5, 1], "texture": "#8"},
				"down": {"uv": [0, 0, 0.5, 1], "texture": "#8"}
			}
		}
	],
	"gui_light": "front",
	"display": {
		"thirdperson_righthand": {
			"rotation": [0, -180, 0],
			"translation": [0, -8, 0]
		},
		"thirdperson_lefthand": {
			"rotation": [0, -180, 0],
			"translation": [0, 8, 0]
		},
		"firstperson_righthand": {
			"rotation": [0, 45, 0],
			"scale": [0.4, 0.4, 0.4]
		},
		"firstperson_lefthand": {
			"rotation": [0, 225, 0],
			"scale": [0.4, 0.4, 0.4]
		},
		"ground": {
			"translation": [0, 3, 0],
			"scale": [0.25, 0.25, 0.25]
		},
		"gui": {
			"rotation": [30, 225, 0],
			"scale": [0.625, 0.625, 0.625]
		},
		"fixed": {
			"scale": [0.5, 0.5, 0.5]
		}
	},
	"groups": [
		{
			"name": "group",
			"origin": [24, 1.5, 8],
			"color": 0,
			"children": [0, 1, 2, 3, 4, 5, 6, 7, 8, 9, 10, 11]
		},
		{
			"name": "group",
			"origin": [29.25, 13, 8.5],
			"color": 0,
			"children": [12, 13, 14, 15, 16, 17, 18, 19, 20, 21, 22, 23, 24, 25, 26, 27, 28]
		}
	]
}