{
    "providers": [
        {
            "type": "bitmap",
            "file": "minecraft:demo/title1.png",
            "ascent": 42,
            "height": 128,
            "chars": ["\ue001"]
        },
        {
            "type": "bitmap",
            "file": "minecraft:demo/title2.png",
            "ascent": 42,
            "height": 128,
            "chars": ["\ue002"]
        },
        {
            "type": "bitmap",
            "file": "minecraft:demo/title3.png",
            "ascent": 42,
            "height": 128,
            "chars": ["\ue003"]
        },
        {
            "type": "bitmap",
            "file": "minecraft:demo/title4.png",
            "ascent": 42,
            "height": 128,
            "chars": ["\ue004"]
        },
        {
            "type": "bitmap",
            "file": "minecraft:demo/title5.png",
            "ascent": 42,
            "height": 128,
            "chars": ["\ue005"]
        },
        {
            "type": "bitmap",
            "file": "minecraft:demo/title6.png",
            "ascent": 42,
            "height": 128,
            "chars": ["\ue006"]
        },
        {
            "type": "bitmap",
            "file": "minecraft:demo/title7.png",
            "ascent": 42,
            "height": 128,
            "chars": ["\ue007"]
        },
        {
            "type": "bitmap",
            "file": "minecraft:demo/title8.png",
            "ascent": 42,
            "height": 128,
            "chars": ["\ue008"]
        },
        {
            "type": "bitmap",
            "file": "minecraft:demo/title9.png",
            "ascent": 42,
            "height": 128,
            "chars": ["\ue009"]
        },
        {
            "type": "bitmap",
            "file": "minecraft:demo/title10.png",
            "ascent": 42,
            "height": 128,
            "chars": ["\ue010"]
        }
    ]
}