{
	"credit": "Made by T4BlrUs",
	"textures": {
		"1": "ouo:friendly_faceoff/shadow",
		"particle": "ouo:friendly_faceoff/shadow"
	},
	"elements": [
		{
			"from": [14, 0, 0],
			"to": [16, 0.5, 2],
			"rotation": {"angle": 0, "axis": "y", "origin": [8, 0, 8]},
			"faces": {
				"north": {"uv": [15, 4, 16, 5], "rotation": 180, "texture": "#0"},
				"east": {"uv": [15, 4, 16, 5], "rotation": 90, "texture": "#0"},
				"south": {"uv": [15, 4, 16, 5], "texture": "#0"},
				"west": {"uv": [15, 4, 16, 5], "rotation": 270, "texture": "#0"},
				"up": {"uv": [15, 4, 16, 5], "texture": "#0"},
				"down": {"uv": [15, 5, 16, 4], "texture": "#0"}
			}
		},
		{
			"from": [12, 0, 2],
			"to": [16, 0.5, 4],
			"rotation": {"angle": 0, "axis": "y", "origin": [8, 0, 8]},
			"faces": {
				"north": {"uv": [14, 5, 16, 6], "rotation": 180, "texture": "#0"},
				"east": {"uv": [15, 5, 16, 6], "rotation": 90, "texture": "#0"},
				"south": {"uv": [14, 5, 16, 6], "texture": "#0"},
				"west": {"uv": [14, 5, 15, 6], "rotation": 270, "texture": "#0"},
				"up": {"uv": [14, 5, 16, 6], "texture": "#0"},
				"down": {"uv": [14, 6, 16, 5], "texture": "#0"}
			}
		},
		{
			"from": [10, 0, 4],
			"to": [16, 0.5, 6],
			"rotation": {"angle": 0, "axis": "y", "origin": [8, 0, 8]},
			"faces": {
				"north": {"uv": [13, 6, 16, 7], "rotation": 180, "texture": "#0"},
				"east": {"uv": [15, 6, 16, 7], "rotation": 90, "texture": "#0"},
				"south": {"uv": [13, 6, 16, 7], "texture": "#0"},
				"west": {"uv": [13, 6, 14, 7], "rotation": 270, "texture": "#0"},
				"up": {"uv": [13, 6, 16, 7], "texture": "#0"},
				"down": {"uv": [13, 7, 16, 6], "texture": "#0"}
			}
		},
		{
			"from": [8, 0, 6],
			"to": [16, 0.5, 8],
			"rotation": {"angle": 0, "axis": "y", "origin": [8, 0, 8]},
			"faces": {
				"north": {"uv": [12, 7, 16, 8], "rotation": 180, "texture": "#0"},
				"east": {"uv": [15, 7, 16, 8], "rotation": 90, "texture": "#0"},
				"south": {"uv": [12, 7, 16, 8], "texture": "#0"},
				"west": {"uv": [12, 7, 13, 8], "rotation": 270, "texture": "#0"},
				"up": {"uv": [12, 7, 16, 8], "texture": "#0"},
				"down": {"uv": [12, 8, 16, 7], "texture": "#0"}
			}
		},
		{
			"from": [0, 0, 8],
			"to": [16, 0.5, 16],
			"rotation": {"angle": 0, "axis": "y", "origin": [8, 0, 8]},
			"faces": {
				"north": {"uv": [8, 8, 16, 9], "rotation": 180, "texture": "#0"},
				"east": {"uv": [15, 8, 16, 12], "rotation": 90, "texture": "#0"},
				"south": {"uv": [8, 11, 16, 12], "texture": "#0"},
				"west": {"uv": [8, 8, 9, 12], "rotation": 270, "texture": "#0"},
				"up": {"uv": [8, 8, 16, 12], "texture": "#0"},
				"down": {"uv": [8, 12, 16, 8], "texture": "#0"}
			}
		},
		{
			"from": [14, -0.8, 0],
			"to": [16, -0.6, 2],
			"rotation": {"angle": 0, "axis": "y", "origin": [8, 0, 8]},
			"faces": {
				"north": {"uv": [15, 4, 16, 5], "rotation": 180, "texture": "#1"},
				"east": {"uv": [15, 4, 16, 5], "rotation": 90, "texture": "#1"},
				"south": {"uv": [15, 4, 16, 5], "texture": "#1"},
				"west": {"uv": [15, 4, 16, 5], "rotation": 270, "texture": "#1"},
				"up": {"uv": [15, 4, 16, 5], "texture": "#1"},
				"down": {"uv": [15, 5, 16, 4], "texture": "#1"}
			}
		},
		{
			"from": [12, -0.8, 2],
			"to": [16, -0.6, 4],
			"rotation": {"angle": 0, "axis": "y", "origin": [8, 0, 8]},
			"faces": {
				"north": {"uv": [14, 5, 16, 6], "rotation": 180, "texture": "#1"},
				"east": {"uv": [15, 5, 16, 6], "rotation": 90, "texture": "#1"},
				"south": {"uv": [14, 5, 16, 6], "texture": "#1"},
				"west": {"uv": [14, 5, 15, 6], "rotation": 270, "texture": "#1"},
				"up": {"uv": [14, 5, 16, 6], "texture": "#1"},
				"down": {"uv": [14, 6, 16, 5], "texture": "#1"}
			}
		},
		{
			"from": [10, -0.8, 4],
			"to": [16, -0.6, 6],
			"rotation": {"angle": 0, "axis": "y", "origin": [8, 0, 8]},
			"faces": {
				"north": {"uv": [13, 6, 16, 7], "rotation": 180, "texture": "#1"},
				"east": {"uv": [15, 6, 16, 7], "rotation": 90, "texture": "#1"},
				"south": {"uv": [13, 6, 16, 7], "texture": "#1"},
				"west": {"uv": [13, 6, 14, 7], "rotation": 270, "texture": "#1"},
				"up": {"uv": [13, 6, 16, 7], "texture": "#1"},
				"down": {"uv": [13, 7, 16, 6], "texture": "#1"}
			}
		},
		{
			"from": [8, -0.8, 6],
			"to": [16, -0.6, 8],
			"rotation": {"angle": 0, "axis": "y", "origin": [8, 0, 8]},
			"faces": {
				"north": {"uv": [12, 7, 16, 8], "rotation": 180, "texture": "#1"},
				"east": {"uv": [15, 7, 16, 8], "rotation": 90, "texture": "#1"},
				"south": {"uv": [12, 7, 16, 8], "texture": "#1"},
				"west": {"uv": [12, 7, 13, 8], "rotation": 270, "texture": "#1"},
				"up": {"uv": [12, 7, 16, 8], "texture": "#1"},
				"down": {"uv": [12, 8, 16, 7], "texture": "#1"}
			}
		},
		{
			"from": [0, -0.8, 8],
			"to": [16, -0.6, 16],
			"rotation": {"angle": 0, "axis": "y", "origin": [8, 0, 8]},
			"faces": {
				"north": {"uv": [8, 8, 16, 9], "rotation": 180, "texture": "#1"},
				"east": {"uv": [15, 8, 16, 12], "rotation": 90, "texture": "#1"},
				"south": {"uv": [8, 11, 16, 12], "texture": "#1"},
				"west": {"uv": [8, 8, 9, 12], "rotation": 270, "texture": "#1"},
				"up": {"uv": [8, 8, 16, 12], "texture": "#1"},
				"down": {"uv": [8, 12, 16, 8], "texture": "#1"}
			}
		}
	],
	"gui_light": "front",
	"display": {
		"thirdperson_righthand": {
			"rotation": [94.25, -180, 0],
			"translation": [-1.25, 2.75, 5.75],
			"scale": [0.55, 0.55, 0.55]
		},
		"thirdperson_lefthand": {
			"rotation": [94.25, -180, 0],
			"translation": [-1.25, 2.75, 5.75],
			"scale": [0.55, 0.55, 0.55]
		},
		"firstperson_righthand": {
			"rotation": [46, 165, -8],
			"translation": [3.88, 5.7, 1.13],
			"scale": [0.68, 0.68, 0.68]
		},
		"firstperson_lefthand": {
			"rotation": [46, 165, -8],
			"translation": [3.88, 5.7, 1.13],
			"scale": [0.68, 0.68, 0.68]
		},
		"ground": {
			"translation": [0, 2, 0],
			"scale": [0.5, 0.5, 0.5]
		},
		"gui": {
			"rotation": [90, -180, 0]
		},
		"head": {
			"translation": [0, -11.2, 0],
			"scale": [3.2, 4, 3.2]
		},
		"fixed": {
			"rotation": [90, -180, -180],
			"translation": [0, 0, -8]
		}
	},
	"groups": [
		{
			"name": "group",
			"origin": [8, 8, 8],
			"color": 0,
			"children": [0, 1, 2, 3, 4]
		},
		{
			"name": "shadow",
			"origin": [8, 8, 8],
			"color": 0,
			"children": [5, 6, 7, 8, 9]
		}
	]
}