{
	"credit": "Made with Blockbench",
	"elements": [
		{
			"from": [-4, 0, 4],
			"to": [20, 0.5, 12],
			"rotation": {"angle": 0, "axis": "y", "origin": [8, 0, 8]},
			"faces": {
				"north": {"uv": [4, 12, 16, 13], "rotation": 180, "texture": "#0"},
				"east": {"uv": [15, 12, 16, 16], "rotation": 90, "texture": "#0"},
				"south": {"uv": [4, 15, 16, 16], "texture": "#0"},
				"west": {"uv": [4, 12, 5, 16], "rotation": 270, "texture": "#0"},
				"up": {"uv": [4, 12, 16, 16], "texture": "#0"},
				"down": {"uv": [4, 16, 16, 12], "texture": "#0"}
			}
		}
	],
	"gui_light": "front",
	"display": {
		"thirdperson_righthand": {
			"rotation": [94.25, -180, 0],
			"translation": [-1.25, 2.75, 5.75],
			"scale": [0.55, 0.55, 0.55]
		},
		"thirdperson_lefthand": {
			"rotation": [94.25, -180, 0],
			"translation": [-1.25, 2.75, 5.75],
			"scale": [0.55, 0.55, 0.55]
		},
		"firstperson_righthand": {
			"rotation": [46, 165, -8],
			"translation": [3.88, 5.7, 1.13],
			"scale": [0.68, 0.68, 0.68]
		},
		"firstperson_lefthand": {
			"rotation": [46, 165, -8],
			"translation": [3.88, 5.7, 1.13],
			"scale": [0.68, 0.68, 0.68]
		},
		"ground": {
			"translation": [0, 2, 0],
			"scale": [0.5, 0.5, 0.5]
		},
		"gui": {
			"rotation": [90, -180, 0]
		},
		"head": {
			"translation": [0, -11.2, 0],
			"scale": [3.2, 4, 3.2]
		},
		"fixed": {
			"rotation": [90, -180, -180],
			"translation": [0, 0, -8]
		}
	}
}