{
    "addons.local.adnet.map.full_auto_crossbow.reloading":{"sounds":[{"name":"sysec_lib:addons/local/adnet.map.full_auto_crossbow/reloading"}],"subtitle": "气动式自动弩(测试):装填"},

    "addons.local.adnet.map.session_services.surround_beep":{"sounds":[{"name":"sysec_lib:addons/local/adnet.map.session_services/surround_beep"}],"subtitle": "环绕音效"},
    
    "addons.locallow.adnet.map.example.null":{"sounds":[{"name":"sysec_lib:addons/locallow/adnet.map.example/null"}],"subtitle": "实例:空音频"}
}