{
		"textures": {
		"0": "images/pad",
		"1": "block/black_terracotta",
		"particle": "images/pad"
	},
	"elements": [
		{
			"from": [0, 0, 1.25],
			"to": [16, 0.25, 1.75],
			"rotation": {"angle": 0, "axis": "y", "origin": [8, 8, 8.75]},
			"faces": {
				"north": {"uv": [0, 0, 16, 0.25], "texture": "#1"},
				"east": {"uv": [0, 0, 0.5, 0.25], "texture": "#1"},
				"south": {"uv": [0, 0, 16, 0.25], "texture": "#1"},
				"west": {"uv": [0, 0, 0.5, 0.25], "texture": "#1"},
				"up": {"uv": [0, 0, 16, 0.5], "texture": "#1"},
				"down": {"uv": [0, 0, 16, 0.5], "texture": "#1"}
			}
		},
		{
			"from": [7.75, 0.26, 1.25],
			"to": [8.25, 0.26, 1.75],
			"rotation": {"angle": 0, "axis": "y", "origin": [15.75, 8.25, 8.75]},
			"faces": {
				"north": {"uv": [0, 0, 0.5, 0], "texture": "#0"},
				"east": {"uv": [0, 0, 0.5, 0], "texture": "#0"},
				"south": {"uv": [0, 0, 0.5, 0], "texture": "#0"},
				"west": {"uv": [0, 0, 0.5, 0], "texture": "#0"},
				"up": {"uv": [3.78, 12.38, 4.78, 13.38], "texture": "#0"},
				"down": {"uv": [0, 0, 0.5, 0.5], "texture": "#0"}
			}
		},
		{
			"from": [0, 0, 13.75],
			"to": [16, 0.25, 14.75],
			"rotation": {"angle": 0, "axis": "y", "origin": [8, 8, 21.75]},
			"faces": {
				"north": {"uv": [0, 0, 16, 0.25], "texture": "#1"},
				"east": {"uv": [0, 0, 1, 0.25], "texture": "#1"},
				"south": {"uv": [0, 0, 16, 0.25], "texture": "#1"},
				"west": {"uv": [0, 0, 1, 0.25], "texture": "#1"},
				"up": {"uv": [0, 0, 16, 1], "texture": "#1"},
				"down": {"uv": [0, 0, 16, 1], "texture": "#1"}
			}
		},
		{
			"from": [-0.5, 0, 1.25],
			"to": [0, 0.25, 14.75],
			"rotation": {"angle": 0, "axis": "y", "origin": [7.5, 8, 21.75]},
			"faces": {
				"north": {"uv": [0, 0, 0.5, 0.25], "texture": "#1"},
				"east": {"uv": [0, 0, 13.5, 0.25], "texture": "#1"},
				"south": {"uv": [0, 0, 0.5, 0.25], "texture": "#1"},
				"west": {"uv": [0, 0, 13.5, 0.25], "texture": "#1"},
				"up": {"uv": [0, 0, 0.5, 13.5], "texture": "#1"},
				"down": {"uv": [0, 0, 0.5, 13.5], "texture": "#1"}
			}
		},
		{
			"from": [16, 0, 1.25],
			"to": [16.5, 0.25, 14.75],
			"rotation": {"angle": 0, "axis": "y", "origin": [24, 8, 21.75]},
			"faces": {
				"north": {"uv": [0, 0, 0.5, 0.25], "texture": "#1"},
				"east": {"uv": [0, 0, 13.5, 0.25], "texture": "#1"},
				"south": {"uv": [0, 0, 0.5, 0.25], "texture": "#1"},
				"west": {"uv": [0, 0, 13.5, 0.25], "texture": "#1"},
				"up": {"uv": [0, 0, 0.5, 13.5], "texture": "#1"},
				"down": {"uv": [0, 0, 0.5, 13.5], "texture": "#1"}
			}
		},
		{
			"from": [0, 0, 1.75],
			"to": [16, 0.25, 13.75],
			"rotation": {"angle": 0, "axis": "y", "origin": [8, 8, 9.75]},
			"faces": {
				"north": {"uv": [0, 0, 16, 0.25], "texture": "#missing"},
				"east": {"uv": [0, 0, 12, 0.25], "texture": "#missing"},
				"south": {"uv": [0, 0, 16, 0.25], "texture": "#missing"},
				"west": {"uv": [0, 0, 12, 0.25], "texture": "#missing"},
				"up": {"uv": [0, 0, 16, 12], "texture": "#0"},
				"down": {"uv": [0, 0, 16, 12], "texture": "#1"}
			}
		}
	],
	"gui_light": "front",
	"display": {
		"thirdperson_righthand": {
			"rotation": [90, 0, 0],
			"translation": [0, 2.75, 4.25],
			"scale": [0.5, 0.5, 0.5]
		},
		"thirdperson_lefthand": {
			"rotation": [90, 0, 0],
			"translation": [0, 2.75, 4.25],
			"scale": [0.5, 0.5, 0.5]
		},
		"firstperson_righthand": {
			"rotation": [85, 0, 0],
			"translation": [-0.5, 6.5, 5.5]
		},
		"firstperson_lefthand": {
			"rotation": [85, 0, 0],
			"translation": [-0.5, 6.5, 5.5]
		},
		"ground": {
			"translation": [0, 2, 0],
			"scale": [0.5, 0.5, 0.5]
		},
		"gui": {
			"rotation": [-55, -180, -150],
			"translation": [-4, -3.75, 0]
		}
	}
}