{
    "providers": [
        {
            "type": "space",
            "advances": {
                "\ua0a5": 0.5,
                "\ua001": 1,
                "\ua0b5": 1.5,
                "\ua002": 2,
                "\ua003": 3,
                "\ua004": 4,
                "\ua005": 5,
                "\ua006": 6,
                "\ua007": 7,
                "\ua008": 8,
                "\ua009": 9,
                "\ua010": 10,
                "\ua016": 16,
                "\ua032": 32,
                "\ua064": 64,
                "\ua128": 128,
                "\ua192": 192,
                "\ua256": 256,
                "\ua320": 320,
                "\ua384": 384,
                "\ua448": 448,
                "\ua512": 512
            }
        },
        {
            "type": "space",
            "advances": {
                "\uf0a5": -0.5,
                "\uf001": -1,
                "\uf0b5": -1.5,
                "\uf002": -2,
                "\uf003": -3,
                "\uf004": -4,
                "\uf005": -5,
                "\uf006": -6,
                "\uf007": -7,
                "\uf008": -8,
                "\uf009": -9,
                "\uf010": -10,
                "\uf016": -16,
                "\uf032": -32,
                "\uf064": -64,
                "\uf128": -128,
                "\uf192": -192,
                "\uf256": -256,
                "\uf320": -320,
                "\uf384": -384,
                "\uf448": -448,
                "\uf512": -512
            }
        }
    ]
}