{
    "sources": [
        { "type": "single", "resource": "minecraft:blank" },
        { "type": "single", "resource": "minecraft:custom/border" },
        { "type": "single", "resource": "minecraft:custom/pos_blue" },
        { "type": "single", "resource": "minecraft:skip" },
        
        { "type": "directory", "source": "o", "prefix": "o/" },
        { "type": "directory", "source": "face_flip", "prefix": "face_flip/" },
        { "type": "directory", "source": "friendly_faceoff", "prefix": "friendly_faceoff/" },
        { "type": "directory", "source": "minigames", "prefix": "minigames/" }
    ]
}