{
    "block.piston.contract":{"sounds":[{"attenuation_distance":16,"name":"tile/piston/in"}],"subtitle":"subtitles.block.piston.move"},
    "block.piston.extend":{"sounds":[{"attenuation_distance":16,"name":"tile/piston/out"}],"subtitle":"subtitles.block.piston.move"},

    "random.zap": {
      "sounds": [
        "atmosphere/zap1",
        "atmosphere/zap2",
        "atmosphere/zap3"
      ],
      "subtitle": "电流声"
    },

    "random.valve": {
      "sounds": [
        "atmosphere/valve1",
        "atmosphere/valve2",
        "atmosphere/valve3"
      ],
      "replace": true,
      "subtitle": "阀门"
    },

    "random.tap.mic": {
      "sounds": [
        "atmosphere/mic/tap1",
        "atmosphere/mic/tap2",
        "atmosphere/mic/tap3",
        "atmosphere/mic/tap4",
        "atmosphere/mic/tap5"
      ],
		  "subtitle": "敲击麦克风"
    },

    "random.piano": {
      "sounds": [
        "atmosphere/piano/piano1",
        "atmosphere/piano/piano2",
        "atmosphere/piano/piano3",
        "atmosphere/piano/piano4"
      ],
		  "subtitle": "弹钢琴"
    },

    "random.piano2": {
      "sounds": [
        "atmosphere/piano/piano5",
        "atmosphere/piano/piano6",
        "atmosphere/piano/piano7",
        "atmosphere/piano/piano8"
      ],
		  "subtitle": "弹钢琴"
    },
    
    "alarm_1":{"sounds":[{"name":"alarm/alarm_1","stream":true}],"subtitle": "防空警报"},
    "alarm_2":{"sounds":[{"name":"alarm/alarm_2"}],"subtitle": "警报声"},

    "20_doormove2":{"sounds":[{"name":"20/20_doormove2"}],"subtitle": "自动门"},
    "20_drop":{"sounds":[{"name":"20/drop"}],"subtitle": "放置"},
    "20_lever":{"sounds":[{"name":"20/lever"}],"subtitle": "推动拉杆"},
    "20_lock":{"sounds":[{"name":"20/lock"}],"subtitle": "被锁住"},
    "20_move":{"sounds":[{"name":"20/move"}],"subtitle": "移动"},
    "20_power153":{"sounds":[{"name":"20/20_power153"}],"subtitle": "电源接通"},
    "20_turn_on":{"sounds":[{"name":"20/turn_on"}],"subtitle": "通电/断电"},

    "big_door":{"sounds":[{"name":"atmosphere/big_door"}],"subtitle": "开启"},
    "explosions":{"sounds":[{"name":"atmosphere/explosions"}],"subtitle": "巨大爆炸声"},
    "gun_launch":{"sounds":[{"name":"atmosphere/gun_launch"}],"subtitle": "枪声"},
    "lights_off":{"sounds":[{"name":"atmosphere/lights_off"}],"subtitle": "大灯关闭"},
    "lights_on":{"sounds":[{"name":"atmosphere/lights_on"}],"subtitle": "大灯开启"},
    "lock":{"sounds":[{"name":"atmosphere/lock"}],"subtitle": "被上锁"},
    "m5_el_doormove":{"sounds":[{"name":"atmosphere/el_doormove"}],"subtitle": "电梯门"},
    "m5_el_doormove2":{"sounds":[{"name":"atmosphere/el_doormove2"}],"subtitle": "电梯门"},
    "m5_el_doorstop1":{"sounds":[{"name":"atmosphere/el_doorstop1"}],"subtitle": "电梯门"},
    "m5_el_doorstop2":{"sounds":[{"name":"atmosphere/el_doorstop2"}],"subtitle": "电梯门"},
    "m5_elevator_run":{"sounds":[{"name":"atmosphere/m5_elevator_run"}],"subtitle": "电梯运行中"},
    "m5_elevator_stop":{"sounds":[{"name":"atmosphere/m5_elevator_stop"}],"subtitle": "电梯运行停止"},
    "m5_exit":{"sounds":[{"name":"atmosphere/exit"}],"subtitle": "直升机"},
    "m5_metal1":{"sounds":[{"name":"atmosphere/metal1"}],"subtitle": "金属噪音"},
    "m5_metal2":{"sounds":[{"name":"atmosphere/metal2"}],"subtitle": "金属噪音"},
    "m7_dist_explosion":{"sounds":[{"name":"atmosphere/m7_dist_explosion"}],"subtitle": "远处的爆炸声"},
    "m7_electric":{"sounds":[{"name":"atmosphere/m7_electric"}],"subtitle": "电力激活"},
    "m8_launch":{"sounds":[{"name":"atmosphere/overhead/m8_launch"}],"subtitle": "飞船引擎"},
    "m8_plane":{"sounds":[{"name":"atmosphere/overhead/m8_plane"}],"subtitle": "飞船引擎"},
    "map_button":{"sounds":[{"name":"atmosphere/button"}],"subtitle": "按键"},
    "map_button2":{"sounds":[{"name":"atmosphere/button2"}],"subtitle": "曲柄放置"},
    "map_info":{"sounds":[{"name":"atmosphere/info"}],"subtitle": "提示声"},
    "mob_m7_monster":{"sounds":[{"name":"mob/m7_monster"}],"subtitle": "怪物吼叫声"},
    "noise_2":{"sounds":[{"name":"atmosphere/noise/noise_2"}],"subtitle": "噪音"},
    "place":{"sounds":[{"name":"atmosphere/place"}],"subtitle": "提示音"},
    "pump_loop":{"sounds":[{"name":"atmosphere/pump_loop"}],"subtitle": "水泵运行中"},
    "pump_start":{"sounds":[{"name":"atmosphere/pump_start"}],"subtitle": "水泵启动"},
    "pumproom_loop":{"sounds":[{"name":"atmosphere/pumproom_loop"}],"subtitle": "机械噪音"},
    "radio":{"sounds":[{"name":"atmosphere/radio"}],"subtitle": "广播/无线电"},
    "zap":{"sounds":[{"name":"atmosphere/zap"}],"subtitle": "电流声"},

    "map_clear":{"sounds":[{"name":"music/ui/clear","stream":true}],"subtitle": "背景音乐"},
    "map_demo":{"sounds":[{"name":"music/demo","stream":true}],"subtitle": "背景音乐"},
    "map_end":{"sounds":[{"name":"music/ui/end","stream":true}],"subtitle": "背景音乐"},
    "room1_intro":{"sounds":[{"name":"music/map/room1/intro","stream":true}],"subtitle": "背景音乐"},
    "room1_theme":{"sounds":[{"name":"music/map/room1/theme","stream":true}],"subtitle": "背景音乐"},
    "room10_intro":{"sounds":[{"name":"music/map/room10/intro","stream":true}],"subtitle": "背景音乐"},
    "room10_theme":{"sounds":[{"name":"music/map/room10/theme","stream":true}],"subtitle": "背景音乐"},
    "room2_theme":{"sounds":[{"name":"music/map/room2/theme","stream":true}],"subtitle": "背景音乐"},
    "room3_theme":{"sounds":[{"name":"music/map/room3/theme","stream":true}],"subtitle": "背景音乐"},
    "room4_intro":{"sounds":[{"name":"music/map/room4/intro","stream":true}],"subtitle": "背景音乐"},
    "room4_theme1":{"sounds":[{"name":"music/map/room4/theme1","stream":true}],"subtitle": "背景音乐"},
    "room4_theme2":{"sounds":[{"name":"music/map/room4/theme2","stream":true}],"subtitle": "背景音乐"},
    "room4_theme3":{"sounds":[{"name":"music/map/room4/theme3","stream":true}],"subtitle": "背景音乐"},
    "room4_theme4":{"sounds":[{"name":"music/map/room4/theme4","stream":true}],"subtitle": "背景音乐"},
    "room5_theme":{"sounds":[{"name":"music/map/room5/theme","stream":true}],"subtitle": "背景音乐"},
    "room6_intro":{"sounds":[{"name":"music/map/room6/intro","stream":true}],"subtitle": "背景音乐"},
    "room6_theme_test_left":{"sounds":[{"name":"music/map/room6/theme_test_left","stream":true}],"subtitle": "背景音乐"},
    "room6_theme_test_right":{"sounds":[{"name":"music/map/room6/theme_test_right","stream":true}],"subtitle": "背景音乐"},
    "room6_theme_test":{"sounds":[{"name":"music/map/room6/theme_test","stream":true}],"subtitle": "背景音乐"},
    "room6_theme1_left":{"sounds":[{"name":"music/map/room6/theme1_left","stream":true}],"subtitle": "背景音乐"},
    "room6_theme1_right":{"sounds":[{"name":"music/map/room6/theme1_right","stream":true}],"subtitle": "背景音乐"},
    "room6_theme1":{"sounds":[{"name":"music/map/room6/theme1","stream":true}],"subtitle": "背景音乐"},
    "room6_theme2_left":{"sounds":[{"name":"music/map/room6/theme2_left","stream":true}],"subtitle": "背景音乐"},
    "room6_theme2_right":{"sounds":[{"name":"music/map/room6/theme2_right","stream":true}],"subtitle": "背景音乐"},
    "room6_theme2":{"sounds":[{"name":"music/map/room6/theme2","stream":true}],"subtitle": "背景音乐"},
    "room6_theme3_left":{"sounds":[{"name":"music/map/room6/theme3_left","stream":true}],"subtitle": "背景音乐"},
    "room6_theme3_right":{"sounds":[{"name":"music/map/room6/theme3_right","stream":true}],"subtitle": "背景音乐"},
    "room6_theme3":{"sounds":[{"name":"music/map/room6/theme3","stream":true}],"subtitle": "背景音乐"},
    "room7_theme":{"sounds":[{"name":"music/map/room7/theme","stream":true}],"subtitle": "背景音乐"},
    "room8_intro":{"sounds":[{"name":"music/map/room8/intro","stream":true}],"subtitle": "背景音乐"},
    "room8_theme1":{"sounds":[{"name":"music/map/room8/theme1","stream":true}],"subtitle": "背景音乐"},
    "room8_theme2":{"sounds":[{"name":"music/map/room8/theme2","stream":true}],"subtitle": "背景音乐"},
    "room9_theme1":{"sounds":[{"name":"music/map/room9/theme1","stream":true}],"subtitle": "背景音乐"},
    "room9_theme2":{"sounds":[{"name":"music/map/room9/theme2","stream":true}],"subtitle": "背景音乐"},

    "ui_bubble":{"sounds":[{"name":"ui/bubble"}],"subtitle": "气泡/提示"},
    "ui_click":{"sounds":[{"name":"ui/click"}],"subtitle": "点击"},
    "ui_error":{"sounds":[{"name":"ui/error"}],"subtitle": "错误"},
    "ui_m8_bubble":{"sounds":[{"name":"ui/m8_bubble"}],"subtitle": "鸣笛"},
    "ui_start":{"sounds":[{"name":"ui/start"}],"subtitle": "开始"},
    "ui_wave":{"sounds":[{"name":"ui/wave"}],"subtitle": "测试音效"}
}