{
		"textures": {
		"0": "images/gui",
		"particle": "images/gui"
	},
	"elements": [
		{
			"from": [-1.5, 3.75, 15.75],
			"to": [17.5, 12.25, 16],
			"rotation": {"angle": 0, "axis": "y", "origin": [8, 11.75, 8]},
			"faces": {
				"north": {"uv": [0, 0, 16, 16], "texture": "#0"},
				"east": {"uv": [0, 0, 0.25, 1.7], "texture": "#0"},
				"south": {"uv": [0, 0, 3.4, 1.7], "texture": "#0"},
				"west": {"uv": [0, 0, 0.25, 1.7], "texture": "#0"},
				"up": {"uv": [0, 0, 3.4, 0.25], "texture": "#0"},
				"down": {"uv": [0, 0, 3.4, 0.25], "texture": "#0"}
			}
		}
	],
	"gui_light": "front",
	"display": {
		"thirdperson_righthand": {
			"rotation": [0, -180, 0],
			"translation": [0, 8, 0]
		},
		"thirdperson_lefthand": {
			"rotation": [0, -180, 0],
			"translation": [0, 8, 0]
		},
		"firstperson_righthand": {
			"rotation": [0, 45, 0],
			"scale": [0.4, 0.4, 0.4]
		},
		"firstperson_lefthand": {
			"rotation": [0, 225, 0],
			"scale": [0.4, 0.4, 0.4]
		},
		"ground": {
			"translation": [0, 3, 0],
			"scale": [0.25, 0.25, 0.25]
		},
		"gui": {
			"rotation": [30, 225, 0],
			"scale": [0.625, 0.625, 0.625]
		},
		"fixed": {
			"scale": [0.5, 0.5, 0.5]
		}
	}
}