{
		"parent": "block/block",
	"textures": {
		"1": "block/anvil",
		"particle": "block/campfire_log",
		"log": "block/campfire_log"
	},
	"elements": [
		{
			"from": [3, 11, 0],
			"to": [5, 13, 16],
			"rotation": {"angle": 0, "axis": "y", "origin": [8, 17, 8]},
			"faces": {
				"north": {"uv": [0, 4, 4, 8], "texture": "#log", "cullface": "north"},
				"east": {"uv": [0, 1, 16, 5], "texture": "#log"},
				"south": {"uv": [0, 4, 4, 8], "texture": "#log", "cullface": "south"},
				"west": {"uv": [16, 0, 0, 4], "texture": "#log"},
				"up": {"uv": [0, 0, 16, 4], "rotation": 90, "texture": "#log"},
				"down": {"uv": [0, 0, 16, 4], "rotation": 90, "texture": "#log", "cullface": "down"}
			}
		},
		{
			"from": [0, 12, 11.25],
			"to": [16, 16, 15.25],
			"rotation": {"angle": 0, "axis": "y", "origin": [8, 17, 8.25]},
			"faces": {
				"north": {"uv": [16, 0, 0, 4], "texture": "#log"},
				"east": {"uv": [0, 4, 4, 8], "texture": "#log", "cullface": "east"},
				"south": {"uv": [0, 0, 16, 4], "texture": "#log"},
				"west": {"uv": [0, 4, 4, 8], "texture": "#log", "cullface": "west"},
				"up": {"uv": [0, 0, 16, 4], "rotation": 180, "texture": "#log"},
				"down": {"uv": [0, 0, 16, 4], "texture": "#log"}
			}
		},
		{
			"from": [11, 11, 0],
			"to": [13, 13, 16],
			"rotation": {"angle": 0, "axis": "y", "origin": [8, 17, 8]},
			"faces": {
				"north": {"uv": [0, 4, 4, 8], "texture": "#log", "cullface": "north"},
				"east": {"uv": [0, 0, 16, 4], "texture": "#log"},
				"south": {"uv": [0, 4, 4, 8], "texture": "#log", "cullface": "south"},
				"west": {"uv": [16, 1, 0, 5], "texture": "#log"},
				"up": {"uv": [0, 0, 16, 4], "rotation": 90, "texture": "#log"},
				"down": {"uv": [0, 0, 16, 4], "rotation": 90, "texture": "#log", "cullface": "down"}
			}
		},
		{
			"from": [0, 12, 0.75],
			"to": [16, 16, 4.75],
			"rotation": {"angle": 0, "axis": "y", "origin": [8, 17, 7.75]},
			"faces": {
				"north": {"uv": [0, 0, 16, 4], "texture": "#log"},
				"east": {"uv": [0, 4, 4, 8], "texture": "#log", "cullface": "east"},
				"south": {"uv": [16, 0, 0, 4], "texture": "#log"},
				"west": {"uv": [0, 4, 4, 8], "texture": "#log", "cullface": "west"},
				"up": {"uv": [0, 0, 16, 4], "rotation": 180, "texture": "#log"},
				"down": {"uv": [0, 0, 16, 4], "texture": "#log"}
			}
		},
		{
			"from": [0, 12, 6],
			"to": [16, 16, 10],
			"rotation": {"angle": 0, "axis": "y", "origin": [8, 17, 13]},
			"faces": {
				"north": {"uv": [0, 0, 16, 4], "texture": "#log"},
				"east": {"uv": [0, 4, 4, 8], "texture": "#log", "cullface": "east"},
				"south": {"uv": [16, 0, 0, 4], "texture": "#log"},
				"west": {"uv": [0, 4, 4, 8], "texture": "#log", "cullface": "west"},
				"up": {"uv": [0, 0, 16, 4], "rotation": 180, "texture": "#log"},
				"down": {"uv": [0, 0, 16, 4], "texture": "#log"}
			}
		},
		{
			"from": [0.25, 16, 0],
			"to": [0.75, 16.5, 5.5],
			"rotation": {"angle": 0, "axis": "y", "origin": [8.25, 24, 8]},
			"faces": {
				"north": {"uv": [0, 0, 0.5, 0.5], "texture": "#1"},
				"east": {"uv": [0, 0, 5.5, 0.5], "texture": "#1"},
				"south": {"uv": [0, 0, 0.5, 0.5], "texture": "#1"},
				"west": {"uv": [0, 0, 5.5, 0.5], "texture": "#1"},
				"up": {"uv": [0, 0, 0.5, 5.5], "texture": "#1"},
				"down": {"uv": [0, 0, 0.5, 5.5], "texture": "#1"}
			}
		},
		{
			"from": [0.25, 16, 5.5],
			"to": [0.75, 16.5, 10.75],
			"rotation": {"angle": 0, "axis": "y", "origin": [8.25, 24, 13.25]},
			"faces": {
				"north": {"uv": [0, 0, 0.5, 0.5], "texture": "#1"},
				"east": {"uv": [0, 0, 5.25, 0.5], "texture": "#1"},
				"south": {"uv": [0, 0, 0.5, 0.5], "texture": "#1"},
				"west": {"uv": [0, 0, 5.25, 0.5], "texture": "#1"},
				"up": {"uv": [0, 0, 0.5, 5.25], "texture": "#1"},
				"down": {"uv": [0, 0, 0.5, 5.25], "texture": "#1"}
			}
		},
		{
			"from": [0.25, 16, 10.75],
			"to": [0.75, 16.5, 16],
			"rotation": {"angle": 0, "axis": "y", "origin": [8.25, 24, 18.5]},
			"faces": {
				"north": {"uv": [0, 0, 0.5, 0.5], "texture": "#1"},
				"east": {"uv": [0, 0, 5.25, 0.5], "texture": "#1"},
				"south": {"uv": [0, 0, 0.5, 0.5], "texture": "#1"},
				"west": {"uv": [0, 0, 5.25, 0.5], "texture": "#1"},
				"up": {"uv": [0, 0, 0.5, 5.25], "texture": "#1"},
				"down": {"uv": [0, 0, 0.5, 5.25], "texture": "#1"}
			}
		},
		{
			"from": [15.25, 16, 0],
			"to": [15.75, 16.5, 5.5],
			"rotation": {"angle": 0, "axis": "y", "origin": [23.25, 24, 8]},
			"faces": {
				"north": {"uv": [0, 0, 0.5, 0.5], "texture": "#1"},
				"east": {"uv": [0, 0, 5.5, 0.5], "texture": "#1"},
				"south": {"uv": [0, 0, 0.5, 0.5], "texture": "#1"},
				"west": {"uv": [0, 0, 5.5, 0.5], "texture": "#1"},
				"up": {"uv": [0, 0, 0.5, 5.5], "texture": "#1"},
				"down": {"uv": [0, 0, 0.5, 5.5], "texture": "#1"}
			}
		},
		{
			"from": [15.25, 16, 5.5],
			"to": [15.75, 16.5, 10.75],
			"rotation": {"angle": 0, "axis": "y", "origin": [23.25, 24, 13.25]},
			"faces": {
				"north": {"uv": [0, 0, 0.5, 0.5], "texture": "#1"},
				"east": {"uv": [0, 0, 5.25, 0.5], "texture": "#1"},
				"south": {"uv": [0, 0, 0.5, 0.5], "texture": "#1"},
				"west": {"uv": [0, 0, 5.25, 0.5], "texture": "#1"},
				"up": {"uv": [0, 0, 0.5, 5.25], "texture": "#1"},
				"down": {"uv": [0, 0, 0.5, 5.25], "texture": "#1"}
			}
		},
		{
			"from": [15.25, 16, 10.75],
			"to": [15.75, 16.5, 16],
			"rotation": {"angle": 0, "axis": "y", "origin": [23.25, 24, 18.5]},
			"faces": {
				"north": {"uv": [0, 0, 0.5, 0.5], "texture": "#1"},
				"east": {"uv": [0, 0, 5.25, 0.5], "texture": "#1"},
				"south": {"uv": [0, 0, 0.5, 0.5], "texture": "#1"},
				"west": {"uv": [0, 0, 5.25, 0.5], "texture": "#1"},
				"up": {"uv": [0, 0, 0.5, 5.25], "texture": "#1"},
				"down": {"uv": [0, 0, 0.5, 5.25], "texture": "#1"}
			}
		},
		{
			"from": [0.25, 11.5, 0.25],
			"to": [0.75, 12, 5.25],
			"rotation": {"angle": 0, "axis": "y", "origin": [8.25, 19.5, 8]},
			"faces": {
				"north": {"uv": [0, 0, 0.5, 0.5], "texture": "#1"},
				"east": {"uv": [0, 0, 5, 0.5], "texture": "#1"},
				"south": {"uv": [0, 0, 0.5, 0.5], "texture": "#1"},
				"west": {"uv": [0, 0, 5, 0.5], "texture": "#1"},
				"up": {"uv": [0, 0, 0.5, 5], "texture": "#1"},
				"down": {"uv": [0, 0, 0.5, 5], "texture": "#1"}
			}
		},
		{
			"from": [0.25, 11.5, 5.5],
			"to": [0.75, 12, 10.5],
			"rotation": {"angle": 0, "axis": "y", "origin": [8.25, 19.5, 13.25]},
			"faces": {
				"north": {"uv": [0, 0, 0.5, 0.5], "texture": "#1"},
				"east": {"uv": [0, 0, 5, 0.5], "texture": "#1"},
				"south": {"uv": [0, 0, 0.5, 0.5], "texture": "#1"},
				"west": {"uv": [0, 0, 5, 0.5], "texture": "#1"},
				"up": {"uv": [0, 0, 0.5, 5], "texture": "#1"},
				"down": {"uv": [0, 0, 0.5, 5], "texture": "#1"}
			}
		},
		{
			"from": [0.25, 11.5, 10.75],
			"to": [0.75, 12, 15.75],
			"rotation": {"angle": 0, "axis": "y", "origin": [8.25, 19.5, 18.5]},
			"faces": {
				"north": {"uv": [0, 0, 0.5, 0.5], "texture": "#1"},
				"east": {"uv": [0, 0, 5, 0.5], "texture": "#1"},
				"south": {"uv": [0, 0, 0.5, 0.5], "texture": "#1"},
				"west": {"uv": [0, 0, 5, 0.5], "texture": "#1"},
				"up": {"uv": [0, 0, 0.5, 5], "texture": "#1"},
				"down": {"uv": [0, 0, 0.5, 5], "texture": "#1"}
			}
		},
		{
			"from": [15.25, 11.5, 0.25],
			"to": [15.75, 12, 5.25],
			"rotation": {"angle": 0, "axis": "y", "origin": [23.25, 19.5, 8]},
			"faces": {
				"north": {"uv": [0, 0, 0.5, 0.5], "texture": "#1"},
				"east": {"uv": [0, 0, 5, 0.5], "texture": "#1"},
				"south": {"uv": [0, 0, 0.5, 0.5], "texture": "#1"},
				"west": {"uv": [0, 0, 5, 0.5], "texture": "#1"},
				"up": {"uv": [0, 0, 0.5, 5], "texture": "#1"},
				"down": {"uv": [0, 0, 0.5, 5], "texture": "#1"}
			}
		},
		{
			"from": [15.25, 11.5, 5.5],
			"to": [15.75, 12, 10.5],
			"rotation": {"angle": 0, "axis": "y", "origin": [23.25, 19.5, 13.25]},
			"faces": {
				"north": {"uv": [0, 0, 0.5, 0.5], "texture": "#1"},
				"east": {"uv": [0, 0, 5, 0.5], "texture": "#1"},
				"south": {"uv": [0, 0, 0.5, 0.5], "texture": "#1"},
				"west": {"uv": [0, 0, 5, 0.5], "texture": "#1"},
				"up": {"uv": [0, 0, 0.5, 5], "texture": "#1"},
				"down": {"uv": [0, 0, 0.5, 5], "texture": "#1"}
			}
		},
		{
			"from": [15.25, 11.5, 10.75],
			"to": [15.75, 12, 15.75],
			"rotation": {"angle": 0, "axis": "y", "origin": [23.25, 19.5, 18.5]},
			"faces": {
				"north": {"uv": [0, 0, 0.5, 0.5], "texture": "#1"},
				"east": {"uv": [0, 0, 5, 0.5], "texture": "#1"},
				"south": {"uv": [0, 0, 0.5, 0.5], "texture": "#1"},
				"west": {"uv": [0, 0, 5, 0.5], "texture": "#1"},
				"up": {"uv": [0, 0, 0.5, 5], "texture": "#1"},
				"down": {"uv": [0, 0, 0.5, 5], "texture": "#1"}
			}
		},
		{
			"from": [0.25, 12, 0.25],
			"to": [0.75, 16, 0.75],
			"rotation": {"angle": 0, "axis": "y", "origin": [8.25, 23.5, 8]},
			"faces": {
				"north": {"uv": [0, 0, 0.5, 4], "texture": "#1"},
				"east": {"uv": [0, 0, 0.5, 4], "texture": "#1"},
				"south": {"uv": [0, 0, 0.5, 4], "texture": "#1"},
				"west": {"uv": [0, 0, 0.5, 4], "texture": "#1"},
				"up": {"uv": [0, 0, 0.5, 0.5], "texture": "#1"},
				"down": {"uv": [0, 0, 0.5, 0.5], "texture": "#1"}
			}
		},
		{
			"from": [0.25, 12, 5.5],
			"to": [0.75, 16, 6],
			"rotation": {"angle": 0, "axis": "y", "origin": [8.25, 23.5, 13.25]},
			"faces": {
				"north": {"uv": [0, 0, 0.5, 4], "texture": "#1"},
				"east": {"uv": [0, 0, 0.5, 4], "texture": "#1"},
				"south": {"uv": [0, 0, 0.5, 4], "texture": "#1"},
				"west": {"uv": [0, 0, 0.5, 4], "texture": "#1"},
				"up": {"uv": [0, 0, 0.5, 0.5], "texture": "#1"},
				"down": {"uv": [0, 0, 0.5, 0.5], "texture": "#1"}
			}
		},
		{
			"from": [0.25, 12, 10.75],
			"to": [0.75, 16, 11.25],
			"rotation": {"angle": 0, "axis": "y", "origin": [8.25, 23.5, 18.5]},
			"faces": {
				"north": {"uv": [0, 0, 0.5, 4], "texture": "#1"},
				"east": {"uv": [0, 0, 0.5, 4], "texture": "#1"},
				"south": {"uv": [0, 0, 0.5, 4], "texture": "#1"},
				"west": {"uv": [0, 0, 0.5, 4], "texture": "#1"},
				"up": {"uv": [0, 0, 0.5, 0.5], "texture": "#1"},
				"down": {"uv": [0, 0, 0.5, 0.5], "texture": "#1"}
			}
		},
		{
			"from": [15.25, 12, 0.25],
			"to": [15.75, 16, 0.75],
			"rotation": {"angle": 0, "axis": "y", "origin": [23.25, 23.5, 8]},
			"faces": {
				"north": {"uv": [0, 0, 0.5, 4], "texture": "#1"},
				"east": {"uv": [0, 0, 0.5, 4], "texture": "#1"},
				"south": {"uv": [0, 0, 0.5, 4], "texture": "#1"},
				"west": {"uv": [0, 0, 0.5, 4], "texture": "#1"},
				"up": {"uv": [0, 0, 0.5, 0.5], "texture": "#1"},
				"down": {"uv": [0, 0, 0.5, 0.5], "texture": "#1"}
			}
		},
		{
			"from": [15.25, 12, 5.5],
			"to": [15.75, 16, 6],
			"rotation": {"angle": 0, "axis": "y", "origin": [23.25, 23.5, 13.25]},
			"faces": {
				"north": {"uv": [0, 0, 0.5, 4], "texture": "#1"},
				"east": {"uv": [0, 0, 0.5, 4], "texture": "#1"},
				"south": {"uv": [0, 0, 0.5, 4], "texture": "#1"},
				"west": {"uv": [0, 0, 0.5, 4], "texture": "#1"},
				"up": {"uv": [0, 0, 0.5, 0.5], "texture": "#1"},
				"down": {"uv": [0, 0, 0.5, 0.5], "texture": "#1"}
			}
		},
		{
			"from": [15.25, 12, 10.75],
			"to": [15.75, 16, 11.25],
			"rotation": {"angle": 0, "axis": "y", "origin": [23.25, 23.5, 18.5]},
			"faces": {
				"north": {"uv": [0, 0, 0.5, 4], "texture": "#1"},
				"east": {"uv": [0, 0, 0.5, 4], "texture": "#1"},
				"south": {"uv": [0, 0, 0.5, 4], "texture": "#1"},
				"west": {"uv": [0, 0, 0.5, 4], "texture": "#1"},
				"up": {"uv": [0, 0, 0.5, 0.5], "texture": "#1"},
				"down": {"uv": [0, 0, 0.5, 0.5], "texture": "#1"}
			}
		},
		{
			"from": [0.25, 12, 4.75],
			"to": [0.75, 16, 5.25],
			"rotation": {"angle": 0, "axis": "y", "origin": [8.25, 23.5, 12.5]},
			"faces": {
				"north": {"uv": [0, 0, 0.5, 4], "texture": "#1"},
				"east": {"uv": [0, 0, 0.5, 4], "texture": "#1"},
				"south": {"uv": [0, 0, 0.5, 4], "texture": "#1"},
				"west": {"uv": [0, 0, 0.5, 4], "texture": "#1"},
				"up": {"uv": [0, 0, 0.5, 0.5], "texture": "#1"},
				"down": {"uv": [0, 0, 0.5, 0.5], "texture": "#1"}
			}
		},
		{
			"from": [0.25, 12, 10],
			"to": [0.75, 16, 10.5],
			"rotation": {"angle": 0, "axis": "y", "origin": [8.25, 23.5, 17.75]},
			"faces": {
				"north": {"uv": [0, 0, 0.5, 4], "texture": "#1"},
				"east": {"uv": [0, 0, 0.5, 4], "texture": "#1"},
				"south": {"uv": [0, 0, 0.5, 4], "texture": "#1"},
				"west": {"uv": [0, 0, 0.5, 4], "texture": "#1"},
				"up": {"uv": [0, 0, 0.5, 0.5], "texture": "#1"},
				"down": {"uv": [0, 0, 0.5, 0.5], "texture": "#1"}
			}
		},
		{
			"from": [0.25, 12, 15.25],
			"to": [0.75, 16, 15.75],
			"rotation": {"angle": 0, "axis": "y", "origin": [8.25, 23.5, 23]},
			"faces": {
				"north": {"uv": [0, 0, 0.5, 4], "texture": "#1"},
				"east": {"uv": [0, 0, 0.5, 4], "texture": "#1"},
				"south": {"uv": [0, 0, 0.5, 4], "texture": "#1"},
				"west": {"uv": [0, 0, 0.5, 4], "texture": "#1"},
				"up": {"uv": [0, 0, 0.5, 0.5], "texture": "#1"},
				"down": {"uv": [0, 0, 0.5, 0.5], "texture": "#1"}
			}
		},
		{
			"from": [15.25, 12, 4.75],
			"to": [15.75, 16, 5.25],
			"rotation": {"angle": 0, "axis": "y", "origin": [23.25, 23.5, 12.5]},
			"faces": {
				"north": {"uv": [0, 0, 0.5, 4], "texture": "#1"},
				"east": {"uv": [0, 0, 0.5, 4], "texture": "#1"},
				"south": {"uv": [0, 0, 0.5, 4], "texture": "#1"},
				"west": {"uv": [0, 0, 0.5, 4], "texture": "#1"},
				"up": {"uv": [0, 0, 0.5, 0.5], "texture": "#1"},
				"down": {"uv": [0, 0, 0.5, 0.5], "texture": "#1"}
			}
		},
		{
			"from": [15.25, 12, 10],
			"to": [15.75, 16, 10.5],
			"rotation": {"angle": 0, "axis": "y", "origin": [23.25, 23.5, 17.75]},
			"faces": {
				"north": {"uv": [0, 0, 0.5, 4], "texture": "#1"},
				"east": {"uv": [0, 0, 0.5, 4], "texture": "#1"},
				"south": {"uv": [0, 0, 0.5, 4], "texture": "#1"},
				"west": {"uv": [0, 0, 0.5, 4], "texture": "#1"},
				"up": {"uv": [0, 0, 0.5, 0.5], "texture": "#1"},
				"down": {"uv": [0, 0, 0.5, 0.5], "texture": "#1"}
			}
		},
		{
			"from": [15.25, 12, 15.25],
			"to": [15.75, 16, 15.75],
			"rotation": {"angle": 0, "axis": "y", "origin": [23.25, 23.5, 23]},
			"faces": {
				"north": {"uv": [0, 0, 0.5, 4], "texture": "#1"},
				"east": {"uv": [0, 0, 0.5, 4], "texture": "#1"},
				"south": {"uv": [0, 0, 0.5, 4], "texture": "#1"},
				"west": {"uv": [0, 0, 0.5, 4], "texture": "#1"},
				"up": {"uv": [0, 0, 0.5, 0.5], "texture": "#1"},
				"down": {"uv": [0, 0, 0.5, 0.5], "texture": "#1"}
			}
		},
		{
			"from": [-7.25, 19.25, 7.75],
			"to": [6.75, 19.5, 8],
			"rotation": {"angle": -45, "axis": "z", "origin": [-5.75, 19.375, 7.875]},
			"faces": {
				"north": {"uv": [0, 0, 14, 0.25], "texture": "#1"},
				"east": {"uv": [0, 0, 0.25, 0.25], "texture": "#1"},
				"south": {"uv": [0, 0, 14, 0.25], "texture": "#1"},
				"west": {"uv": [0, 0, 0.25, 0.25], "texture": "#1"},
				"up": {"uv": [0, 0, 14, 0.25], "texture": "#1"},
				"down": {"uv": [0, 0, 14, 0.25], "texture": "#1"}
			}
		},
		{
			"from": [5.75, 19, 7.5],
			"to": [7, 19.75, 8.25],
			"rotation": {"angle": -45, "axis": "z", "origin": [-5.75, 19.375, 7.875]},
			"faces": {
				"north": {"uv": [0, 0, 1.25, 0.75], "texture": "#1"},
				"east": {"uv": [0, 0, 0.75, 0.75], "texture": "#1"},
				"south": {"uv": [0, 0, 1.25, 0.75], "texture": "#1"},
				"west": {"uv": [0, 0, 0.75, 0.75], "texture": "#1"},
				"up": {"uv": [0, 0, 1.25, 0.75], "texture": "#1"},
				"down": {"uv": [0, 0, 1.25, 0.75], "texture": "#1"}
			}
		},
		{
			"from": [5.75, 19, 7.5],
			"to": [7, 19.75, 8.25],
			"rotation": {"angle": -22.5, "axis": "z", "origin": [-5.75, 19.375, 7.875]},
			"faces": {
				"north": {"uv": [0, 0, 1.25, 0.75], "texture": "#1"},
				"east": {"uv": [0, 0, 0.75, 0.75], "texture": "#1"},
				"south": {"uv": [0, 0, 1.25, 0.75], "texture": "#1"},
				"west": {"uv": [0, 0, 0.75, 0.75], "texture": "#1"},
				"up": {"uv": [0, 0, 1.25, 0.75], "texture": "#1"},
				"down": {"uv": [0, 0, 1.25, 0.75], "texture": "#1"}
			}
		},
		{
			"from": [2, 10.75, 7.75],
			"to": [14, 11, 8],
			"rotation": {"angle": 0, "axis": "z", "origin": [4.5, 10.875, 7.875]},
			"faces": {
				"north": {"uv": [0, 0, 12, 0.25], "texture": "#1"},
				"east": {"uv": [0, 0, 0.25, 0.25], "texture": "#1"},
				"south": {"uv": [0, 0, 12, 0.25], "texture": "#1"},
				"west": {"uv": [0, 0, 0.25, 0.25], "texture": "#1"},
				"up": {"uv": [0, 0, 12, 0.25], "texture": "#1"},
				"down": {"uv": [0, 0, 12, 0.25], "texture": "#1"}
			}
		},
		{
			"from": [21.625, 6.875, 7.75],
			"to": [21.875, 20.875, 8],
			"rotation": {"angle": -45, "axis": "z", "origin": [21.75, 19.375, 7.875]},
			"faces": {
				"north": {"uv": [0, 0, 14, 0.25], "rotation": 270, "texture": "#1"},
				"east": {"uv": [0, 0, 14, 0.25], "rotation": 90, "texture": "#1"},
				"south": {"uv": [0, 0, 14, 0.25], "rotation": 90, "texture": "#1"},
				"west": {"uv": [0, 0, 14, 0.25], "rotation": 90, "texture": "#1"},
				"up": {"uv": [0, 0, 0.25, 0.25], "rotation": 90, "texture": "#1"},
				"down": {"uv": [0, 0, 0.25, 0.25], "rotation": 90, "texture": "#1"}
			}
		},
		{
			"from": [21.375, 6.625, 7.5],
			"to": [22.125, 7.875, 8.25],
			"rotation": {"angle": -45, "axis": "z", "origin": [21.75, 19.375, 7.875]},
			"faces": {
				"north": {"uv": [0, 0, 1.25, 0.75], "rotation": 270, "texture": "#1"},
				"east": {"uv": [0, 0, 1.25, 0.75], "rotation": 90, "texture": "#1"},
				"south": {"uv": [0, 0, 1.25, 0.75], "rotation": 90, "texture": "#1"},
				"west": {"uv": [0, 0, 1.25, 0.75], "rotation": 90, "texture": "#1"},
				"up": {"uv": [0, 0, 0.75, 0.75], "rotation": 90, "texture": "#1"},
				"down": {"uv": [0, 0, 0.75, 0.75], "rotation": 90, "texture": "#1"}
			}
		},
		{
			"from": [-7, 19.5, 0],
			"to": [-6.25, 20.75, 16],
			"rotation": {"angle": 0, "axis": "y", "origin": [0.75, 28, 15.5]},
			"faces": {
				"north": {"uv": [0, 0, 0.75, 1.25], "texture": "#1"},
				"east": {"uv": [0, 0, 16, 1.25], "texture": "#1"},
				"south": {"uv": [0, 0, 0.75, 1.25], "texture": "#1"},
				"west": {"uv": [0, 0, 16, 1.25], "texture": "#1"},
				"up": {"uv": [0, 0, 0.75, 16], "texture": "#1"},
				"down": {"uv": [0, 0, 0.75, 16], "texture": "#1"}
			}
		},
		{
			"from": [-7, 21.5, 0],
			"to": [-6.25, 22.75, 16],
			"rotation": {"angle": 0, "axis": "y", "origin": [0.75, 30, 15.5]},
			"faces": {
				"north": {"uv": [0, 0, 0.75, 1.25], "texture": "#1"},
				"east": {"uv": [0, 0, 16, 1.25], "texture": "#1"},
				"south": {"uv": [0, 0, 0.75, 1.25], "texture": "#1"},
				"west": {"uv": [0, 0, 16, 1.25], "texture": "#1"},
				"up": {"uv": [0, 0, 0.75, 16], "texture": "#1"},
				"down": {"uv": [0, 0, 0.75, 16], "texture": "#1"}
			}
		},
		{
			"from": [-6.75, 22, 16],
			"to": [-6.5, 22.25, 24],
			"rotation": {"angle": 0, "axis": "y", "origin": [0.75, 30, 31.5]},
			"faces": {
				"north": {"uv": [0, 0, 0.25, 0.25], "texture": "#1"},
				"east": {"uv": [0, 0, 8, 0.25], "texture": "#1"},
				"south": {"uv": [0, 0, 0.25, 0.25], "texture": "#1"},
				"west": {"uv": [0, 0, 8, 0.25], "texture": "#1"},
				"up": {"uv": [0, 0, 0.25, 8], "texture": "#1"},
				"down": {"uv": [0, 0, 0.25, 8], "texture": "#1"}
			}
		},
		{
			"from": [22.5, 22, 16],
			"to": [22.75, 22.25, 24],
			"rotation": {"angle": 0, "axis": "y", "origin": [30, 30, 31.5]},
			"faces": {
				"north": {"uv": [0, 0, 0.25, 0.25], "texture": "#1"},
				"east": {"uv": [0, 0, 8, 0.25], "texture": "#1"},
				"south": {"uv": [0, 0, 0.25, 0.25], "texture": "#1"},
				"west": {"uv": [0, 0, 8, 0.25], "texture": "#1"},
				"up": {"uv": [0, 0, 0.25, 8], "texture": "#1"},
				"down": {"uv": [0, 0, 0.25, 8], "texture": "#1"}
			}
		},
		{
			"from": [22.5, 22, -8],
			"to": [22.75, 22.25, 0],
			"rotation": {"angle": 0, "axis": "y", "origin": [30, 30, 7.5]},
			"faces": {
				"north": {"uv": [0, 0, 0.25, 0.25], "texture": "#1"},
				"east": {"uv": [0, 0, 8, 0.25], "texture": "#1"},
				"south": {"uv": [0, 0, 0.25, 0.25], "texture": "#1"},
				"west": {"uv": [0, 0, 8, 0.25], "texture": "#1"},
				"up": {"uv": [0, 0, 0.25, 8], "texture": "#1"},
				"down": {"uv": [0, 0, 0.25, 8], "texture": "#1"}
			}
		},
		{
			"from": [-6.75, 22, -8],
			"to": [-6.5, 22.25, 0],
			"rotation": {"angle": 0, "axis": "y", "origin": [0.75, 30, 7.5]},
			"faces": {
				"north": {"uv": [0, 0, 0.25, 0.25], "texture": "#1"},
				"east": {"uv": [0, 0, 8, 0.25], "texture": "#1"},
				"south": {"uv": [0, 0, 0.25, 0.25], "texture": "#1"},
				"west": {"uv": [0, 0, 8, 0.25], "texture": "#1"},
				"up": {"uv": [0, 0, 0.25, 8], "texture": "#1"},
				"down": {"uv": [0, 0, 0.25, 8], "texture": "#1"}
			}
		},
		{
			"from": [-6.75, 20, 16],
			"to": [-6.5, 20.25, 24],
			"rotation": {"angle": 0, "axis": "y", "origin": [0.75, 28, 31.5]},
			"faces": {
				"north": {"uv": [0, 0, 0.25, 0.25], "texture": "#1"},
				"east": {"uv": [0, 0, 8, 0.25], "texture": "#1"},
				"south": {"uv": [0, 0, 0.25, 0.25], "texture": "#1"},
				"west": {"uv": [0, 0, 8, 0.25], "texture": "#1"},
				"up": {"uv": [0, 0, 0.25, 8], "texture": "#1"},
				"down": {"uv": [0, 0, 0.25, 8], "texture": "#1"}
			}
		},
		{
			"from": [22.5, 20, 16],
			"to": [22.75, 20.25, 24],
			"rotation": {"angle": 0, "axis": "y", "origin": [30, 28, 31.5]},
			"faces": {
				"north": {"uv": [0, 0, 0.25, 0.25], "texture": "#1"},
				"east": {"uv": [0, 0, 8, 0.25], "texture": "#1"},
				"south": {"uv": [0, 0, 0.25, 0.25], "texture": "#1"},
				"west": {"uv": [0, 0, 8, 0.25], "texture": "#1"},
				"up": {"uv": [0, 0, 0.25, 8], "texture": "#1"},
				"down": {"uv": [0, 0, 0.25, 8], "texture": "#1"}
			}
		},
		{
			"from": [22.5, 20, -8],
			"to": [22.75, 20.25, 0],
			"rotation": {"angle": 0, "axis": "y", "origin": [30, 28, 7.5]},
			"faces": {
				"north": {"uv": [0, 0, 0.25, 0.25], "texture": "#1"},
				"east": {"uv": [0, 0, 8, 0.25], "texture": "#1"},
				"south": {"uv": [0, 0, 0.25, 0.25], "texture": "#1"},
				"west": {"uv": [0, 0, 8, 0.25], "texture": "#1"},
				"up": {"uv": [0, 0, 0.25, 8], "texture": "#1"},
				"down": {"uv": [0, 0, 0.25, 8], "texture": "#1"}
			}
		},
		{
			"from": [-6.75, 20, -8],
			"to": [-6.5, 20.25, 0],
			"rotation": {"angle": 0, "axis": "y", "origin": [0.75, 28, 7.5]},
			"faces": {
				"north": {"uv": [0, 0, 0.25, 0.25], "texture": "#1"},
				"east": {"uv": [0, 0, 8, 0.25], "texture": "#1"},
				"south": {"uv": [0, 0, 0.25, 0.25], "texture": "#1"},
				"west": {"uv": [0, 0, 8, 0.25], "texture": "#1"},
				"up": {"uv": [0, 0, 0.25, 8], "texture": "#1"},
				"down": {"uv": [0, 0, 0.25, 8], "texture": "#1"}
			}
		},
		{
			"from": [22.25, 21.5, 0],
			"to": [23, 22.75, 16],
			"rotation": {"angle": 0, "axis": "y", "origin": [30, 30, 15.5]},
			"faces": {
				"north": {"uv": [0, 0, 0.75, 1.25], "texture": "#1"},
				"east": {"uv": [0, 0, 16, 1.25], "texture": "#1"},
				"south": {"uv": [0, 0, 0.75, 1.25], "texture": "#1"},
				"west": {"uv": [0, 0, 16, 1.25], "texture": "#1"},
				"up": {"uv": [0, 0, 0.75, 16], "texture": "#1"},
				"down": {"uv": [0, 0, 0.75, 16], "texture": "#1"}
			}
		},
		{
			"from": [22.25, 19.5, 0],
			"to": [23, 20.75, 16],
			"rotation": {"angle": 0, "axis": "y", "origin": [30, 28, 15.5]},
			"faces": {
				"north": {"uv": [0, 0, 0.75, 1.25], "texture": "#1"},
				"east": {"uv": [0, 0, 16, 1.25], "texture": "#1"},
				"south": {"uv": [0, 0, 0.75, 1.25], "texture": "#1"},
				"west": {"uv": [0, 0, 16, 1.25], "texture": "#1"},
				"up": {"uv": [0, 0, 0.75, 16], "texture": "#1"},
				"down": {"uv": [0, 0, 0.75, 16], "texture": "#1"}
			}
		},
		{
			"from": [-6.75, 16.5, 7.75],
			"to": [-6.5, 23.5, 8],
			"rotation": {"angle": 0, "axis": "y", "origin": [0.5, 26.5, 15]},
			"faces": {
				"north": {"uv": [0, 0, 0.25, 7], "texture": "#1"},
				"east": {"uv": [0, 0, 0.25, 7], "texture": "#1"},
				"south": {"uv": [0, 0, 0.25, 7], "texture": "#1"},
				"west": {"uv": [0, 0, 0.25, 7], "texture": "#1"},
				"up": {"uv": [0, 0, 0.25, 0.25], "texture": "#1"},
				"down": {"uv": [0, 0, 0.25, 0.25], "texture": "#1"}
			}
		},
		{
			"from": [22.5, 16.5, 7.75],
			"to": [22.75, 23.5, 8],
			"rotation": {"angle": 0, "axis": "y", "origin": [29.75, 26.5, 15]},
			"faces": {
				"north": {"uv": [0, 0, 0.25, 7], "texture": "#1"},
				"east": {"uv": [0, 0, 0.25, 7], "texture": "#1"},
				"south": {"uv": [0, 0, 0.25, 7], "texture": "#1"},
				"west": {"uv": [0, 0, 0.25, 7], "texture": "#1"},
				"up": {"uv": [0, 0, 0.25, 0.25], "texture": "#1"},
				"down": {"uv": [0, 0, 0.25, 0.25], "texture": "#1"}
			}
		},
		{
			"from": [22.25, 19, 7.5],
			"to": [23, 19.25, 8.25],
			"rotation": {"angle": 0, "axis": "y", "origin": [29.75, 28.75, 15]},
			"faces": {
				"north": {"uv": [0, 0, 0.75, 0.25], "texture": "#1"},
				"east": {"uv": [0, 0, 0.75, 0.25], "texture": "#1"},
				"south": {"uv": [0, 0, 0.75, 0.25], "texture": "#1"},
				"west": {"uv": [0, 0, 0.75, 0.25], "texture": "#1"},
				"up": {"uv": [0, 0, 0.75, 0.75], "texture": "#1"},
				"down": {"uv": [0, 0, 0.75, 0.75], "texture": "#1"}
			}
		},
		{
			"from": [22.25, 22.75, 7.5],
			"to": [23, 23, 8.25],
			"rotation": {"angle": 0, "axis": "y", "origin": [29.75, 32.5, 15]},
			"faces": {
				"north": {"uv": [0, 0, 0.75, 0.25], "texture": "#1"},
				"east": {"uv": [0, 0, 0.75, 0.25], "texture": "#1"},
				"south": {"uv": [0, 0, 0.75, 0.25], "texture": "#1"},
				"west": {"uv": [0, 0, 0.75, 0.25], "texture": "#1"},
				"up": {"uv": [0, 0, 0.75, 0.75], "texture": "#1"},
				"down": {"uv": [0, 0, 0.75, 0.75], "texture": "#1"}
			}
		},
		{
			"from": [22.25, 20.75, 7.5],
			"to": [23, 21, 8.25],
			"rotation": {"angle": 0, "axis": "y", "origin": [29.75, 30.5, 15]},
			"faces": {
				"north": {"uv": [0, 0, 0.75, 0.25], "texture": "#1"},
				"east": {"uv": [0, 0, 0.75, 0.25], "texture": "#1"},
				"south": {"uv": [0, 0, 0.75, 0.25], "texture": "#1"},
				"west": {"uv": [0, 0, 0.75, 0.25], "texture": "#1"},
				"up": {"uv": [0, 0, 0.75, 0.75], "texture": "#1"},
				"down": {"uv": [0, 0, 0.75, 0.75], "texture": "#1"}
			}
		},
		{
			"from": [-7, 19, 7.5],
			"to": [-6.25, 19.25, 8.25],
			"rotation": {"angle": 0, "axis": "y", "origin": [0.5, 28.75, 15]},
			"faces": {
				"north": {"uv": [0, 0, 0.75, 0.25], "texture": "#1"},
				"east": {"uv": [0, 0, 0.75, 0.25], "texture": "#1"},
				"south": {"uv": [0, 0, 0.75, 0.25], "texture": "#1"},
				"west": {"uv": [0, 0, 0.75, 0.25], "texture": "#1"},
				"up": {"uv": [0, 0, 0.75, 0.75], "texture": "#1"},
				"down": {"uv": [0, 0, 0.75, 0.75], "texture": "#1"}
			}
		},
		{
			"from": [-7, 22.75, 7.5],
			"to": [-6.25, 23, 8.25],
			"rotation": {"angle": 0, "axis": "y", "origin": [0.5, 32.5, 15]},
			"faces": {
				"north": {"uv": [0, 0, 0.75, 0.25], "texture": "#1"},
				"east": {"uv": [0, 0, 0.75, 0.25], "texture": "#1"},
				"south": {"uv": [0, 0, 0.75, 0.25], "texture": "#1"},
				"west": {"uv": [0, 0, 0.75, 0.25], "texture": "#1"},
				"up": {"uv": [0, 0, 0.75, 0.75], "texture": "#1"},
				"down": {"uv": [0, 0, 0.75, 0.75], "texture": "#1"}
			}
		},
		{
			"from": [-7, 20.75, 7.5],
			"to": [-6.25, 21, 8.25],
			"rotation": {"angle": 0, "axis": "y", "origin": [0.5, 30.5, 15]},
			"faces": {
				"north": {"uv": [0, 0, 0.75, 0.25], "texture": "#1"},
				"east": {"uv": [0, 0, 0.75, 0.25], "texture": "#1"},
				"south": {"uv": [0, 0, 0.75, 0.25], "texture": "#1"},
				"west": {"uv": [0, 0, 0.75, 0.25], "texture": "#1"},
				"up": {"uv": [0, 0, 0.75, 0.75], "texture": "#1"},
				"down": {"uv": [0, 0, 0.75, 0.75], "texture": "#1"}
			}
		}
	],
	"display": {
		"thirdperson_righthand": {
			"rotation": [75, 45, 0],
			"translation": [0, 2.5, 0],
			"scale": [0.375, 0.375, 0.375]
		},
		"thirdperson_lefthand": {
			"rotation": [75, 45, 0],
			"translation": [0, 2.5, 0],
			"scale": [0.375, 0.375, 0.375]
		},
		"firstperson_righthand": {
			"rotation": [0, 45, 0],
			"scale": [0.4, 0.4, 0.4]
		},
		"firstperson_lefthand": {
			"rotation": [0, 225, 0],
			"scale": [0.4, 0.4, 0.4]
		},
		"ground": {
			"translation": [0, 3, 0],
			"scale": [0.25, 0.25, 0.25]
		},
		"gui": {
			"rotation": [30, 225, 0],
			"scale": [0.625, 0.625, 0.625]
		},
		"head": {
			"translation": [0, 10.5, 0]
		},
		"fixed": {
			"scale": [0.5, 0.5, 0.5]
		}
	}
}