{
		"textures": {
		"0": "images/grid",
		"1": "block/gray_concrete",
		"2": "block/blue_glazed_terracotta",
		"particle": "images/grid"
	},
	"elements": [
		{
			"from": [-4, 2, -2],
			"to": [20, 9, 0],
			"rotation": {"angle": 0, "axis": "y", "origin": [8, 8, 6]},
			"faces": {
				"north": {"uv": [0, 0, 16, 16], "texture": "#1"},
				"east": {"uv": [0, 0, 2, 16], "texture": "#1"},
				"south": {"uv": [0, 0, 16, 16], "texture": "#1"},
				"west": {"uv": [0, 0, 2, 16], "texture": "#1"},
				"up": {"uv": [0, 0, 16, 2], "texture": "#1"},
				"down": {"uv": [0, 0, 16, 2], "texture": "#1"}
			}
		},
		{
			"from": [-4, 1, -1],
			"to": [20, 2, 0],
			"rotation": {"angle": 0, "axis": "y", "origin": [8, 8, 6]},
			"faces": {
				"north": {"uv": [0, 0, 16, 16], "texture": "#1"},
				"east": {"uv": [0, 0, 2, 16], "texture": "#1"},
				"south": {"uv": [0, 0, 16, 16], "texture": "#1"},
				"west": {"uv": [0, 0, 2, 16], "texture": "#1"},
				"up": {"uv": [0, 0, 16, 2], "texture": "#1"},
				"down": {"uv": [0, 0, 16, 2], "texture": "#1"}
			}
		},
		{
			"from": [-4, 0, 0],
			"to": [20, 2, 16],
			"rotation": {"angle": 0, "axis": "y", "origin": [8, 8, 23]},
			"faces": {
				"north": {"uv": [0, 0, 16, 2], "texture": "#1"},
				"east": {"uv": [0, 0, 14, 2], "texture": "#1"},
				"south": {"uv": [0, 0, 16, 2], "texture": "#1"},
				"west": {"uv": [0, 0, 14, 2], "texture": "#1"},
				"up": {"uv": [0, 0, 16, 14], "texture": "#1"},
				"down": {"uv": [0, 0, 16, 14], "texture": "#1"}
			}
		},
		{
			"from": [-4, 2, 0],
			"to": [20.25, 3, 15.25],
			"rotation": {"angle": 0, "axis": "y", "origin": [8, 10, 23]},
			"faces": {
				"north": {"uv": [0, 0, 0.25, 1], "texture": "#1"},
				"east": {"uv": [0, 0, 13.25, 1], "texture": "#1"},
				"south": {"uv": [0, 0, 0.25, 1], "texture": "#1"},
				"west": {"uv": [0, 0, 13.25, 1], "texture": "#1"},
				"up": {"uv": [0, 0, 0.25, 13.25], "texture": "#1"},
				"down": {"uv": [0, 0, 0.25, 13.25], "texture": "#1"}
			}
		},
		{
			"from": [-4, 3, 0],
			"to": [20.25, 4, 14.75],
			"rotation": {"angle": 0, "axis": "y", "origin": [8, 11, 23]},
			"faces": {
				"north": {"uv": [0, 0, 0.25, 1], "texture": "#1"},
				"east": {"uv": [0, 0, 12.75, 1], "texture": "#1"},
				"south": {"uv": [0, 0, 0.25, 1], "texture": "#1"},
				"west": {"uv": [0, 0, 12.75, 1], "texture": "#1"},
				"up": {"uv": [0, 0, 0.25, 12.75], "texture": "#1"},
				"down": {"uv": [0, 0, 0.25, 12.75], "texture": "#1"}
			}
		},
		{
			"from": [-4, 4, 0],
			"to": [20.25, 5, 14.3],
			"rotation": {"angle": 0, "axis": "y", "origin": [8, 12, 23]},
			"faces": {
				"north": {"uv": [0, 0, 0.25, 1], "texture": "#1"},
				"east": {"uv": [0, 0, 12.5, 1], "texture": "#1"},
				"south": {"uv": [0, 0, 0.25, 1], "texture": "#1"},
				"west": {"uv": [0, 0, 12.5, 1], "texture": "#1"},
				"up": {"uv": [0, 0, 0.25, 12.5], "texture": "#1"},
				"down": {"uv": [0, 0, 0.25, 12.5], "texture": "#1"}
			}
		},
		{
			"from": [-4, 5, 0],
			"to": [20.25, 6, 14],
			"rotation": {"angle": 0, "axis": "y", "origin": [8, 13, 23]},
			"faces": {
				"north": {"uv": [0, 0, 0.25, 1], "texture": "#1"},
				"east": {"uv": [0, 0, 12, 1], "texture": "#1"},
				"south": {"uv": [0, 0, 0.25, 1], "texture": "#1"},
				"west": {"uv": [0, 0, 12, 1], "texture": "#1"},
				"up": {"uv": [0, 0, 0.25, 12], "texture": "#1"},
				"down": {"uv": [0, 0, 0.25, 12], "texture": "#1"}
			}
		},
		{
			"from": [-4, 6, 0],
			"to": [20.25, 7, 13.5],
			"rotation": {"angle": 0, "axis": "y", "origin": [8, 14, 23]},
			"faces": {
				"north": {"uv": [0, 0, 0.25, 1], "texture": "#1"},
				"east": {"uv": [0, 0, 11.5, 1], "texture": "#1"},
				"south": {"uv": [0, 0, 0.25, 1], "texture": "#1"},
				"west": {"uv": [0, 0, 11.5, 1], "texture": "#1"},
				"up": {"uv": [0, 0, 0.25, 11.5], "texture": "#1"},
				"down": {"uv": [0, 0, 0.25, 11.5], "texture": "#1"}
			}
		},
		{
			"from": [-4, 7, 0],
			"to": [20.25, 8, 13.2],
			"rotation": {"angle": 0, "axis": "y", "origin": [8, 15, 23]},
			"faces": {
				"north": {"uv": [0, 0, 0.25, 1], "texture": "#1"},
				"east": {"uv": [0, 0, 11.25, 1], "texture": "#1"},
				"south": {"uv": [0, 0, 0.25, 1], "texture": "#1"},
				"west": {"uv": [0, 0, 11.25, 1], "texture": "#1"},
				"up": {"uv": [0, 0, 0.25, 11.25], "texture": "#1"},
				"down": {"uv": [0, 0, 0.25, 11.25], "texture": "#1"}
			}
		},
		{
			"from": [-5, 7, 4],
			"to": [-4.75, 8, 9.25],
			"rotation": {"angle": 0, "axis": "y", "origin": [7, 15, 23]},
			"faces": {
				"north": {"uv": [0, 0, 0.25, 1], "texture": "#1"},
				"east": {"uv": [0, 0, 5.25, 1], "texture": "#1"},
				"south": {"uv": [0, 0, 0.25, 1], "texture": "#1"},
				"west": {"uv": [0, 0, 5.25, 1], "texture": "#1"},
				"up": {"uv": [0, 0, 0.25, 5.25], "texture": "#1"},
				"down": {"uv": [0, 0, 0.25, 5.25], "texture": "#1"}
			}
		},
		{
			"from": [20.75, 7, 4],
			"to": [21, 8, 9.25],
			"rotation": {"angle": 0, "axis": "y", "origin": [32.75, 15, 23]},
			"faces": {
				"north": {"uv": [0, 0, 0.25, 1], "texture": "#1"},
				"east": {"uv": [0, 0, 5.25, 1], "texture": "#1"},
				"south": {"uv": [0, 0, 0.25, 1], "texture": "#1"},
				"west": {"uv": [0, 0, 5.25, 1], "texture": "#1"},
				"up": {"uv": [0, 0, 0.25, 5.25], "texture": "#1"},
				"down": {"uv": [0, 0, 0.25, 5.25], "texture": "#1"}
			}
		},
		{
			"from": [-4.75, 7, 4],
			"to": [-3.5, 8, 5.25],
			"rotation": {"angle": 0, "axis": "y", "origin": [7.25, 15, 23]},
			"faces": {
				"north": {"uv": [0, 0, 1.25, 1], "texture": "#1"},
				"east": {"uv": [0, 0, 1.25, 1], "texture": "#1"},
				"south": {"uv": [0, 0, 1.25, 1], "texture": "#1"},
				"west": {"uv": [0, 0, 1.25, 1], "texture": "#1"},
				"up": {"uv": [0, 0, 1.25, 1.25], "texture": "#1"},
				"down": {"uv": [0, 0, 1.25, 1.25], "texture": "#1"}
			}
		},
		{
			"from": [19.5, 7, 4],
			"to": [20.75, 8, 5.25],
			"rotation": {"angle": 0, "axis": "y", "origin": [31.5, 15, 23]},
			"faces": {
				"north": {"uv": [0, 0, 1.25, 1], "texture": "#1"},
				"east": {"uv": [0, 0, 1.25, 1], "texture": "#1"},
				"south": {"uv": [0, 0, 1.25, 1], "texture": "#1"},
				"west": {"uv": [0, 0, 1.25, 1], "texture": "#1"},
				"up": {"uv": [0, 0, 1.25, 1.25], "texture": "#1"},
				"down": {"uv": [0, 0, 1.25, 1.25], "texture": "#1"}
			}
		},
		{
			"from": [-4.75, 7, 8],
			"to": [-3.5, 8, 9.25],
			"rotation": {"angle": 0, "axis": "y", "origin": [7.25, 15, 27]},
			"faces": {
				"north": {"uv": [0, 0, 1.25, 1], "texture": "#1"},
				"east": {"uv": [0, 0, 1.25, 1], "texture": "#1"},
				"south": {"uv": [0, 0, 1.25, 1], "texture": "#1"},
				"west": {"uv": [0, 0, 1.25, 1], "texture": "#1"},
				"up": {"uv": [0, 0, 1.25, 1.25], "texture": "#1"},
				"down": {"uv": [0, 0, 1.25, 1.25], "texture": "#1"}
			}
		},
		{
			"from": [19.5, 7, 8],
			"to": [20.75, 8, 9.25],
			"rotation": {"angle": 0, "axis": "y", "origin": [31.5, 15, 27]},
			"faces": {
				"north": {"uv": [0, 0, 1.25, 1], "texture": "#1"},
				"east": {"uv": [0, 0, 1.25, 1], "texture": "#1"},
				"south": {"uv": [0, 0, 1.25, 1], "texture": "#1"},
				"west": {"uv": [0, 0, 1.25, 1], "texture": "#1"},
				"up": {"uv": [0, 0, 1.25, 1.25], "texture": "#1"},
				"down": {"uv": [0, 0, 1.25, 1.25], "texture": "#1"}
			}
		},
		{
			"from": [-4, 8, 0],
			"to": [20.25, 9, 12.75],
			"rotation": {"angle": 0, "axis": "y", "origin": [8, 16, 23]},
			"faces": {
				"north": {"uv": [0, 0, 0.25, 1], "texture": "#1"},
				"east": {"uv": [0, 0, 10.75, 1], "texture": "#1"},
				"south": {"uv": [0, 0, 0.25, 1], "texture": "#1"},
				"west": {"uv": [0, 0, 10.75, 1], "texture": "#1"},
				"up": {"uv": [0, 0, 0.25, 10.75], "texture": "#1"},
				"down": {"uv": [0, 0, 0.25, 10.75], "texture": "#1"}
			}
		},
		{
			"from": [-4, 9, -2],
			"to": [20.25, 10, 12.25],
			"rotation": {"angle": 0, "axis": "y", "origin": [8, 17, 23]},
			"faces": {
				"north": {"uv": [0, 0, 0.25, 1], "texture": "#1"},
				"east": {"uv": [0, 0, 10.25, 1], "texture": "#1"},
				"south": {"uv": [0, 0, 0.25, 1], "texture": "#1"},
				"west": {"uv": [0, 0, 10.25, 1], "texture": "#1"},
				"up": {"uv": [0, 0, 0.25, 10.25], "texture": "#1"},
				"down": {"uv": [0, 0, 0.25, 10.25], "texture": "#1"}
			}
		},
		{
			"from": [-4, 10, -1.5],
			"to": [20.25, 11, 11.25],
			"rotation": {"angle": 0, "axis": "y", "origin": [8, 18, 23]},
			"faces": {
				"north": {"uv": [0, 0, 0.25, 1], "texture": "#1"},
				"east": {"uv": [0, 0, 9.25, 1], "texture": "#1"},
				"south": {"uv": [0, 0, 0.25, 1], "texture": "#1"},
				"west": {"uv": [0, 0, 9.25, 1], "texture": "#1"},
				"up": {"uv": [0, 0, 0.25, 9.25], "texture": "#1"},
				"down": {"uv": [0, 0, 0.25, 9.25], "texture": "#1"}
			}
		},
		{
			"from": [-4, 11, -1],
			"to": [20.25, 12, 10.25],
			"rotation": {"angle": 0, "axis": "y", "origin": [8, 19, 23]},
			"faces": {
				"north": {"uv": [0, 0, 0.25, 1], "texture": "#1"},
				"east": {"uv": [0, 0, 8.25, 1], "texture": "#1"},
				"south": {"uv": [0, 0, 0.25, 1], "texture": "#1"},
				"west": {"uv": [0, 0, 8.25, 1], "texture": "#1"},
				"up": {"uv": [0, 0, 0.25, 8.25], "texture": "#1"},
				"down": {"uv": [0, 0, 0.25, 8.25], "texture": "#1"}
			}
		},
		{
			"from": [-4, 12, -0.5],
			"to": [20.25, 13, 9.25],
			"rotation": {"angle": 0, "axis": "y", "origin": [8, 20, 23]},
			"faces": {
				"north": {"uv": [0, 0, 0.25, 1], "texture": "#1"},
				"east": {"uv": [0, 0, 7.25, 1], "texture": "#1"},
				"south": {"uv": [0, 0, 0.25, 1], "texture": "#1"},
				"west": {"uv": [0, 0, 7.25, 1], "texture": "#1"},
				"up": {"uv": [0, 0, 0.25, 7.25], "texture": "#1"},
				"down": {"uv": [0, 0, 0.25, 7.25], "texture": "#1"}
			}
		},
		{
			"from": [-4, 13, 0],
			"to": [20.25, 14, 8.25],
			"rotation": {"angle": 0, "axis": "y", "origin": [8, 21, 23]},
			"faces": {
				"north": {"uv": [0, 0, 0.25, 1], "texture": "#1"},
				"east": {"uv": [0, 0, 6.25, 1], "texture": "#1"},
				"south": {"uv": [0, 0, 0.25, 1], "texture": "#1"},
				"west": {"uv": [0, 0, 6.25, 1], "texture": "#1"},
				"up": {"uv": [0, 0, 0.25, 6.25], "texture": "#1"},
				"down": {"uv": [0, 0, 0.25, 6.25], "texture": "#1"}
			}
		},
		{
			"from": [-4, 14, 0.5],
			"to": [20.25, 15, 6.75],
			"rotation": {"angle": 0, "axis": "y", "origin": [8, 22, 23]},
			"faces": {
				"north": {"uv": [0, 0, 0.25, 1], "texture": "#1"},
				"east": {"uv": [0, 0, 4.75, 1], "texture": "#1"},
				"south": {"uv": [0, 0, 0.25, 1], "texture": "#1"},
				"west": {"uv": [0, 0, 4.75, 1], "texture": "#1"},
				"up": {"uv": [0, 0, 0.25, 4.75], "texture": "#1"},
				"down": {"uv": [0, 0, 0.25, 4.75], "texture": "#1"}
			}
		},
		{
			"from": [-4, 15, 1],
			"to": [20.25, 16, 4.25],
			"rotation": {"angle": 0, "axis": "y", "origin": [8, 23, 23]},
			"faces": {
				"north": {"uv": [0, 0, 0.25, 1], "texture": "#1"},
				"east": {"uv": [0, 0, 2.25, 1], "texture": "#1"},
				"south": {"uv": [0, 0, 0.25, 1], "texture": "#1"},
				"west": {"uv": [0, 0, 2.25, 1], "texture": "#1"},
				"up": {"uv": [0, 0, 0.25, 2.25], "texture": "#1"},
				"down": {"uv": [0, 0, 0.25, 2.25], "texture": "#1"}
			}
		},
		{
			"from": [-4, 16, 1.5],
			"to": [20.25, 17, 2.25],
			"rotation": {"angle": 0, "axis": "y", "origin": [8, 24, 23]},
			"faces": {
				"north": {"uv": [0, 0, 0.25, 1], "texture": "#1"},
				"east": {"uv": [0, 0, 0.25, 1], "texture": "#1"},
				"south": {"uv": [0, 0, 0.25, 1], "texture": "#1"},
				"west": {"uv": [0, 0, 0.25, 1], "texture": "#1"},
				"up": {"uv": [0, 0, 0.25, 0.25], "texture": "#1"},
				"down": {"uv": [0, 0, 0.25, 0.25], "texture": "#1"}
			}
		},
		{
			"from": [-3.75, 1.32923, 0.87048],
			"to": [19.75, 9.82923, 13.87048],
			"rotation": {"angle": -22.5, "axis": "x", "origin": [-3.5, 6.32923, 13.37048]},
			"faces": {
				"north": {"uv": [0, 0, 16, 8.5], "texture": "#1"},
				"east": {"uv": [0, 0, 13, 8.5], "texture": "#1"},
				"south": {"uv": [0, 0, 16, 8.5], "texture": "#0"},
				"west": {"uv": [0, 0, 13, 8.5], "texture": "#1"},
				"up": {"uv": [0, 0, 16, 13], "texture": "#1"},
				"down": {"uv": [0, 0, 16, 13], "texture": "#1"}
			}
		},
		{
			"from": [-3.75, 8.37547, -0.3354],
			"to": [19.75, 15.37547, 10.1646],
			"rotation": {"angle": -45, "axis": "x", "origin": [-3.5, 11.87547, 9.6646]},
			"faces": {
				"north": {"uv": [0, 0, 16, 7], "texture": "#1"},
				"east": {"uv": [0, 0, 10.5, 7], "texture": "#1"},
				"south": {"uv": [0, 0, 16, 7], "texture": "#0"},
				"west": {"uv": [0, 0, 10.5, 7], "texture": "#1"},
				"up": {"uv": [0, 0, 16, 10.5], "texture": "#1"},
				"down": {"uv": [0, 0, 16, 10.5], "texture": "#1"}
			}
		},
		{
			"from": [-3.75, 10.31598, 1.46612],
			"to": [19.75, 15.31598, 7.46612],
			"rotation": {"angle": 22.5, "axis": "x", "origin": [-3.5, 14.81598, 5.96612]},
			"faces": {
				"north": {"uv": [0, 0, 16, 5], "rotation": 180, "texture": "#1"},
				"east": {"uv": [0, 0, 5, 6], "rotation": 90, "texture": "#1"},
				"south": {"uv": [0, 0, 16, 5], "texture": "#1"},
				"west": {"uv": [0, 0, 5, 6], "rotation": 270, "texture": "#1"},
				"up": {"uv": [0, 0, 16, 6], "texture": "#0"},
				"down": {"uv": [0, 0, 16, 6], "rotation": 180, "texture": "#1"}
			}
		},
		{
			"from": [-3.75, 5.31598, 1.46612],
			"to": [19.75, 10.31598, 7.46612],
			"rotation": {"angle": 22.5, "axis": "x", "origin": [-3.5, 9.81598, 5.96612]},
			"faces": {
				"north": {"uv": [0, 0, 16, 5], "rotation": 180, "texture": "#1"},
				"east": {"uv": [0, 0, 5, 6], "rotation": 90, "texture": "#1"},
				"south": {"uv": [0, 0, 16, 5], "texture": "#1"},
				"west": {"uv": [0, 0, 5, 6], "rotation": 270, "texture": "#1"},
				"up": {"uv": [0, 0, 16, 6], "texture": "#1"},
				"down": {"uv": [0, 0, 16, 6], "rotation": 180, "texture": "#1"}
			}
		},
		{
			"from": [6, 0.5, 15.25],
			"to": [10, 2.5, 16.25],
			"rotation": {"angle": 0, "axis": "y", "origin": [14, 8.5, 23.25]},
			"faces": {
				"north": {"uv": [0, 0, 4, 2], "texture": "#2"},
				"east": {"uv": [0, 0, 1, 2], "texture": "#2"},
				"south": {"uv": [6, 3, 10, 5], "texture": "#2"},
				"west": {"uv": [0, 0, 1, 2], "texture": "#2"},
				"up": {"uv": [0, 0, 4, 1], "texture": "#2"},
				"down": {"uv": [0, 0, 4, 1], "texture": "#2"}
			}
		}
	],
	"display": {
		"thirdperson_righthand": {
			"rotation": [75, 45, 0],
			"translation": [0, 2.5, 0],
			"scale": [0.375, 0.375, 0.375]
		},
		"thirdperson_lefthand": {
			"rotation": [75, 45, 0],
			"translation": [0, 2.5, 0],
			"scale": [0.375, 0.375, 0.375]
		},
		"firstperson_righthand": {
			"rotation": [0, 45, 0],
			"scale": [0.4, 0.4, 0.4]
		},
		"firstperson_lefthand": {
			"rotation": [0, 225, 0],
			"scale": [0.4, 0.4, 0.4]
		},
		"ground": {
			"translation": [0, 3, 0],
			"scale": [0.25, 0.25, 0.25]
		},
		"gui": {
			"rotation": [30, 225, 0],
			"scale": [0.625, 0.625, 0.625]
		},
		"fixed": {
			"scale": [0.5, 0.5, 0.5]
		}
	}
}