{
		"textures": {
		"0": "block/red_concrete",
		"1": "block/quartz_block_bottom",
		"2": "block/sea_lantern",
		"3": "block/stripped_warped_stem_top",
		"particle": "block/red_concrete"
	},
	"elements": [
		{
			"from": [6.25, 0.25, 6.25],
			"to": [9.75, 1, 9.75],
			"rotation": {"angle": 0, "axis": "y", "origin": [14.25, 8, 14.25]},
			"faces": {
				"north": {"uv": [0, 0, 3.5, 1], "texture": "#1"},
				"east": {"uv": [0, 0, 3.5, 1], "texture": "#1"},
				"south": {"uv": [0, 0, 3.5, 1], "texture": "#1"},
				"west": {"uv": [0, 0, 3.5, 1], "texture": "#1"},
				"up": {"uv": [0, 0, 3.5, 3.5], "texture": "#1"},
				"down": {"uv": [0, 0, 3.5, 3.5], "texture": "#1"}
			}
		},
		{
			"from": [7.75, 1, 8.25],
			"to": [8.25, 5, 15.75],
			"rotation": {"angle": 0, "axis": "y", "origin": [13.75, 8, 16.25]},
			"faces": {
				"north": {"uv": [0, 0, 0.5, 4], "texture": "#3"},
				"east": {"uv": [0, 0, 7.5, 4], "texture": "#3"},
				"south": {"uv": [0, 0, 0.5, 4], "texture": "#3"},
				"west": {"uv": [0, 0, 7.5, 4], "texture": "#3"},
				"up": {"uv": [0, 0, 0.5, 7.5], "texture": "#3"},
				"down": {"uv": [0, 0, 0.5, 7.5], "texture": "#3"}
			}
		},
		{
			"from": [7.75, 1, 0.25],
			"to": [8.25, 5, 7.75],
			"rotation": {"angle": 0, "axis": "y", "origin": [13.75, 8, 8.25]},
			"faces": {
				"north": {"uv": [0, 0, 0.5, 4], "texture": "#3"},
				"east": {"uv": [0, 0, 7.5, 4], "texture": "#3"},
				"south": {"uv": [0, 0, 0.5, 4], "texture": "#3"},
				"west": {"uv": [0, 0, 7.5, 4], "texture": "#3"},
				"up": {"uv": [0, 0, 0.5, 7.5], "texture": "#3"},
				"down": {"uv": [0, 0, 0.5, 7.5], "texture": "#3"}
			}
		},
		{
			"from": [8.25, 1, 7.75],
			"to": [15.75, 5, 8.25],
			"rotation": {"angle": 0, "axis": "y", "origin": [7.75, 8, 13.75]},
			"faces": {
				"north": {"uv": [0, 0, 7.5, 4], "texture": "#3"},
				"east": {"uv": [0, 0, 0.5, 4], "texture": "#3"},
				"south": {"uv": [0, 0, 7.5, 4], "texture": "#3"},
				"west": {"uv": [0, 0, 0.5, 4], "texture": "#3"},
				"up": {"uv": [0, 0, 0.5, 7.5], "rotation": 90, "texture": "#3"},
				"down": {"uv": [0, 0, 0.5, 7.5], "rotation": 270, "texture": "#3"}
			}
		},
		{
			"from": [0.25, 1, 7.75],
			"to": [7.75, 5, 8.25],
			"rotation": {"angle": 0, "axis": "y", "origin": [-0.25, 8, 13.75]},
			"faces": {
				"north": {"uv": [0, 0, 7.5, 4], "texture": "#3"},
				"east": {"uv": [0, 0, 0.5, 4], "texture": "#3"},
				"south": {"uv": [0, 0, 7.5, 4], "texture": "#3"},
				"west": {"uv": [0, 0, 0.5, 4], "texture": "#3"},
				"up": {"uv": [0, 0, 0.5, 7.5], "rotation": 90, "texture": "#3"},
				"down": {"uv": [0, 0, 0.5, 7.5], "rotation": 270, "texture": "#3"}
			}
		},
		{
			"from": [7.5, 1, 7.5],
			"to": [8.5, 26, 8.5],
			"rotation": {"angle": 0, "axis": "y", "origin": [15.5, -8, 15.5]},
			"faces": {
				"north": {"uv": [0, 0, 1, 16], "texture": "#2"},
				"east": {"uv": [0, 0, 1, 16], "texture": "#2"},
				"south": {"uv": [0, 0, 1, 16], "texture": "#2"},
				"west": {"uv": [0, 0, 1, 16], "texture": "#2"},
				"up": {"uv": [0, 0, 1, 1], "texture": "#2"},
				"down": {"uv": [0, 0, 1, 1], "texture": "#2"}
			}
		},
		{
			"from": [7.875, 26, 7.875],
			"to": [8.125, 32, 8.125],
			"rotation": {"angle": 0, "axis": "y", "origin": [15.875, 39, 15.875]},
			"faces": {
				"north": {"uv": [0, 0, 0.25, 6], "texture": "#1"},
				"east": {"uv": [0, 0, 0.25, 6], "texture": "#1"},
				"south": {"uv": [0, 0, 0.25, 6], "texture": "#1"},
				"west": {"uv": [0, 0, 0.25, 6], "texture": "#1"},
				"up": {"uv": [0, 0, 0.25, 0.25], "texture": "#1"},
				"down": {"uv": [0, 0, 0.25, 0.25], "texture": "#1"}
			}
		},
		{
			"from": [5.875, 20, 7.875],
			"to": [6.125, 26, 8.125],
			"rotation": {"angle": 0, "axis": "y", "origin": [13.875, 33, 15.875]},
			"faces": {
				"north": {"uv": [0, 0, 0.25, 6], "texture": "#0"},
				"east": {"uv": [0, 0, 0.25, 6], "texture": "#0"},
				"south": {"uv": [0, 0, 0.25, 6], "texture": "#0"},
				"west": {"uv": [0, 0, 0.25, 6], "texture": "#0"},
				"up": {"uv": [0, 0, 0.25, 0.25], "texture": "#0"},
				"down": {"uv": [0, 0, 0.25, 0.25], "texture": "#0"}
			}
		},
		{
			"from": [5.875, 12, 7.875],
			"to": [6.125, 18, 8.125],
			"rotation": {"angle": 0, "axis": "y", "origin": [13.875, 25, 15.875]},
			"faces": {
				"north": {"uv": [0, 0, 0.25, 6], "texture": "#0"},
				"east": {"uv": [0, 0, 0.25, 6], "texture": "#0"},
				"south": {"uv": [0, 0, 0.25, 6], "texture": "#0"},
				"west": {"uv": [0, 0, 0.25, 6], "texture": "#0"},
				"up": {"uv": [0, 0, 0.25, 0.25], "texture": "#0"},
				"down": {"uv": [0, 0, 0.25, 0.25], "texture": "#0"}
			}
		},
		{
			"from": [5.875, 6, 7.875],
			"to": [6.125, 12, 8.125],
			"rotation": {"angle": 0, "axis": "y", "origin": [13.875, 19, 15.875]},
			"faces": {
				"north": {"uv": [0, 0, 0.25, 6], "texture": "#0"},
				"east": {"uv": [0, 0, 0.25, 6], "texture": "#0"},
				"south": {"uv": [0, 0, 0.25, 6], "texture": "#0"},
				"west": {"uv": [0, 0, 0.25, 6], "texture": "#0"},
				"up": {"uv": [0, 0, 0.25, 0.25], "texture": "#0"},
				"down": {"uv": [0, 0, 0.25, 0.25], "texture": "#0"}
			}
		},
		{
			"from": [5.875, 0.75, 7.875],
			"to": [6.125, 6, 8.125],
			"rotation": {"angle": 0, "axis": "y", "origin": [13.875, 13, 15.875]},
			"faces": {
				"north": {"uv": [0, 0, 0.25, 6], "texture": "#0"},
				"east": {"uv": [0, 0, 0.25, 6], "texture": "#0"},
				"south": {"uv": [0, 0, 0.25, 6], "texture": "#0"},
				"west": {"uv": [0, 0, 0.25, 6], "texture": "#0"},
				"up": {"uv": [0, 0, 0.25, 0.25], "texture": "#0"},
				"down": {"uv": [0, 0, 0.25, 0.25], "texture": "#0"}
			}
		},
		{
			"from": [6.125, 25.75, 7.875],
			"to": [7.375, 26, 8.125],
			"rotation": {"angle": 0, "axis": "y", "origin": [14.125, 33, 15.875]},
			"faces": {
				"north": {"uv": [0, 0, 1.25, 0.25], "texture": "#0"},
				"east": {"uv": [0, 0, 0.25, 0.25], "texture": "#0"},
				"south": {"uv": [0, 0, 1.25, 0.25], "texture": "#0"},
				"west": {"uv": [0, 0, 0.25, 0.25], "texture": "#0"},
				"up": {"uv": [0, 0, 1.25, 0.25], "texture": "#0"},
				"down": {"uv": [0, 0, 1.25, 0.25], "texture": "#0"}
			}
		},
		{
			"from": [6.125, 24.75, 7.875],
			"to": [7.375, 25, 8.125],
			"rotation": {"angle": 0, "axis": "y", "origin": [14.125, 32, 15.875]},
			"faces": {
				"north": {"uv": [0, 0, 1.25, 0.25], "texture": "#0"},
				"east": {"uv": [0, 0, 0.25, 0.25], "texture": "#0"},
				"south": {"uv": [0, 0, 1.25, 0.25], "texture": "#0"},
				"west": {"uv": [0, 0, 0.25, 0.25], "texture": "#0"},
				"up": {"uv": [0, 0, 1.25, 0.25], "texture": "#0"},
				"down": {"uv": [0, 0, 1.25, 0.25], "texture": "#0"}
			}
		},
		{
			"from": [6.125, 23.75, 7.875],
			"to": [7.375, 24, 8.125],
			"rotation": {"angle": 0, "axis": "y", "origin": [14.125, 31, 15.875]},
			"faces": {
				"north": {"uv": [0, 0, 1.25, 0.25], "texture": "#0"},
				"east": {"uv": [0, 0, 0.25, 0.25], "texture": "#0"},
				"south": {"uv": [0, 0, 1.25, 0.25], "texture": "#0"},
				"west": {"uv": [0, 0, 0.25, 0.25], "texture": "#0"},
				"up": {"uv": [0, 0, 1.25, 0.25], "texture": "#0"},
				"down": {"uv": [0, 0, 1.25, 0.25], "texture": "#0"}
			}
		},
		{
			"from": [6.125, 22.75, 7.875],
			"to": [7.375, 23, 8.125],
			"rotation": {"angle": 0, "axis": "y", "origin": [14.125, 30, 15.875]},
			"faces": {
				"north": {"uv": [0, 0, 1.25, 0.25], "texture": "#0"},
				"east": {"uv": [0, 0, 0.25, 0.25], "texture": "#0"},
				"south": {"uv": [0, 0, 1.25, 0.25], "texture": "#0"},
				"west": {"uv": [0, 0, 0.25, 0.25], "texture": "#0"},
				"up": {"uv": [0, 0, 1.25, 0.25], "texture": "#0"},
				"down": {"uv": [0, 0, 1.25, 0.25], "texture": "#0"}
			}
		},
		{
			"from": [6.125, 21.75, 7.875],
			"to": [7.375, 22, 8.125],
			"rotation": {"angle": 0, "axis": "y", "origin": [14.125, 29, 15.875]},
			"faces": {
				"north": {"uv": [0, 0, 1.25, 0.25], "texture": "#0"},
				"east": {"uv": [0, 0, 0.25, 0.25], "texture": "#0"},
				"south": {"uv": [0, 0, 1.25, 0.25], "texture": "#0"},
				"west": {"uv": [0, 0, 0.25, 0.25], "texture": "#0"},
				"up": {"uv": [0, 0, 1.25, 0.25], "texture": "#0"},
				"down": {"uv": [0, 0, 1.25, 0.25], "texture": "#0"}
			}
		},
		{
			"from": [6.125, 20.75, 7.875],
			"to": [7.375, 21, 8.125],
			"rotation": {"angle": 0, "axis": "y", "origin": [14.125, 28, 15.875]},
			"faces": {
				"north": {"uv": [0, 0, 1.25, 0.25], "texture": "#0"},
				"east": {"uv": [0, 0, 0.25, 0.25], "texture": "#0"},
				"south": {"uv": [0, 0, 1.25, 0.25], "texture": "#0"},
				"west": {"uv": [0, 0, 0.25, 0.25], "texture": "#0"},
				"up": {"uv": [0, 0, 1.25, 0.25], "texture": "#0"},
				"down": {"uv": [0, 0, 1.25, 0.25], "texture": "#0"}
			}
		},
		{
			"from": [8.625, 25.75, 7.875],
			"to": [9.875, 26, 8.125],
			"rotation": {"angle": 0, "axis": "y", "origin": [16.625, 33, 15.875]},
			"faces": {
				"north": {"uv": [0, 0, 1.25, 0.25], "texture": "#0"},
				"east": {"uv": [0, 0, 0.25, 0.25], "texture": "#0"},
				"south": {"uv": [0, 0, 1.25, 0.25], "texture": "#0"},
				"west": {"uv": [0, 0, 0.25, 0.25], "texture": "#0"},
				"up": {"uv": [0, 0, 1.25, 0.25], "texture": "#0"},
				"down": {"uv": [0, 0, 1.25, 0.25], "texture": "#0"}
			}
		},
		{
			"from": [8.625, 24.75, 7.875],
			"to": [9.875, 25, 8.125],
			"rotation": {"angle": 0, "axis": "y", "origin": [16.625, 32, 15.875]},
			"faces": {
				"north": {"uv": [0, 0, 1.25, 0.25], "texture": "#0"},
				"east": {"uv": [0, 0, 0.25, 0.25], "texture": "#0"},
				"south": {"uv": [0, 0, 1.25, 0.25], "texture": "#0"},
				"west": {"uv": [0, 0, 0.25, 0.25], "texture": "#0"},
				"up": {"uv": [0, 0, 1.25, 0.25], "texture": "#0"},
				"down": {"uv": [0, 0, 1.25, 0.25], "texture": "#0"}
			}
		},
		{
			"from": [8.625, 23.75, 7.875],
			"to": [9.875, 24, 8.125],
			"rotation": {"angle": 0, "axis": "y", "origin": [16.625, 31, 15.875]},
			"faces": {
				"north": {"uv": [0, 0, 1.25, 0.25], "texture": "#0"},
				"east": {"uv": [0, 0, 0.25, 0.25], "texture": "#0"},
				"south": {"uv": [0, 0, 1.25, 0.25], "texture": "#0"},
				"west": {"uv": [0, 0, 0.25, 0.25], "texture": "#0"},
				"up": {"uv": [0, 0, 1.25, 0.25], "texture": "#0"},
				"down": {"uv": [0, 0, 1.25, 0.25], "texture": "#0"}
			}
		},
		{
			"from": [8.625, 22.75, 7.875],
			"to": [9.875, 23, 8.125],
			"rotation": {"angle": 0, "axis": "y", "origin": [16.625, 30, 15.875]},
			"faces": {
				"north": {"uv": [0, 0, 1.25, 0.25], "texture": "#0"},
				"east": {"uv": [0, 0, 0.25, 0.25], "texture": "#0"},
				"south": {"uv": [0, 0, 1.25, 0.25], "texture": "#0"},
				"west": {"uv": [0, 0, 0.25, 0.25], "texture": "#0"},
				"up": {"uv": [0, 0, 1.25, 0.25], "texture": "#0"},
				"down": {"uv": [0, 0, 1.25, 0.25], "texture": "#0"}
			}
		},
		{
			"from": [8.625, 21.75, 7.875],
			"to": [9.875, 22, 8.125],
			"rotation": {"angle": 0, "axis": "y", "origin": [16.625, 29, 15.875]},
			"faces": {
				"north": {"uv": [0, 0, 1.25, 0.25], "texture": "#0"},
				"east": {"uv": [0, 0, 0.25, 0.25], "texture": "#0"},
				"south": {"uv": [0, 0, 1.25, 0.25], "texture": "#0"},
				"west": {"uv": [0, 0, 0.25, 0.25], "texture": "#0"},
				"up": {"uv": [0, 0, 1.25, 0.25], "texture": "#0"},
				"down": {"uv": [0, 0, 1.25, 0.25], "texture": "#0"}
			}
		},
		{
			"from": [8.625, 20.75, 7.875],
			"to": [9.875, 21, 8.125],
			"rotation": {"angle": 0, "axis": "y", "origin": [16.625, 28, 15.875]},
			"faces": {
				"north": {"uv": [0, 0, 1.25, 0.25], "texture": "#0"},
				"east": {"uv": [0, 0, 0.25, 0.25], "texture": "#0"},
				"south": {"uv": [0, 0, 1.25, 0.25], "texture": "#0"},
				"west": {"uv": [0, 0, 0.25, 0.25], "texture": "#0"},
				"up": {"uv": [0, 0, 1.25, 0.25], "texture": "#0"},
				"down": {"uv": [0, 0, 1.25, 0.25], "texture": "#0"}
			}
		},
		{
			"from": [7.875, 25.75, 6.125],
			"to": [8.125, 26, 7.375],
			"rotation": {"angle": 0, "axis": "y", "origin": [15.625, 33, 14.125]},
			"faces": {
				"north": {"uv": [0, 0, 0.25, 0.25], "texture": "#0"},
				"east": {"uv": [0, 0, 1.25, 0.25], "texture": "#0"},
				"south": {"uv": [0, 0, 0.25, 0.25], "texture": "#0"},
				"west": {"uv": [0, 0, 1.25, 0.25], "texture": "#0"},
				"up": {"uv": [0, 0, 0.25, 1.25], "texture": "#0"},
				"down": {"uv": [0, 0, 0.25, 1.25], "texture": "#0"}
			}
		},
		{
			"from": [7.875, 24.75, 6.125],
			"to": [8.125, 25, 7.375],
			"rotation": {"angle": 0, "axis": "y", "origin": [15.625, 32, 14.125]},
			"faces": {
				"north": {"uv": [0, 0, 0.25, 0.25], "texture": "#0"},
				"east": {"uv": [0, 0, 1.25, 0.25], "texture": "#0"},
				"south": {"uv": [0, 0, 0.25, 0.25], "texture": "#0"},
				"west": {"uv": [0, 0, 1.25, 0.25], "texture": "#0"},
				"up": {"uv": [0, 0, 0.25, 1.25], "texture": "#0"},
				"down": {"uv": [0, 0, 0.25, 1.25], "texture": "#0"}
			}
		},
		{
			"from": [7.875, 23.75, 6.125],
			"to": [8.125, 24, 7.375],
			"rotation": {"angle": 0, "axis": "y", "origin": [15.625, 31, 14.125]},
			"faces": {
				"north": {"uv": [0, 0, 0.25, 0.25], "texture": "#0"},
				"east": {"uv": [0, 0, 1.25, 0.25], "texture": "#0"},
				"south": {"uv": [0, 0, 0.25, 0.25], "texture": "#0"},
				"west": {"uv": [0, 0, 1.25, 0.25], "texture": "#0"},
				"up": {"uv": [0, 0, 0.25, 1.25], "texture": "#0"},
				"down": {"uv": [0, 0, 0.25, 1.25], "texture": "#0"}
			}
		},
		{
			"from": [7.875, 22.75, 6.125],
			"to": [8.125, 23, 7.375],
			"rotation": {"angle": 0, "axis": "y", "origin": [15.625, 30, 14.125]},
			"faces": {
				"north": {"uv": [0, 0, 0.25, 0.25], "texture": "#0"},
				"east": {"uv": [0, 0, 1.25, 0.25], "texture": "#0"},
				"south": {"uv": [0, 0, 0.25, 0.25], "texture": "#0"},
				"west": {"uv": [0, 0, 1.25, 0.25], "texture": "#0"},
				"up": {"uv": [0, 0, 0.25, 1.25], "texture": "#0"},
				"down": {"uv": [0, 0, 0.25, 1.25], "texture": "#0"}
			}
		},
		{
			"from": [7.875, 21.75, 6.125],
			"to": [8.125, 22, 7.375],
			"rotation": {"angle": 0, "axis": "y", "origin": [15.625, 29, 14.125]},
			"faces": {
				"north": {"uv": [0, 0, 0.25, 0.25], "texture": "#0"},
				"east": {"uv": [0, 0, 1.25, 0.25], "texture": "#0"},
				"south": {"uv": [0, 0, 0.25, 0.25], "texture": "#0"},
				"west": {"uv": [0, 0, 1.25, 0.25], "texture": "#0"},
				"up": {"uv": [0, 0, 0.25, 1.25], "texture": "#0"},
				"down": {"uv": [0, 0, 0.25, 1.25], "texture": "#0"}
			}
		},
		{
			"from": [7.875, 20.75, 6.125],
			"to": [8.125, 21, 7.375],
			"rotation": {"angle": 0, "axis": "y", "origin": [15.625, 28, 14.125]},
			"faces": {
				"north": {"uv": [0, 0, 0.25, 0.25], "texture": "#0"},
				"east": {"uv": [0, 0, 1.25, 0.25], "texture": "#0"},
				"south": {"uv": [0, 0, 0.25, 0.25], "texture": "#0"},
				"west": {"uv": [0, 0, 1.25, 0.25], "texture": "#0"},
				"up": {"uv": [0, 0, 0.25, 1.25], "texture": "#0"},
				"down": {"uv": [0, 0, 0.25, 1.25], "texture": "#0"}
			}
		},
		{
			"from": [7.875, 25.75, 8.625],
			"to": [8.125, 26, 9.875],
			"rotation": {"angle": 0, "axis": "y", "origin": [15.625, 33, 16.625]},
			"faces": {
				"north": {"uv": [0, 0, 0.25, 0.25], "texture": "#0"},
				"east": {"uv": [0, 0, 1.25, 0.25], "texture": "#0"},
				"south": {"uv": [0, 0, 0.25, 0.25], "texture": "#0"},
				"west": {"uv": [0, 0, 1.25, 0.25], "texture": "#0"},
				"up": {"uv": [0, 0, 0.25, 1.25], "texture": "#0"},
				"down": {"uv": [0, 0, 0.25, 1.25], "texture": "#0"}
			}
		},
		{
			"from": [7.875, 24.75, 8.625],
			"to": [8.125, 25, 9.875],
			"rotation": {"angle": 0, "axis": "y", "origin": [15.625, 32, 16.625]},
			"faces": {
				"north": {"uv": [0, 0, 0.25, 0.25], "texture": "#0"},
				"east": {"uv": [0, 0, 1.25, 0.25], "texture": "#0"},
				"south": {"uv": [0, 0, 0.25, 0.25], "texture": "#0"},
				"west": {"uv": [0, 0, 1.25, 0.25], "texture": "#0"},
				"up": {"uv": [0, 0, 0.25, 1.25], "texture": "#0"},
				"down": {"uv": [0, 0, 0.25, 1.25], "texture": "#0"}
			}
		},
		{
			"from": [7.875, 23.75, 8.625],
			"to": [8.125, 24, 9.875],
			"rotation": {"angle": 0, "axis": "y", "origin": [15.625, 31, 16.625]},
			"faces": {
				"north": {"uv": [0, 0, 0.25, 0.25], "texture": "#0"},
				"east": {"uv": [0, 0, 1.25, 0.25], "texture": "#0"},
				"south": {"uv": [0, 0, 0.25, 0.25], "texture": "#0"},
				"west": {"uv": [0, 0, 1.25, 0.25], "texture": "#0"},
				"up": {"uv": [0, 0, 0.25, 1.25], "texture": "#0"},
				"down": {"uv": [0, 0, 0.25, 1.25], "texture": "#0"}
			}
		},
		{
			"from": [7.875, 22.75, 8.625],
			"to": [8.125, 23, 9.875],
			"rotation": {"angle": 0, "axis": "y", "origin": [15.625, 30, 16.625]},
			"faces": {
				"north": {"uv": [0, 0, 0.25, 0.25], "texture": "#0"},
				"east": {"uv": [0, 0, 1.25, 0.25], "texture": "#0"},
				"south": {"uv": [0, 0, 0.25, 0.25], "texture": "#0"},
				"west": {"uv": [0, 0, 1.25, 0.25], "texture": "#0"},
				"up": {"uv": [0, 0, 0.25, 1.25], "texture": "#0"},
				"down": {"uv": [0, 0, 0.25, 1.25], "texture": "#0"}
			}
		},
		{
			"from": [7.875, 21.75, 8.625],
			"to": [8.125, 22, 9.875],
			"rotation": {"angle": 0, "axis": "y", "origin": [15.625, 29, 16.625]},
			"faces": {
				"north": {"uv": [0, 0, 0.25, 0.25], "texture": "#0"},
				"east": {"uv": [0, 0, 1.25, 0.25], "texture": "#0"},
				"south": {"uv": [0, 0, 0.25, 0.25], "texture": "#0"},
				"west": {"uv": [0, 0, 1.25, 0.25], "texture": "#0"},
				"up": {"uv": [0, 0, 0.25, 1.25], "texture": "#0"},
				"down": {"uv": [0, 0, 0.25, 1.25], "texture": "#0"}
			}
		},
		{
			"from": [7.875, 20.75, 8.625],
			"to": [8.125, 21, 9.875],
			"rotation": {"angle": 0, "axis": "y", "origin": [15.625, 28, 16.625]},
			"faces": {
				"north": {"uv": [0, 0, 0.25, 0.25], "texture": "#0"},
				"east": {"uv": [0, 0, 1.25, 0.25], "texture": "#0"},
				"south": {"uv": [0, 0, 0.25, 0.25], "texture": "#0"},
				"west": {"uv": [0, 0, 1.25, 0.25], "texture": "#0"},
				"up": {"uv": [0, 0, 0.25, 1.25], "texture": "#0"},
				"down": {"uv": [0, 0, 0.25, 1.25], "texture": "#0"}
			}
		},
		{
			"from": [9.875, 20, 7.875],
			"to": [10.125, 26, 8.125],
			"rotation": {"angle": 0, "axis": "y", "origin": [17.875, 33, 15.875]},
			"faces": {
				"north": {"uv": [0, 0, 0.25, 6], "texture": "#0"},
				"east": {"uv": [0, 0, 0.25, 6], "texture": "#0"},
				"south": {"uv": [0, 0, 0.25, 6], "texture": "#0"},
				"west": {"uv": [0, 0, 0.25, 6], "texture": "#0"},
				"up": {"uv": [0, 0, 0.25, 0.25], "texture": "#0"},
				"down": {"uv": [0, 0, 0.25, 0.25], "texture": "#0"}
			}
		},
		{
			"from": [9.875, 12, 7.875],
			"to": [10.125, 18, 8.125],
			"rotation": {"angle": 0, "axis": "y", "origin": [17.875, 25, 15.875]},
			"faces": {
				"north": {"uv": [0, 0, 0.25, 6], "texture": "#0"},
				"east": {"uv": [0, 0, 0.25, 6], "texture": "#0"},
				"south": {"uv": [0, 0, 0.25, 6], "texture": "#0"},
				"west": {"uv": [0, 0, 0.25, 6], "texture": "#0"},
				"up": {"uv": [0, 0, 0.25, 0.25], "texture": "#0"},
				"down": {"uv": [0, 0, 0.25, 0.25], "texture": "#0"}
			}
		},
		{
			"from": [9.875, 6, 7.875],
			"to": [10.125, 12, 8.125],
			"rotation": {"angle": 0, "axis": "y", "origin": [17.875, 19, 15.875]},
			"faces": {
				"north": {"uv": [0, 0, 0.25, 6], "texture": "#0"},
				"east": {"uv": [0, 0, 0.25, 6], "texture": "#0"},
				"south": {"uv": [0, 0, 0.25, 6], "texture": "#0"},
				"west": {"uv": [0, 0, 0.25, 6], "texture": "#0"},
				"up": {"uv": [0, 0, 0.25, 0.25], "texture": "#0"},
				"down": {"uv": [0, 0, 0.25, 0.25], "texture": "#0"}
			}
		},
		{
			"from": [9.875, 0.75, 7.875],
			"to": [10.125, 6, 8.125],
			"rotation": {"angle": 0, "axis": "y", "origin": [17.875, 13, 15.875]},
			"faces": {
				"north": {"uv": [0, 0, 0.25, 6], "texture": "#0"},
				"east": {"uv": [0, 0, 0.25, 6], "texture": "#0"},
				"south": {"uv": [0, 0, 0.25, 6], "texture": "#0"},
				"west": {"uv": [0, 0, 0.25, 6], "texture": "#0"},
				"up": {"uv": [0, 0, 0.25, 0.25], "texture": "#0"},
				"down": {"uv": [0, 0, 0.25, 0.25], "texture": "#0"}
			}
		},
		{
			"from": [7.875, 20, 9.875],
			"to": [8.125, 26, 10.125],
			"rotation": {"angle": 0, "axis": "y", "origin": [15.875, 33, 17.875]},
			"faces": {
				"north": {"uv": [0, 0, 0.25, 6], "texture": "#0"},
				"east": {"uv": [0, 0, 0.25, 6], "texture": "#0"},
				"south": {"uv": [0, 0, 0.25, 6], "texture": "#0"},
				"west": {"uv": [0, 0, 0.25, 6], "texture": "#0"},
				"up": {"uv": [0, 0, 0.25, 0.25], "texture": "#0"},
				"down": {"uv": [0, 0, 0.25, 0.25], "texture": "#0"}
			}
		},
		{
			"from": [7.875, 12, 9.875],
			"to": [8.125, 18, 10.125],
			"rotation": {"angle": 0, "axis": "y", "origin": [15.875, 25, 17.875]},
			"faces": {
				"north": {"uv": [0, 0, 0.25, 6], "texture": "#0"},
				"east": {"uv": [0, 0, 0.25, 6], "texture": "#0"},
				"south": {"uv": [0, 0, 0.25, 6], "texture": "#0"},
				"west": {"uv": [0, 0, 0.25, 6], "texture": "#0"},
				"up": {"uv": [0, 0, 0.25, 0.25], "texture": "#0"},
				"down": {"uv": [0, 0, 0.25, 0.25], "texture": "#0"}
			}
		},
		{
			"from": [7.875, 6, 9.875],
			"to": [8.125, 12, 10.125],
			"rotation": {"angle": 0, "axis": "y", "origin": [15.875, 19, 17.875]},
			"faces": {
				"north": {"uv": [0, 0, 0.25, 6], "texture": "#0"},
				"east": {"uv": [0, 0, 0.25, 6], "texture": "#0"},
				"south": {"uv": [0, 0, 0.25, 6], "texture": "#0"},
				"west": {"uv": [0, 0, 0.25, 6], "texture": "#0"},
				"up": {"uv": [0, 0, 0.25, 0.25], "texture": "#0"},
				"down": {"uv": [0, 0, 0.25, 0.25], "texture": "#0"}
			}
		},
		{
			"from": [7.875, 0.75, 9.875],
			"to": [8.125, 6, 10.125],
			"rotation": {"angle": 0, "axis": "y", "origin": [15.875, 13, 17.875]},
			"faces": {
				"north": {"uv": [0, 0, 0.25, 6], "texture": "#0"},
				"east": {"uv": [0, 0, 0.25, 6], "texture": "#0"},
				"south": {"uv": [0, 0, 0.25, 6], "texture": "#0"},
				"west": {"uv": [0, 0, 0.25, 6], "texture": "#0"},
				"up": {"uv": [0, 0, 0.25, 0.25], "texture": "#0"},
				"down": {"uv": [0, 0, 0.25, 0.25], "texture": "#0"}
			}
		},
		{
			"from": [7.875, 20, 5.875],
			"to": [8.125, 26, 6.125],
			"rotation": {"angle": 0, "axis": "y", "origin": [15.875, 33, 13.875]},
			"faces": {
				"north": {"uv": [0, 0, 0.25, 6], "texture": "#0"},
				"east": {"uv": [0, 0, 0.25, 6], "texture": "#0"},
				"south": {"uv": [0, 0, 0.25, 6], "texture": "#0"},
				"west": {"uv": [0, 0, 0.25, 6], "texture": "#0"},
				"up": {"uv": [0, 0, 0.25, 0.25], "texture": "#0"},
				"down": {"uv": [0, 0, 0.25, 0.25], "texture": "#0"}
			}
		},
		{
			"from": [7.875, 12, 5.875],
			"to": [8.125, 18, 6.125],
			"rotation": {"angle": 0, "axis": "y", "origin": [15.875, 25, 13.875]},
			"faces": {
				"north": {"uv": [0, 0, 0.25, 6], "texture": "#0"},
				"east": {"uv": [0, 0, 0.25, 6], "texture": "#0"},
				"south": {"uv": [0, 0, 0.25, 6], "texture": "#0"},
				"west": {"uv": [0, 0, 0.25, 6], "texture": "#0"},
				"up": {"uv": [0, 0, 0.25, 0.25], "texture": "#0"},
				"down": {"uv": [0, 0, 0.25, 0.25], "texture": "#0"}
			}
		},
		{
			"from": [7.875, 6, 5.875],
			"to": [8.125, 12, 6.125],
			"rotation": {"angle": 0, "axis": "y", "origin": [15.875, 19, 13.875]},
			"faces": {
				"north": {"uv": [0, 0, 0.25, 6], "texture": "#0"},
				"east": {"uv": [0, 0, 0.25, 6], "texture": "#0"},
				"south": {"uv": [0, 0, 0.25, 6], "texture": "#0"},
				"west": {"uv": [0, 0, 0.25, 6], "texture": "#0"},
				"up": {"uv": [0, 0, 0.25, 0.25], "texture": "#0"},
				"down": {"uv": [0, 0, 0.25, 0.25], "texture": "#0"}
			}
		},
		{
			"from": [7.875, 0.75, 5.875],
			"to": [8.125, 6, 6.125],
			"rotation": {"angle": 0, "axis": "y", "origin": [15.875, 13, 13.875]},
			"faces": {
				"north": {"uv": [0, 0, 0.25, 6], "texture": "#0"},
				"east": {"uv": [0, 0, 0.25, 6], "texture": "#0"},
				"south": {"uv": [0, 0, 0.25, 6], "texture": "#0"},
				"west": {"uv": [0, 0, 0.25, 6], "texture": "#0"},
				"up": {"uv": [0, 0, 0.25, 0.25], "texture": "#0"},
				"down": {"uv": [0, 0, 0.25, 0.25], "texture": "#0"}
			}
		},
		{
			"from": [8.5, 18, 7.5],
			"to": [14.5, 19, 8.5],
			"rotation": {"angle": 0, "axis": "y", "origin": [16.5, 26, 15.5]},
			"faces": {
				"north": {"uv": [0, 0, 6, 1], "texture": "#1"},
				"east": {"uv": [0, 0, 1, 1], "texture": "#1"},
				"south": {"uv": [0, 0, 6, 1], "texture": "#1"},
				"west": {"uv": [0, 0, 1, 1], "texture": "#1"},
				"up": {"uv": [0, 0, 6, 1], "texture": "#1"},
				"down": {"uv": [0, 0, 6, 1], "texture": "#1"}
			}
		},
		{
			"from": [1.5, 18, 7.5],
			"to": [7.5, 19, 8.5],
			"rotation": {"angle": 0, "axis": "y", "origin": [14.5, 26, 15.5]},
			"faces": {
				"north": {"uv": [0, 0, 6, 1], "texture": "#1"},
				"east": {"uv": [0, 0, 1, 1], "texture": "#1"},
				"south": {"uv": [0, 0, 6, 1], "texture": "#1"},
				"west": {"uv": [0, 0, 1, 1], "texture": "#1"},
				"up": {"uv": [0, 0, 6, 1], "texture": "#1"},
				"down": {"uv": [0, 0, 6, 1], "texture": "#1"}
			}
		},
		{
			"from": [1.5, 0.25, 7.5],
			"to": [2.5, 18, 8.5],
			"rotation": {"angle": 0, "axis": "y", "origin": [14.5, 25, 15.5]},
			"faces": {
				"north": {"uv": [0, 0, 1, 16], "texture": "#1"},
				"east": {"uv": [0, 0, 1, 16], "texture": "#1"},
				"south": {"uv": [0, 0, 1, 16], "texture": "#1"},
				"west": {"uv": [0, 0, 1, 16], "texture": "#1"},
				"up": {"uv": [0, 0, 1, 1], "texture": "#1"},
				"down": {"uv": [0, 0, 1, 1], "texture": "#1"}
			}
		},
		{
			"from": [13.5, 0.25, 7.5],
			"to": [14.5, 18, 8.5],
			"rotation": {"angle": 0, "axis": "y", "origin": [26.5, 25, 15.5]},
			"faces": {
				"north": {"uv": [0, 0, 1, 16], "texture": "#1"},
				"east": {"uv": [0, 0, 1, 16], "texture": "#1"},
				"south": {"uv": [0, 0, 1, 16], "texture": "#1"},
				"west": {"uv": [0, 0, 1, 16], "texture": "#1"},
				"up": {"uv": [0, 0, 1, 1], "texture": "#1"},
				"down": {"uv": [0, 0, 1, 1], "texture": "#1"}
			}
		},
		{
			"from": [7.5, 0.25, 1.5],
			"to": [8.5, 18, 2.5],
			"rotation": {"angle": 0, "axis": "y", "origin": [20.5, 25, 9.5]},
			"faces": {
				"north": {"uv": [0, 0, 1, 16], "texture": "#1"},
				"east": {"uv": [0, 0, 1, 16], "texture": "#1"},
				"south": {"uv": [0, 0, 1, 16], "texture": "#1"},
				"west": {"uv": [0, 0, 1, 16], "texture": "#1"},
				"up": {"uv": [0, 0, 1, 1], "texture": "#1"},
				"down": {"uv": [0, 0, 1, 1], "texture": "#1"}
			}
		},
		{
			"from": [7.5, 0.25, 13.5],
			"to": [8.5, 18, 14.5],
			"rotation": {"angle": 0, "axis": "y", "origin": [20.5, 25, 21.5]},
			"faces": {
				"north": {"uv": [0, 0, 1, 16], "texture": "#1"},
				"east": {"uv": [0, 0, 1, 16], "texture": "#1"},
				"south": {"uv": [0, 0, 1, 16], "texture": "#1"},
				"west": {"uv": [0, 0, 1, 16], "texture": "#1"},
				"up": {"uv": [0, 0, 1, 1], "texture": "#1"},
				"down": {"uv": [0, 0, 1, 1], "texture": "#1"}
			}
		},
		{
			"from": [7.5, 18, 1.5],
			"to": [8.5, 19, 7.5],
			"rotation": {"angle": 0, "axis": "y", "origin": [15.5, 26, 14.5]},
			"faces": {
				"north": {"uv": [0, 0, 1, 1], "texture": "#1"},
				"east": {"uv": [0, 0, 6, 1], "texture": "#1"},
				"south": {"uv": [0, 0, 1, 1], "texture": "#1"},
				"west": {"uv": [0, 0, 6, 1], "texture": "#1"},
				"up": {"uv": [0, 0, 1, 6], "texture": "#1"},
				"down": {"uv": [0, 0, 1, 6], "texture": "#1"}
			}
		},
		{
			"from": [7.5, 18, 8.5],
			"to": [8.5, 19, 14.5],
			"rotation": {"angle": 0, "axis": "y", "origin": [15.5, 26, 17.5]},
			"faces": {
				"north": {"uv": [0, 0, 1, 1], "texture": "#1"},
				"east": {"uv": [0, 0, 6, 1], "texture": "#1"},
				"south": {"uv": [0, 0, 1, 1], "texture": "#1"},
				"west": {"uv": [0, 0, 6, 1], "texture": "#1"},
				"up": {"uv": [0, 0, 1, 6], "texture": "#1"},
				"down": {"uv": [0, 0, 1, 6], "texture": "#1"}
			}
		},
		{
			"from": [7.5, 19, 9.5],
			"to": [8.5, 20, 10.5],
			"rotation": {"angle": 0, "axis": "y", "origin": [15.5, 27, 17.5]},
			"faces": {
				"north": {"uv": [0, 0, 1, 1], "texture": "#3"},
				"east": {"uv": [0, 0, 1, 1], "texture": "#3"},
				"south": {"uv": [0, 0, 1, 1], "texture": "#3"},
				"west": {"uv": [0, 0, 1, 1], "texture": "#3"},
				"up": {"uv": [0, 0, 1, 1], "texture": "#3"},
				"down": {"uv": [0, 0, 1, 1], "texture": "#3"}
			}
		},
		{
			"from": [7.5, 19, 5.5],
			"to": [8.5, 20, 6.5],
			"rotation": {"angle": 0, "axis": "y", "origin": [15.5, 27, 13.5]},
			"faces": {
				"north": {"uv": [0, 0, 1, 1], "texture": "#3"},
				"east": {"uv": [0, 0, 1, 1], "texture": "#3"},
				"south": {"uv": [0, 0, 1, 1], "texture": "#3"},
				"west": {"uv": [0, 0, 1, 1], "texture": "#3"},
				"up": {"uv": [0, 0, 1, 1], "texture": "#3"},
				"down": {"uv": [0, 0, 1, 1], "texture": "#3"}
			}
		},
		{
			"from": [5.5, 19, 7.5],
			"to": [6.5, 20, 8.5],
			"rotation": {"angle": 0, "axis": "y", "origin": [13.5, 27, 15.5]},
			"faces": {
				"north": {"uv": [0, 0, 1, 1], "texture": "#3"},
				"east": {"uv": [0, 0, 1, 1], "texture": "#3"},
				"south": {"uv": [0, 0, 1, 1], "texture": "#3"},
				"west": {"uv": [0, 0, 1, 1], "texture": "#3"},
				"up": {"uv": [0, 0, 1, 1], "texture": "#3"},
				"down": {"uv": [0, 0, 1, 1], "texture": "#3"}
			}
		},
		{
			"from": [9.5, 19, 7.5],
			"to": [10.5, 20, 8.5],
			"rotation": {"angle": 0, "axis": "y", "origin": [17.5, 27, 15.5]},
			"faces": {
				"north": {"uv": [0, 0, 1, 1], "texture": "#3"},
				"east": {"uv": [0, 0, 1, 1], "texture": "#3"},
				"south": {"uv": [0, 0, 1, 1], "texture": "#3"},
				"west": {"uv": [0, 0, 1, 1], "texture": "#3"},
				"up": {"uv": [0, 0, 1, 1], "texture": "#3"},
				"down": {"uv": [0, 0, 1, 1], "texture": "#3"}
			}
		},
		{
			"from": [0, 0, 0],
			"to": [16, 0.25, 16],
			"faces": {
				"north": {"uv": [0, 0, 16, 0.25], "texture": "#3"},
				"east": {"uv": [0, 0, 16, 0.25], "texture": "#3"},
				"south": {"uv": [0, 0, 16, 0.25], "texture": "#3"},
				"west": {"uv": [0, 0, 16, 0.25], "texture": "#3"},
				"up": {"uv": [0, 0, 16, 16], "texture": "#3"},
				"down": {"uv": [0, 0, 16, 16], "texture": "#3"}
			}
		}
	],
	"display": {
		"thirdperson_righthand": {
			"rotation": [75, 45, 0],
			"translation": [0, 1.25, 0],
			"scale": [0.375, 0.375, 0.375]
		},
		"thirdperson_lefthand": {
			"rotation": [75, 45, 0],
			"translation": [0, 1.25, 0],
			"scale": [0.375, 0.375, 0.375]
		},
		"firstperson_righthand": {
			"rotation": [0, 45, 0],
			"scale": [0.4, 0.4, 0.4]
		},
		"firstperson_lefthand": {
			"rotation": [0, 225, 0],
			"scale": [0.4, 0.4, 0.4]
		},
		"ground": {
			"translation": [0, 3, 0],
			"scale": [0.25, 0.25, 0.25]
		},
		"gui": {
			"rotation": [30, 225, 0],
			"scale": [0.625, 0.625, 0.625]
		},
		"head": {
			"rotation": [0, 180, 0],
			"translation": [0, 13, 7]
		},
		"fixed": {
			"scale": [0.5, 0.5, 0.5]
		}
	}
}