{
		"textures": {
		"2": "block/dark_prismarine",
		"3": "block/dirt"
	},
	"elements": [
		{
			"from": [0, 0, 0],
			"to": [16, 16, 16],
			"faces": {
				"north": {"uv": [0, 0, 16, 16], "texture": "#3"},
				"east": {"uv": [0, 0, 16, 16], "texture": "#3"},
				"south": {"uv": [0, 0, 16, 16], "texture": "#3"},
				"west": {"uv": [0, 0, 16, 16], "texture": "#3"},
				"up": {"uv": [0, 0, 16, 16], "texture": "#3"},
				"down": {"uv": [0, 0, 16, 16], "texture": "#3"}
			}
		},
		{
			"from": [0, 6.5, -1],
			"to": [16, 7.5, 0],
			"rotation": {"angle": 0, "axis": "y", "origin": [8, 14.5, 7]},
			"faces": {
				"north": {"uv": [0, 0, 16, 1], "texture": "#2"},
				"east": {"uv": [0, 0, 1, 1], "texture": "#2"},
				"south": {"uv": [0, 0, 16, 1], "texture": "#2"},
				"west": {"uv": [0, 0, 1, 1], "texture": "#2"},
				"up": {"uv": [0, 0, 16, 1], "texture": "#2"},
				"down": {"uv": [0, 0, 16, 1], "texture": "#2"}
			}
		},
		{
			"from": [0, 8.5, -1],
			"to": [16, 9.5, 0],
			"rotation": {"angle": 0, "axis": "y", "origin": [8, 16.5, 7]},
			"faces": {
				"north": {"uv": [0, 0, 16, 1], "texture": "#2"},
				"east": {"uv": [0, 0, 1, 1], "texture": "#2"},
				"south": {"uv": [0, 0, 16, 1], "texture": "#2"},
				"west": {"uv": [0, 0, 1, 1], "texture": "#2"},
				"up": {"uv": [0, 0, 16, 1], "texture": "#2"},
				"down": {"uv": [0, 0, 16, 1], "texture": "#2"}
			}
		},
		{
			"from": [15, 7.5, -1],
			"to": [16, 8.5, 0],
			"rotation": {"angle": 0, "axis": "y", "origin": [8, 15.5, 7]},
			"faces": {
				"north": {"uv": [0, 0, 1, 1], "texture": "#2"},
				"east": {"uv": [0, 0, 1, 1], "texture": "#2"},
				"south": {"uv": [0, 0, 1, 1], "texture": "#2"},
				"west": {"uv": [0, 0, 1, 1], "texture": "#2"},
				"up": {"uv": [0, 0, 1, 1], "texture": "#2"},
				"down": {"uv": [0, 0, 1, 1], "texture": "#2"}
			}
		},
		{
			"from": [0, 7.5, -1],
			"to": [1, 8.5, 0],
			"rotation": {"angle": 0, "axis": "y", "origin": [-7, 15.5, 7]},
			"faces": {
				"north": {"uv": [0, 0, 1, 1], "texture": "#2"},
				"east": {"uv": [0, 0, 1, 1], "texture": "#2"},
				"south": {"uv": [0, 0, 1, 1], "texture": "#2"},
				"west": {"uv": [0, 0, 1, 1], "texture": "#2"},
				"up": {"uv": [0, 0, 1, 1], "texture": "#2"},
				"down": {"uv": [0, 0, 1, 1], "texture": "#2"}
			}
		},
		{
			"from": [7.5, 15, -1],
			"to": [8.5, 16, 0],
			"rotation": {"angle": 0, "axis": "y", "origin": [0.5, 23, 7]},
			"faces": {
				"north": {"uv": [0, 0, 1, 1], "texture": "#2"},
				"east": {"uv": [0, 0, 1, 1], "texture": "#2"},
				"south": {"uv": [0, 0, 1, 1], "texture": "#2"},
				"west": {"uv": [0, 0, 1, 1], "texture": "#2"},
				"up": {"uv": [0, 0, 1, 1], "texture": "#2"},
				"down": {"uv": [0, 0, 1, 1], "texture": "#2"}
			}
		},
		{
			"from": [7.5, 0, -1],
			"to": [8.5, 1, 0],
			"rotation": {"angle": 0, "axis": "y", "origin": [0.5, 8, 7]},
			"faces": {
				"north": {"uv": [0, 0, 1, 1], "texture": "#2"},
				"east": {"uv": [0, 0, 1, 1], "texture": "#2"},
				"south": {"uv": [0, 0, 1, 1], "texture": "#2"},
				"west": {"uv": [0, 0, 1, 1], "texture": "#2"},
				"up": {"uv": [0, 0, 1, 1], "texture": "#2"},
				"down": {"uv": [0, 0, 1, 1], "texture": "#2"}
			}
		},
		{
			"from": [6.5, 9.5, -1],
			"to": [7.5, 16, 0],
			"rotation": {"angle": 0, "axis": "y", "origin": [14.5, 8, 7]},
			"faces": {
				"north": {"uv": [0, 0, 1, 6.5], "texture": "#2"},
				"east": {"uv": [0, 0, 1, 6.5], "texture": "#2"},
				"south": {"uv": [0, 0, 1, 6.5], "texture": "#2"},
				"west": {"uv": [0, 0, 1, 6.5], "texture": "#2"},
				"up": {"uv": [0, 0, 1, 1], "texture": "#2"},
				"down": {"uv": [0, 0, 1, 1], "texture": "#2"}
			}
		},
		{
			"from": [6.5, 0, -1],
			"to": [7.5, 6.5, 0],
			"rotation": {"angle": 0, "axis": "y", "origin": [14.5, -1.5, 7]},
			"faces": {
				"north": {"uv": [0, 0, 1, 6.5], "texture": "#2"},
				"east": {"uv": [0, 0, 1, 6.5], "texture": "#2"},
				"south": {"uv": [0, 0, 1, 6.5], "texture": "#2"},
				"west": {"uv": [0, 0, 1, 6.5], "texture": "#2"},
				"up": {"uv": [0, 0, 1, 1], "texture": "#2"},
				"down": {"uv": [0, 0, 1, 1], "texture": "#2"}
			}
		},
		{
			"from": [8.5, 9.5, -1],
			"to": [9.5, 16, 0],
			"rotation": {"angle": 0, "axis": "y", "origin": [16.5, 8, 7]},
			"faces": {
				"north": {"uv": [0, 0, 1, 6.5], "texture": "#2"},
				"east": {"uv": [0, 0, 1, 6.5], "texture": "#2"},
				"south": {"uv": [0, 0, 1, 6.5], "texture": "#2"},
				"west": {"uv": [0, 0, 1, 6.5], "texture": "#2"},
				"up": {"uv": [0, 0, 1, 1], "texture": "#2"},
				"down": {"uv": [0, 0, 1, 1], "texture": "#2"}
			}
		},
		{
			"from": [8.5, 0, -1],
			"to": [9.5, 6.5, 0],
			"rotation": {"angle": 0, "axis": "y", "origin": [16.5, -1.5, 7]},
			"faces": {
				"north": {"uv": [0, 0, 1, 6.5], "texture": "#2"},
				"east": {"uv": [0, 0, 1, 6.5], "texture": "#2"},
				"south": {"uv": [0, 0, 1, 6.5], "texture": "#2"},
				"west": {"uv": [0, 0, 1, 6.5], "texture": "#2"},
				"up": {"uv": [0, 0, 1, 1], "texture": "#2"},
				"down": {"uv": [0, 0, 1, 1], "texture": "#2"}
			}
		}
	],
	"display": {
		"thirdperson_righthand": {
			"rotation": [75, 45, 0],
			"translation": [0, 2.5, 0],
			"scale": [0.375, 0.375, 0.375]
		},
		"thirdperson_lefthand": {
			"rotation": [75, 45, 0],
			"translation": [0, 2.5, 0],
			"scale": [0.375, 0.375, 0.375]
		},
		"firstperson_righthand": {
			"rotation": [0, 45, 0],
			"scale": [0.4, 0.4, 0.4]
		},
		"firstperson_lefthand": {
			"rotation": [0, 225, 0],
			"scale": [0.4, 0.4, 0.4]
		},
		"ground": {
			"translation": [0, 3, 0],
			"scale": [0.25, 0.25, 0.25]
		},
		"gui": {
			"rotation": [30, 225, 0],
			"scale": [0.625, 0.625, 0.625]
		},
		"fixed": {
			"scale": [0.5, 0.5, 0.5]
		}
	}
}