{
    "sources": [
        {
            "type": "directory",
            "source": "addons",
            "prefix": "addons/"
        },
        {
            "type": "directory",
            "source": "entity",
            "prefix": "entity/"
        },
        {
            "type": "directory",
            "source": "images",
            "prefix": "images/"
        },
        {
            "type": "directory",
            "source": "painting",
            "prefix": "painting/"
        }
    ]
}