{
		"textures": {
		"0": "block/yellow_concrete",
		"1": "block/white_concrete",
		"2": "block/black_concrete",
		"3": "block/red_concrete",
		"particle": "block/yellow_concrete"
	},
	"elements": [
		{
			"from": [0, 1, 11],
			"to": [16.25, 31, 14],
			"rotation": {"angle": 0, "axis": "y", "origin": [8, 8, 13]},
			"faces": {
				"north": {"uv": [0, 0, 16, 16], "texture": "#1"},
				"east": {"uv": [0, 0, 3, 16], "texture": "#1"},
				"south": {"uv": [0, 0, 16, 16], "texture": "#1"},
				"west": {"uv": [0, 0, 3, 16], "texture": "#1"},
				"up": {"uv": [0, 0, 3, 16], "rotation": 90, "texture": "#1"},
				"down": {"uv": [0, 0, 3, 16], "rotation": 270, "texture": "#1"}
			}
		},
		{
			"from": [0, 0, 11],
			"to": [16.25, 1, 14],
			"rotation": {"angle": 0, "axis": "y", "origin": [8, 8, 13]},
			"faces": {
				"north": {"uv": [0, 0, 16, 1], "texture": "#0"},
				"east": {"uv": [0, 0, 3, 1], "texture": "#0"},
				"south": {"uv": [0, 0, 16, 1], "texture": "#0"},
				"west": {"uv": [0, 0, 3, 1], "texture": "#0"},
				"up": {"uv": [0, 0, 3, 16], "rotation": 90, "texture": "#0"},
				"down": {"uv": [0, 0, 3, 16], "rotation": 270, "texture": "#0"}
			}
		},
		{
			"from": [0, 31, 11],
			"to": [16.25, 32, 14],
			"rotation": {"angle": 0, "axis": "y", "origin": [8, 8, 13]},
			"faces": {
				"north": {"uv": [0, 0, 16, 1], "texture": "#0"},
				"east": {"uv": [0, 0, 3, 1], "texture": "#0"},
				"south": {"uv": [0, 0, 16, 1], "texture": "#0"},
				"west": {"uv": [0, 0, 3, 1], "texture": "#0"},
				"up": {"uv": [0, 0, 3, 16], "rotation": 90, "texture": "#0"},
				"down": {"uv": [0, 0, 3, 16], "rotation": 270, "texture": "#0"}
			}
		},
		{
			"from": [0, 29, 10.75],
			"to": [16, 30, 14.25],
			"faces": {
				"north": {"uv": [0, 0, 16, 1], "texture": "#2"},
				"east": {"uv": [0, 0, 3.5, 1], "texture": "#2"},
				"south": {"uv": [0, 0, 16, 1], "texture": "#2"},
				"west": {"uv": [0, 0, 3.5, 1], "texture": "#2"},
				"up": {"uv": [0, 0, 16, 3.5], "texture": "#2"},
				"down": {"uv": [0, 0, 16, 3.5], "texture": "#2"}
			}
		},
		{
			"from": [16.25, 0.25, 12.25],
			"to": [17, 31.75, 12.75],
			"faces": {
				"north": {"uv": [0, 0, 16, 1], "texture": "#2"},
				"east": {"uv": [0, 0, 3.5, 1], "texture": "#2"},
				"south": {"uv": [0, 0, 16, 1], "texture": "#2"},
				"west": {"uv": [0, 0, 3.5, 1], "texture": "#2"},
				"up": {"uv": [0, 0, 16, 3.5], "texture": "#2"},
				"down": {"uv": [0, 0, 16, 3.5], "texture": "#2"}
			}
		},
		{
			"from": [0, 3.25, 10.75],
			"to": [16, 4.25, 14.25],
			"rotation": {"angle": 0, "axis": "y", "origin": [8, -17.75, 8]},
			"faces": {
				"north": {"uv": [0, 0, 16, 1], "texture": "#2"},
				"east": {"uv": [0, 0, 3.5, 1], "texture": "#2"},
				"south": {"uv": [0, 0, 16, 1], "texture": "#2"},
				"west": {"uv": [0, 0, 3.5, 1], "texture": "#2"},
				"up": {"uv": [0, 0, 16, 3.5], "texture": "#2"},
				"down": {"uv": [0, 0, 16, 3.5], "texture": "#2"}
			}
		},
		{
			"from": [0, 27.75, 10.75],
			"to": [16, 28.75, 14.25],
			"faces": {
				"north": {"uv": [0, 0, 16, 1], "texture": "#2"},
				"east": {"uv": [0, 0, 3.5, 1], "texture": "#2"},
				"south": {"uv": [0, 0, 16, 1], "texture": "#2"},
				"west": {"uv": [0, 0, 3.5, 1], "texture": "#2"},
				"up": {"uv": [0, 0, 16, 3.5], "texture": "#2"},
				"down": {"uv": [0, 0, 16, 3.5], "texture": "#2"}
			}
		},
		{
			"from": [0, 2, 10.75],
			"to": [16, 3, 14.25],
			"rotation": {"angle": 0, "axis": "y", "origin": [8, -17.75, 8]},
			"faces": {
				"north": {"uv": [0, 0, 16, 1], "texture": "#2"},
				"east": {"uv": [0, 0, 3.5, 1], "texture": "#2"},
				"south": {"uv": [0, 0, 16, 1], "texture": "#2"},
				"west": {"uv": [0, 0, 3.5, 1], "texture": "#2"},
				"up": {"uv": [0, 0, 16, 3.5], "texture": "#2"},
				"down": {"uv": [0, 0, 16, 3.5], "texture": "#2"}
			}
		},
		{
			"from": [14, 14.25, 10.75],
			"to": [15, 18.25, 14.25],
			"faces": {
				"north": {"uv": [0, 0, 1, 4], "texture": "#3"},
				"east": {"uv": [0, 0, 3.5, 4], "texture": "#3"},
				"south": {"uv": [0, 0, 1, 4], "texture": "#3"},
				"west": {"uv": [0, 0, 3.5, 4], "texture": "#3"},
				"up": {"uv": [0, 0, 1, 3.5], "texture": "#3"},
				"down": {"uv": [0, 0, 1, 3.5], "texture": "#3"}
			}
		},
		{
			"from": [0, 1, 2],
			"to": [16.25, 31, 5],
			"rotation": {"angle": 0, "axis": "y", "origin": [8, 8, 13]},
			"faces": {
				"north": {"uv": [0, 0, 16, 16], "texture": "#1"},
				"east": {"uv": [0, 0, 3, 16], "texture": "#1"},
				"south": {"uv": [0, 0, 16, 16], "texture": "#1"},
				"west": {"uv": [0, 0, 3, 16], "texture": "#1"},
				"up": {"uv": [0, 0, 3, 16], "rotation": 90, "texture": "#1"},
				"down": {"uv": [0, 0, 3, 16], "rotation": 270, "texture": "#1"}
			}
		},
		{
			"from": [0, 0, 2],
			"to": [16.25, 1, 5],
			"rotation": {"angle": 0, "axis": "y", "origin": [8, 8, 13]},
			"faces": {
				"north": {"uv": [0, 0, 16, 1], "texture": "#0"},
				"east": {"uv": [0, 0, 3, 1], "texture": "#0"},
				"south": {"uv": [0, 0, 16, 1], "texture": "#0"},
				"west": {"uv": [0, 0, 3, 1], "texture": "#0"},
				"up": {"uv": [0, 0, 3, 16], "rotation": 90, "texture": "#0"},
				"down": {"uv": [0, 0, 3, 16], "rotation": 270, "texture": "#0"}
			}
		},
		{
			"from": [0, 31, 2],
			"to": [16.25, 32, 5],
			"rotation": {"angle": 0, "axis": "y", "origin": [8, 8, 13]},
			"faces": {
				"north": {"uv": [0, 0, 16, 1], "texture": "#0"},
				"east": {"uv": [0, 0, 3, 1], "texture": "#0"},
				"south": {"uv": [0, 0, 16, 1], "texture": "#0"},
				"west": {"uv": [0, 0, 3, 1], "texture": "#0"},
				"up": {"uv": [0, 0, 3, 16], "rotation": 90, "texture": "#0"},
				"down": {"uv": [0, 0, 3, 16], "rotation": 270, "texture": "#0"}
			}
		},
		{
			"from": [0, 29, 1.75],
			"to": [16, 30, 5.25],
			"faces": {
				"north": {"uv": [0, 0, 16, 1], "texture": "#2"},
				"east": {"uv": [0, 0, 3.5, 1], "texture": "#2"},
				"south": {"uv": [0, 0, 16, 1], "texture": "#2"},
				"west": {"uv": [0, 0, 3.5, 1], "texture": "#2"},
				"up": {"uv": [0, 0, 16, 3.5], "texture": "#2"},
				"down": {"uv": [0, 0, 16, 3.5], "texture": "#2"}
			}
		},
		{
			"from": [16.25, 0.25, 3.25],
			"to": [17, 31.75, 3.75],
			"faces": {
				"north": {"uv": [0, 0, 16, 1], "texture": "#2"},
				"east": {"uv": [0, 0, 3.5, 1], "texture": "#2"},
				"south": {"uv": [0, 0, 16, 1], "texture": "#2"},
				"west": {"uv": [0, 0, 3.5, 1], "texture": "#2"},
				"up": {"uv": [0, 0, 16, 3.5], "texture": "#2"},
				"down": {"uv": [0, 0, 16, 3.5], "texture": "#2"}
			}
		},
		{
			"from": [0, 3.25, 1.75],
			"to": [16, 4.25, 5.25],
			"rotation": {"angle": 0, "axis": "y", "origin": [8, -17.75, 8]},
			"faces": {
				"north": {"uv": [0, 0, 16, 1], "texture": "#2"},
				"east": {"uv": [0, 0, 3.5, 1], "texture": "#2"},
				"south": {"uv": [0, 0, 16, 1], "texture": "#2"},
				"west": {"uv": [0, 0, 3.5, 1], "texture": "#2"},
				"up": {"uv": [0, 0, 16, 3.5], "texture": "#2"},
				"down": {"uv": [0, 0, 16, 3.5], "texture": "#2"}
			}
		},
		{
			"from": [0, 27.75, 1.75],
			"to": [16, 28.75, 5.25],
			"faces": {
				"north": {"uv": [0, 0, 16, 1], "texture": "#2"},
				"east": {"uv": [0, 0, 3.5, 1], "texture": "#2"},
				"south": {"uv": [0, 0, 16, 1], "texture": "#2"},
				"west": {"uv": [0, 0, 3.5, 1], "texture": "#2"},
				"up": {"uv": [0, 0, 16, 3.5], "texture": "#2"},
				"down": {"uv": [0, 0, 16, 3.5], "texture": "#2"}
			}
		},
		{
			"from": [0, 2, 1.75],
			"to": [16, 3, 5.25],
			"rotation": {"angle": 0, "axis": "y", "origin": [8, -17.75, 8]},
			"faces": {
				"north": {"uv": [0, 0, 16, 1], "texture": "#2"},
				"east": {"uv": [0, 0, 3.5, 1], "texture": "#2"},
				"south": {"uv": [0, 0, 16, 1], "texture": "#2"},
				"west": {"uv": [0, 0, 3.5, 1], "texture": "#2"},
				"up": {"uv": [0, 0, 16, 3.5], "texture": "#2"},
				"down": {"uv": [0, 0, 16, 3.5], "texture": "#2"}
			}
		},
		{
			"from": [14, 14.25, 1.75],
			"to": [15, 18.25, 5.25],
			"faces": {
				"north": {"uv": [0, 0, 1, 4], "texture": "#3"},
				"east": {"uv": [0, 0, 3.5, 4], "texture": "#3"},
				"south": {"uv": [0, 0, 1, 4], "texture": "#3"},
				"west": {"uv": [0, 0, 3.5, 4], "texture": "#3"},
				"up": {"uv": [0, 0, 1, 3.5], "texture": "#3"},
				"down": {"uv": [0, 0, 1, 3.5], "texture": "#3"}
			}
		}
	],
	"gui_light": "front",
	"display": {
		"thirdperson_righthand": {
			"rotation": [0, -180, 0],
			"translation": [0, 8, 8]
		},
		"thirdperson_lefthand": {
			"rotation": [0, -180, 0],
			"translation": [0, 8, 0]
		},
		"firstperson_righthand": {
			"rotation": [0, 45, 0],
			"scale": [0.4, 0.4, 0.4]
		},
		"firstperson_lefthand": {
			"rotation": [0, 225, 0],
			"scale": [0.4, 0.4, 0.4]
		},
		"ground": {
			"translation": [0, 3, 0],
			"scale": [0.25, 0.25, 0.25]
		},
		"gui": {
			"rotation": [30, 225, 0],
			"scale": [0.625, 0.625, 0.625]
		},
		"fixed": {
			"scale": [0.5, 0.5, 0.5]
		}
	}
}