{
		"textures": {
		"0": "block/gray_concrete",
		"1": "block/light_blue_terracotta",
		"2": "block/white_terracotta",
		"particle": "block/gray_concrete"
	},
	"elements": [
		{
			"from": [1.25, 18.25, 0],
			"to": [3, 20, 3],
			"rotation": {"angle": 0, "axis": "z", "origin": [8, 23.75, 1.5]},
			"faces": {
				"north": {"uv": [0, 1.75, 1.75, 3.5], "texture": "#0"},
				"east": {"uv": [0, 1.75, 3, 3.5], "texture": "#0"},
				"south": {"uv": [0, 1.75, 1.75, 3.5], "texture": "#0"},
				"west": {"uv": [0, 1.75, 3, 3.5], "texture": "#0"},
				"up": {"uv": [0, 3, 1.75, 6], "texture": "#0"},
				"down": {"uv": [0, 3, 1.75, 6], "texture": "#0"}
			}
		},
		{
			"from": [0, 30, 0],
			"to": [16, 32, 3],
			"rotation": {"angle": 0, "axis": "z", "origin": [8, 24, 2]},
			"faces": {
				"north": {"uv": [0, 2, 16, 4], "texture": "#2"},
				"east": {"uv": [0, 2, 3, 4], "texture": "#2"},
				"south": {"uv": [0, 2, 16, 4], "texture": "#2"},
				"west": {"uv": [0, 2, 3, 4], "texture": "#2"},
				"up": {"uv": [0, 3, 16, 6], "texture": "#2"},
				"down": {"uv": [0, 3, 16, 6], "texture": "#2"}
			}
		},
		{
			"from": [1, 18, 0.5],
			"to": [15, 30, 2.5],
			"rotation": {"angle": 0, "axis": "z", "origin": [8, 24, 1.5]},
			"faces": {
				"north": {"uv": [0, 4, 14, 16], "texture": "#1"},
				"east": {"uv": [0, 4, 2, 16], "texture": "#1"},
				"south": {"uv": [0, 4, 14, 16], "texture": "#1"},
				"west": {"uv": [0, 4, 2, 16], "texture": "#1"},
				"up": {"uv": [0, 2, 14, 4], "texture": "#1"},
				"down": {"uv": [0, 2, 14, 4], "texture": "#1"}
			}
		},
		{
			"from": [0, 16, 0],
			"to": [1, 30, 3],
			"rotation": {"angle": 0, "axis": "z", "origin": [8, 24, 2]},
			"faces": {
				"north": {"uv": [0, 2, 1, 16], "texture": "#2"},
				"east": {"uv": [0, 2, 3, 16], "texture": "#2"},
				"south": {"uv": [0, 2, 1, 16], "texture": "#2"},
				"west": {"uv": [0, 2, 3, 16], "texture": "#2"},
				"up": {"uv": [0, 3, 1, 6], "texture": "#2"},
				"down": {"uv": [0, 3, 1, 6], "texture": "#2"}
			}
		},
		{
			"from": [15, 16, 0],
			"to": [16, 30, 3],
			"rotation": {"angle": 0, "axis": "z", "origin": [8, 24, 2]},
			"faces": {
				"north": {"uv": [0, 2, 1, 16], "texture": "#2"},
				"east": {"uv": [0, 2, 3, 16], "texture": "#2"},
				"south": {"uv": [0, 2, 1, 16], "texture": "#2"},
				"west": {"uv": [0, 2, 3, 16], "texture": "#2"},
				"up": {"uv": [0, 3, 1, 6], "texture": "#2"},
				"down": {"uv": [0, 3, 1, 6], "texture": "#2"}
			}
		},
		{
			"from": [1, 2, 0.5],
			"to": [15, 16, 2.5],
			"rotation": {"angle": 0, "axis": "z", "origin": [8, 10, 1.5]},
			"faces": {
				"north": {"uv": [0, 2, 14, 16], "texture": "#1"},
				"east": {"uv": [0, 2, 2, 16], "texture": "#1"},
				"south": {"uv": [0, 2, 14, 16], "texture": "#1"},
				"west": {"uv": [0, 2, 2, 16], "texture": "#1"},
				"up": {"uv": [0, 2, 14, 4], "texture": "#1"},
				"down": {"uv": [0, 2, 14, 4], "texture": "#1"}
			}
		},
		{
			"from": [0, 16, 0],
			"to": [16, 18, 3],
			"rotation": {"angle": 0, "axis": "z", "origin": [8, 10, 2]},
			"faces": {
				"north": {"uv": [0, 2, 16, 4], "texture": "#2"},
				"east": {"uv": [0, 2, 3, 4], "texture": "#2"},
				"south": {"uv": [0, 2, 16, 4], "texture": "#2"},
				"west": {"uv": [0, 2, 3, 4], "texture": "#2"},
				"up": {"uv": [0, 3, 16, 6], "texture": "#2"},
				"down": {"uv": [0, 3, 16, 6], "texture": "#2"}
			}
		},
		{
			"from": [0, 2, 0],
			"to": [1, 16, 3],
			"rotation": {"angle": 0, "axis": "z", "origin": [8, 10, 2]},
			"faces": {
				"north": {"uv": [0, 2, 1, 16], "texture": "#2"},
				"east": {"uv": [0, 2, 3, 16], "texture": "#2"},
				"south": {"uv": [0, 2, 1, 16], "texture": "#2"},
				"west": {"uv": [0, 2, 3, 16], "texture": "#2"},
				"up": {"uv": [0, 3, 1, 6], "texture": "#2"},
				"down": {"uv": [0, 3, 1, 6], "texture": "#2"}
			}
		},
		{
			"from": [15, 2, 0],
			"to": [16, 16, 3],
			"rotation": {"angle": 0, "axis": "z", "origin": [8, 10, 2]},
			"faces": {
				"north": {"uv": [0, 2, 1, 16], "texture": "#2"},
				"east": {"uv": [0, 2, 3, 16], "texture": "#2"},
				"south": {"uv": [0, 2, 1, 16], "texture": "#2"},
				"west": {"uv": [0, 2, 3, 16], "texture": "#2"},
				"up": {"uv": [0, 3, 1, 6], "texture": "#2"},
				"down": {"uv": [0, 3, 1, 6], "texture": "#2"}
			}
		},
		{
			"from": [0, 0, 0],
			"to": [16, 2, 3],
			"rotation": {"angle": 0, "axis": "z", "origin": [8, 10, 2]},
			"faces": {
				"north": {"uv": [0, 2, 16, 4], "texture": "#2"},
				"east": {"uv": [0, 2, 3, 4], "texture": "#2"},
				"south": {"uv": [0, 2, 16, 4], "texture": "#2"},
				"west": {"uv": [0, 2, 3, 4], "texture": "#2"},
				"up": {"uv": [0, 3, 16, 6], "texture": "#2"},
				"down": {"uv": [0, 3, 16, 6], "texture": "#2"}
			}
		},
		{
			"from": [1.25, 28, 0],
			"to": [3, 29.75, 3],
			"rotation": {"angle": 0, "axis": "z", "origin": [8, 24, 1.5]},
			"faces": {
				"north": {"uv": [0, 1.75, 1.75, 3.5], "texture": "#0"},
				"east": {"uv": [0, 1.75, 3, 3.5], "texture": "#0"},
				"south": {"uv": [0, 1.75, 1.75, 3.5], "texture": "#0"},
				"west": {"uv": [0, 1.75, 3, 3.5], "texture": "#0"},
				"up": {"uv": [0, 3, 1.75, 6], "texture": "#0"},
				"down": {"uv": [0, 3, 1.75, 6], "texture": "#0"}
			}
		},
		{
			"from": [13, 18.25, 0],
			"to": [14.75, 20, 3],
			"rotation": {"angle": 0, "axis": "z", "origin": [8, 23.75, 1.5]},
			"faces": {
				"north": {"uv": [0, 1.75, 1.75, 3.5], "texture": "#0"},
				"east": {"uv": [0, 1.75, 3, 3.5], "texture": "#0"},
				"south": {"uv": [0, 1.75, 1.75, 3.5], "texture": "#0"},
				"west": {"uv": [0, 1.75, 3, 3.5], "texture": "#0"},
				"up": {"uv": [0, 3, 1.75, 6], "texture": "#0"},
				"down": {"uv": [0, 3, 1.75, 6], "texture": "#0"}
			}
		},
		{
			"from": [13, 28, 0],
			"to": [14.75, 29.75, 3],
			"rotation": {"angle": 0, "axis": "z", "origin": [8, 24, 1.5]},
			"faces": {
				"north": {"uv": [0, 1.75, 1.75, 3.5], "texture": "#0"},
				"east": {"uv": [0, 1.75, 3, 3.5], "texture": "#0"},
				"south": {"uv": [0, 1.75, 1.75, 3.5], "texture": "#0"},
				"west": {"uv": [0, 1.75, 3, 3.5], "texture": "#0"},
				"up": {"uv": [0, 3, 1.75, 6], "texture": "#0"},
				"down": {"uv": [0, 3, 1.75, 6], "texture": "#0"}
			}
		},
		{
			"from": [13, 2.25, 0],
			"to": [14.75, 4, 3],
			"rotation": {"angle": 0, "axis": "z", "origin": [8, 8, 1.5]},
			"faces": {
				"north": {"uv": [0, 1.75, 1.75, 3.5], "texture": "#0"},
				"east": {"uv": [0, 1.75, 3, 3.5], "texture": "#0"},
				"south": {"uv": [0, 1.75, 1.75, 3.5], "texture": "#0"},
				"west": {"uv": [0, 1.75, 3, 3.5], "texture": "#0"},
				"up": {"uv": [0, 3, 1.75, 6], "texture": "#0"},
				"down": {"uv": [0, 3, 1.75, 6], "texture": "#0"}
			}
		},
		{
			"from": [1.25, 2.25, 0],
			"to": [3, 4, 3],
			"rotation": {"angle": 0, "axis": "z", "origin": [8, 8, 1.5]},
			"faces": {
				"north": {"uv": [0, 1.75, 1.75, 3.5], "texture": "#0"},
				"east": {"uv": [0, 1.75, 3, 3.5], "texture": "#0"},
				"south": {"uv": [0, 1.75, 1.75, 3.5], "texture": "#0"},
				"west": {"uv": [0, 1.75, 3, 3.5], "texture": "#0"},
				"up": {"uv": [0, 3, 1.75, 6], "texture": "#0"},
				"down": {"uv": [0, 3, 1.75, 6], "texture": "#0"}
			}
		},
		{
			"from": [1.25, 14, 0],
			"to": [3, 15.75, 3],
			"rotation": {"angle": 0, "axis": "z", "origin": [8, 10, 1.5]},
			"faces": {
				"north": {"uv": [0, 1.75, 1.75, 3.5], "texture": "#0"},
				"east": {"uv": [0, 1.75, 3, 3.5], "texture": "#0"},
				"south": {"uv": [0, 1.75, 1.75, 3.5], "texture": "#0"},
				"west": {"uv": [0, 1.75, 3, 3.5], "texture": "#0"},
				"up": {"uv": [0, 3, 1.75, 6], "texture": "#0"},
				"down": {"uv": [0, 3, 1.75, 6], "texture": "#0"}
			}
		},
		{
			"from": [13, 14, 0],
			"to": [14.75, 15.75, 3],
			"rotation": {"angle": 0, "axis": "z", "origin": [8, 10, 1.5]},
			"faces": {
				"north": {"uv": [0, 1.75, 1.75, 3.5], "texture": "#0"},
				"east": {"uv": [0, 1.75, 3, 3.5], "texture": "#0"},
				"south": {"uv": [0, 1.75, 1.75, 3.5], "texture": "#0"},
				"west": {"uv": [0, 1.75, 3, 3.5], "texture": "#0"},
				"up": {"uv": [0, 3, 1.75, 6], "texture": "#0"},
				"down": {"uv": [0, 3, 1.75, 6], "texture": "#0"}
			}
		},
		{
			"from": [1, 16.75, 3],
			"to": [1.5, 17.25, 4],
			"rotation": {"angle": 0, "axis": "z", "origin": [8, 24.75, 1.5]},
			"faces": {
				"north": {"uv": [0, 0.5, 0.5, 1], "texture": "#1"},
				"east": {"uv": [0, 0.5, 1, 1], "texture": "#1"},
				"south": {"uv": [0, 0.5, 0.5, 1], "texture": "#1"},
				"west": {"uv": [0, 0.5, 1, 1], "texture": "#1"},
				"up": {"uv": [0, 1, 0.5, 2], "texture": "#1"},
				"down": {"uv": [0, 1, 0.5, 2], "texture": "#1"}
			}
		},
		{
			"from": [1, 16.75, 4],
			"to": [5, 17.25, 4.5],
			"rotation": {"angle": 0, "axis": "z", "origin": [8, 24.75, 1.5]},
			"faces": {
				"north": {"uv": [0, 0.5, 4, 1], "texture": "#1"},
				"east": {"uv": [0, 0.5, 0.5, 1], "texture": "#1"},
				"south": {"uv": [0, 0.5, 4, 1], "texture": "#1"},
				"west": {"uv": [0, 0.5, 0.5, 1], "texture": "#1"},
				"up": {"uv": [0, 0.5, 4, 1], "texture": "#1"},
				"down": {"uv": [0, 0.5, 4, 1], "texture": "#1"}
			}
		},
		{
			"from": [1, 29.75, 0],
			"to": [15, 30, 3],
			"rotation": {"angle": 0, "axis": "z", "origin": [8, 24, 1.5]},
			"faces": {
				"north": {"uv": [0, 0.25, 14, 0.5], "texture": "#0"},
				"east": {"uv": [0, 0.25, 3, 0.5], "texture": "#0"},
				"south": {"uv": [0, 0.25, 14, 0.5], "texture": "#0"},
				"west": {"uv": [0, 0.25, 3, 0.5], "texture": "#0"},
				"up": {"uv": [0, 3, 14, 6], "texture": "#0"},
				"down": {"uv": [0, 3, 14, 6], "texture": "#0"}
			}
		},
		{
			"from": [1, 18, 0],
			"to": [15, 18.25, 3],
			"rotation": {"angle": 0, "axis": "z", "origin": [8, 24, 1.5]},
			"faces": {
				"north": {"uv": [0, 0.25, 14, 0.5], "texture": "#0"},
				"east": {"uv": [0, 0.25, 3, 0.5], "texture": "#0"},
				"south": {"uv": [0, 0.25, 14, 0.5], "texture": "#0"},
				"west": {"uv": [0, 0.25, 3, 0.5], "texture": "#0"},
				"up": {"uv": [0, 3, 14, 6], "texture": "#0"},
				"down": {"uv": [0, 3, 14, 6], "texture": "#0"}
			}
		},
		{
			"from": [1, 15.75, 0],
			"to": [15, 16, 3],
			"rotation": {"angle": 0, "axis": "z", "origin": [8, 24, 1.5]},
			"faces": {
				"north": {"uv": [0, 0.25, 14, 0.5], "texture": "#0"},
				"east": {"uv": [0, 0.25, 3, 0.5], "texture": "#0"},
				"south": {"uv": [0, 0.25, 14, 0.5], "texture": "#0"},
				"west": {"uv": [0, 0.25, 3, 0.5], "texture": "#0"},
				"up": {"uv": [0, 3, 14, 6], "texture": "#0"},
				"down": {"uv": [0, 3, 14, 6], "texture": "#0"}
			}
		},
		{
			"from": [1, 2, 0],
			"to": [15, 2.25, 3],
			"rotation": {"angle": 0, "axis": "z", "origin": [8, 24, 1.5]},
			"faces": {
				"north": {"uv": [0, 0.25, 14, 0.5], "texture": "#0"},
				"east": {"uv": [0, 0.25, 3, 0.5], "texture": "#0"},
				"south": {"uv": [0, 0.25, 14, 0.5], "texture": "#0"},
				"west": {"uv": [0, 0.25, 3, 0.5], "texture": "#0"},
				"up": {"uv": [0, 3, 14, 6], "texture": "#0"},
				"down": {"uv": [0, 3, 14, 6], "texture": "#0"}
			}
		},
		{
			"from": [14.75, 2.25, 0],
			"to": [15, 15.75, 3],
			"rotation": {"angle": 0, "axis": "z", "origin": [8, 24, 1.5]},
			"faces": {
				"north": {"uv": [0, 2.5, 0.25, 16], "texture": "#0"},
				"east": {"uv": [0, 2.5, 3, 16], "texture": "#0"},
				"south": {"uv": [0, 2.5, 0.25, 16], "texture": "#0"},
				"west": {"uv": [0, 2.5, 3, 16], "texture": "#0"},
				"up": {"uv": [0, 3, 0.25, 6], "texture": "#0"},
				"down": {"uv": [0, 3, 0.25, 6], "texture": "#0"}
			}
		},
		{
			"from": [1, 2.25, 0],
			"to": [1.25, 15.75, 3],
			"rotation": {"angle": 0, "axis": "z", "origin": [8, 24, 1.5]},
			"faces": {
				"north": {"uv": [0, 2.5, 0.25, 16], "texture": "#0"},
				"east": {"uv": [0, 2.5, 3, 16], "texture": "#0"},
				"south": {"uv": [0, 2.5, 0.25, 16], "texture": "#0"},
				"west": {"uv": [0, 2.5, 3, 16], "texture": "#0"},
				"up": {"uv": [0, 3, 0.25, 6], "texture": "#0"},
				"down": {"uv": [0, 3, 0.25, 6], "texture": "#0"}
			}
		},
		{
			"from": [1, 18.25, 0],
			"to": [1.25, 29.75, 3],
			"rotation": {"angle": 0, "axis": "z", "origin": [8, 40, 1.5]},
			"faces": {
				"north": {"uv": [0, 4.5, 0.25, 16], "texture": "#0"},
				"east": {"uv": [0, 4.5, 3, 16], "texture": "#0"},
				"south": {"uv": [0, 4.5, 0.25, 16], "texture": "#0"},
				"west": {"uv": [0, 4.5, 3, 16], "texture": "#0"},
				"up": {"uv": [0, 3, 0.25, 6], "texture": "#0"},
				"down": {"uv": [0, 3, 0.25, 6], "texture": "#0"}
			}
		},
		{
			"from": [14.75, 18.25, 0],
			"to": [15, 29.75, 3],
			"rotation": {"angle": 0, "axis": "z", "origin": [8, 40, 1.5]},
			"faces": {
				"north": {"uv": [0, 4.5, 0.25, 16], "texture": "#0"},
				"east": {"uv": [0, 4.5, 3, 16], "texture": "#0"},
				"south": {"uv": [0, 4.5, 0.25, 16], "texture": "#0"},
				"west": {"uv": [0, 4.5, 3, 16], "texture": "#0"},
				"up": {"uv": [0, 3, 0.25, 6], "texture": "#0"},
				"down": {"uv": [0, 3, 0.25, 6], "texture": "#0"}
			}
		}
	],
	"gui_light": "front",
	"display": {
		"thirdperson_righthand": {
			"rotation": [0, -180, 0],
			"translation": [0, 8, -13]
		},
		"thirdperson_lefthand": {
			"rotation": [0, -180, 0],
			"translation": [0, 8, 0]
		},
		"firstperson_righthand": {
			"rotation": [0, 45, 0],
			"scale": [0.4, 0.4, 0.4]
		},
		"firstperson_lefthand": {
			"rotation": [0, 225, 0],
			"scale": [0.4, 0.4, 0.4]
		},
		"ground": {
			"translation": [0, 3, 0],
			"scale": [0.25, 0.25, 0.25]
		},
		"gui": {
			"rotation": [30, 225, 0],
			"scale": [0.625, 0.625, 0.625]
		},
		"fixed": {
			"scale": [0.5, 0.5, 0.5]
		}
	},
	"groups": [
		{
			"name": "group",
			"origin": [8, -8, 1.5],
			"color": 0,
			"children": [0, 1, 2, 3, 4, 5, 6, 7, 8, 9, 10, 11, 12, 13, 14, 15, 16, 17, 18, 19, 20, 21, 22, 23, 24, 25, 26]
		}
	]
}