{
		"textures": {
		"0": "images/page2",
		"1": "block/white_concrete",
		"particle": "images/page2"
	},
	"elements": [
		{
			"from": [4, 4, 7.975],
			"to": [12, 12, 8.025],
			"rotation": {"angle": 0, "axis": "y", "origin": [12, 12, 15.975]},
			"faces": {
				"north": {"uv": [0, 0, 6.293, 6.4], "texture": "#1"},
				"east": {"uv": [0, 0, 0, 16], "texture": "#1"},
				"south": {"uv": [0, 0, 16, 16], "texture": "#0"},
				"west": {"uv": [0, 0, 0, 16], "texture": "#1"},
				"up": {"uv": [0, 0, 16, 0], "texture": "#1"},
				"down": {"uv": [0, 0, 16, 0], "texture": "#1"}
			}
		}
	],
	"gui_light": "front",
	"display": {
		"thirdperson_righthand": {
			"translation": [0, 2.5, 0.5]
		},
		"thirdperson_lefthand": {
			"translation": [0, 2.5, 0.5]
		},
		"firstperson_righthand": {
			"rotation": [-20, 0, 0],
			"translation": [0, 5.5, 0]
		},
		"firstperson_lefthand": {
			"rotation": [-20, 0, 0],
			"translation": [0, 5.5, 0]
		},
		"ground": {
			"rotation": [-90, 0, 0],
			"translation": [0, -2.5, 0]
		},
		"gui": {
			"scale": [2, 2, 1]
		}
	}
}