{
		"textures": {
		"0": "images/recipe",
		"particle": "images/recipe"
	},
	"elements": [
		{
			"from": [1.025, 0, 4.5],
			"to": [14.975, 0.1, 11.5],
			"rotation": {"angle": 0, "axis": "y", "origin": [9.025, 7, 12.5]},
			"faces": {
				"north": {"uv": [9.05, 0, 16, 0.1], "texture": "#0"},
				"east": {"uv": [9.05, 0, 16, 0.1], "texture": "#0"},
				"south": {"uv": [9.05, 0, 16, 0.1], "texture": "#0"},
				"west": {"uv": [9.05, 0, 16, 0.1], "texture": "#0"},
				"up": {"uv": [0, 0, 15.98, 7.55], "texture": "#0"},
				"down": {"uv": [9.05, 0, 16, 0.1], "texture": "#0"}
			}
		}
	],
	"gui_light": "front",
	"display": {
		"thirdperson_righthand": {
			"rotation": [0, -180, 0],
			"translation": [0, -8, 0]
		},
		"thirdperson_lefthand": {
			"rotation": [0, -180, 0],
			"translation": [0, 8, 0]
		},
		"firstperson_righthand": {
			"rotation": [0, 45, 0],
			"scale": [0.4, 0.4, 0.4]
		},
		"firstperson_lefthand": {
			"rotation": [0, 225, 0],
			"scale": [0.4, 0.4, 0.4]
		},
		"ground": {
			"translation": [0, 3, 0],
			"scale": [0.25, 0.25, 0.25]
		},
		"gui": {
			"rotation": [30, 225, 0],
			"scale": [0.625, 0.625, 0.625]
		},
		"fixed": {
			"scale": [0.5, 0.5, 0.5]
		}
	}
}