{
		"textures": {
		"0": "block/blue_concrete_powder",
		"1": "block/terracotta",
		"2": "block/red_concrete",
		"particle": "block/blue_concrete_powder"
	},
	"elements": [
		{
			"from": [12.75, 7.5, 7.5],
			"to": [16.25, 8.5, 8.5],
			"rotation": {"angle": 0, "axis": "y", "origin": [23.75, 15.5, 15.5]},
			"faces": {
				"north": {"uv": [0, 0, 3.5, 1], "texture": "#1"},
				"east": {"uv": [0, 0, 1, 1], "texture": "#1"},
				"south": {"uv": [0, 0, 3.5, 1], "texture": "#1"},
				"west": {"uv": [0, 0, 1, 1], "texture": "#1"},
				"up": {"uv": [0, 0, 3.5, 1], "texture": "#1"},
				"down": {"uv": [0, 0, 3.5, 1], "texture": "#1"}
			}
		},
		{
			"from": [13.25, 7.5, 3.5],
			"to": [13.75, 8.5, 12.5],
			"rotation": {"angle": 0, "axis": "y", "origin": [21.25, 15.5, 16]},
			"faces": {
				"north": {"uv": [0, 0, 0.5, 1], "texture": "#1"},
				"east": {"uv": [0, 0, 9, 1], "texture": "#1"},
				"south": {"uv": [0, 0, 0.5, 1], "texture": "#1"},
				"west": {"uv": [0, 0, 9, 1], "texture": "#1"},
				"up": {"uv": [0, 0, 0.5, 9], "texture": "#1"},
				"down": {"uv": [0, 0, 0.5, 9], "texture": "#1"}
			}
		},
		{
			"from": [13.25, 8.5, 7.5],
			"to": [13.75, 12.5, 8.5],
			"rotation": {"angle": 0, "axis": "x", "origin": [13.5, 8, 8]},
			"faces": {
				"north": {"uv": [0, 0, 0.5, 4], "rotation": 180, "texture": "#1"},
				"east": {"uv": [0, 0, 4, 1], "rotation": 270, "texture": "#1"},
				"south": {"uv": [0, 0, 0.5, 4], "texture": "#1"},
				"west": {"uv": [0, 0, 4, 1], "rotation": 90, "texture": "#1"},
				"up": {"uv": [0, 0, 0.5, 1], "rotation": 180, "texture": "#1"},
				"down": {"uv": [0, 0, 0.5, 1], "texture": "#1"}
			}
		},
		{
			"from": [13.25, 3.5, 7.5],
			"to": [13.75, 7.5, 8.5],
			"rotation": {"angle": 0, "axis": "x", "origin": [13.5, 3, 8]},
			"faces": {
				"north": {"uv": [0, 0, 0.5, 4], "rotation": 180, "texture": "#1"},
				"east": {"uv": [0, 0, 4, 1], "rotation": 270, "texture": "#1"},
				"south": {"uv": [0, 0, 0.5, 4], "texture": "#1"},
				"west": {"uv": [0, 0, 4, 1], "rotation": 90, "texture": "#1"},
				"up": {"uv": [0, 0, 0.5, 1], "rotation": 180, "texture": "#1"},
				"down": {"uv": [0, 0, 0.5, 1], "texture": "#1"}
			}
		},
		{
			"from": [13, 12, 7],
			"to": [14, 13, 9],
			"rotation": {"angle": 0, "axis": "y", "origin": [21, 20, 15]},
			"faces": {
				"north": {"uv": [0, 0, 1, 1], "texture": "#0"},
				"east": {"uv": [0, 0, 2, 1], "texture": "#0"},
				"south": {"uv": [0, 0, 1, 1], "texture": "#0"},
				"west": {"uv": [0, 0, 2, 1], "texture": "#0"},
				"up": {"uv": [0, 0, 1, 2], "texture": "#0"},
				"down": {"uv": [0, 0, 1, 2], "texture": "#0"}
			}
		},
		{
			"from": [13.25, 13, 7.5],
			"to": [13.5, 14.25, 8.5],
			"rotation": {"angle": 0, "axis": "y", "origin": [21.25, 21, 15.5]},
			"faces": {
				"north": {"uv": [0, 0, 0.25, 1.25], "texture": "#2"},
				"east": {"uv": [0, 0, 1, 1.25], "texture": "#2"},
				"south": {"uv": [0, 0, 0.25, 1.25], "texture": "#2"},
				"west": {"uv": [0, 0, 1, 1.25], "texture": "#2"},
				"up": {"uv": [0, 0, 0.25, 1], "texture": "#2"},
				"down": {"uv": [0, 0, 0.25, 1], "texture": "#2"}
			}
		},
		{
			"from": [13, 2.94532, 7],
			"to": [14, 3.94532, 9],
			"rotation": {"angle": 0, "axis": "y", "origin": [21, 10.94532, 15]},
			"faces": {
				"north": {"uv": [0, 0, 1, 1], "texture": "#0"},
				"east": {"uv": [0, 0, 2, 1], "texture": "#0"},
				"south": {"uv": [0, 0, 1, 1], "texture": "#0"},
				"west": {"uv": [0, 0, 2, 1], "texture": "#0"},
				"up": {"uv": [0, 0, 1, 2], "texture": "#0"},
				"down": {"uv": [0, 0, 1, 2], "texture": "#0"}
			}
		},
		{
			"from": [13, 5.24012, 11.68272],
			"to": [14, 7.24012, 12.68272],
			"rotation": {"angle": 22.5, "axis": "x", "origin": [13.5, 6.24012, 12.18272]},
			"faces": {
				"north": {"uv": [0, 0, 1, 2], "rotation": 180, "texture": "#0"},
				"east": {"uv": [0, 0, 2, 1], "rotation": 90, "texture": "#0"},
				"south": {"uv": [0, 0, 1, 2], "texture": "#0"},
				"west": {"uv": [0, 0, 2, 1], "rotation": 270, "texture": "#0"},
				"up": {"uv": [0, 0, 1, 1], "texture": "#0"},
				"down": {"uv": [0, 0, 1, 1], "rotation": 180, "texture": "#0"}
			}
		},
		{
			"from": [13, 8.7052, 3.31728],
			"to": [14, 10.7052, 4.31728],
			"rotation": {"angle": 22.5, "axis": "x", "origin": [13.5, 9.7052, 3.81728]},
			"faces": {
				"north": {"uv": [0, 0, 1, 2], "rotation": 180, "texture": "#0"},
				"east": {"uv": [0, 0, 2, 1], "rotation": 90, "texture": "#0"},
				"south": {"uv": [0, 0, 1, 2], "texture": "#0"},
				"west": {"uv": [0, 0, 2, 1], "rotation": 270, "texture": "#0"},
				"up": {"uv": [0, 0, 1, 1], "texture": "#0"},
				"down": {"uv": [0, 0, 1, 1], "rotation": 180, "texture": "#0"}
			}
		},
		{
			"from": [13, 3.77135, 10.70131],
			"to": [14, 5.77135, 11.70131],
			"rotation": {"angle": 45, "axis": "x", "origin": [13.5, 4.77135, 11.20131]},
			"faces": {
				"north": {"uv": [0, 0, 1, 2], "rotation": 180, "texture": "#0"},
				"east": {"uv": [0, 0, 2, 1], "rotation": 90, "texture": "#0"},
				"south": {"uv": [0, 0, 1, 2], "texture": "#0"},
				"west": {"uv": [0, 0, 2, 1], "rotation": 270, "texture": "#0"},
				"up": {"uv": [0, 0, 1, 1], "texture": "#0"},
				"down": {"uv": [0, 0, 1, 1], "rotation": 180, "texture": "#0"}
			}
		},
		{
			"from": [13, 10.17397, 4.29869],
			"to": [14, 12.17397, 5.29869],
			"rotation": {"angle": 45, "axis": "x", "origin": [13.5, 11.17397, 4.79869]},
			"faces": {
				"north": {"uv": [0, 0, 1, 2], "rotation": 180, "texture": "#0"},
				"east": {"uv": [0, 0, 2, 1], "rotation": 90, "texture": "#0"},
				"south": {"uv": [0, 0, 1, 2], "texture": "#0"},
				"west": {"uv": [0, 0, 2, 1], "rotation": 270, "texture": "#0"},
				"up": {"uv": [0, 0, 1, 1], "texture": "#0"},
				"down": {"uv": [0, 0, 1, 1], "rotation": 180, "texture": "#0"}
			}
		},
		{
			"from": [13, 3.28994, 8.73254],
			"to": [14, 4.28994, 10.73254],
			"rotation": {"angle": -22.5, "axis": "x", "origin": [13.5, 3.78994, 9.73254]},
			"faces": {
				"north": {"uv": [0, 0, 1, 1], "texture": "#0"},
				"east": {"uv": [0, 0, 2, 1], "texture": "#0"},
				"south": {"uv": [0, 0, 1, 1], "texture": "#0"},
				"west": {"uv": [0, 0, 2, 1], "texture": "#0"},
				"up": {"uv": [0, 0, 1, 2], "texture": "#0"},
				"down": {"uv": [0, 0, 1, 2], "texture": "#0"}
			}
		},
		{
			"from": [13, 11.65538, 5.26746],
			"to": [14, 12.65538, 7.26746],
			"rotation": {"angle": -22.5, "axis": "x", "origin": [13.5, 12.15538, 6.26746]},
			"faces": {
				"north": {"uv": [0, 0, 1, 1], "texture": "#0"},
				"east": {"uv": [0, 0, 2, 1], "texture": "#0"},
				"south": {"uv": [0, 0, 1, 1], "texture": "#0"},
				"west": {"uv": [0, 0, 2, 1], "texture": "#0"},
				"up": {"uv": [0, 0, 1, 2], "texture": "#0"},
				"down": {"uv": [0, 0, 1, 2], "texture": "#0"}
			}
		},
		{
			"from": [13, 11.65538, 8.73254],
			"to": [14, 12.65538, 10.73254],
			"rotation": {"angle": 22.5, "axis": "x", "origin": [13.5, 12.15538, 9.73254]},
			"faces": {
				"north": {"uv": [0, 0, 1, 1], "texture": "#0"},
				"east": {"uv": [0, 0, 2, 1], "texture": "#0"},
				"south": {"uv": [0, 0, 1, 1], "texture": "#0"},
				"west": {"uv": [0, 0, 2, 1], "texture": "#0"},
				"up": {"uv": [0, 0, 1, 2], "texture": "#0"},
				"down": {"uv": [0, 0, 1, 2], "texture": "#0"}
			}
		},
		{
			"from": [13, 3.28994, 5.26746],
			"to": [14, 4.28994, 7.26746],
			"rotation": {"angle": 22.5, "axis": "x", "origin": [13.5, 3.78994, 6.26746]},
			"faces": {
				"north": {"uv": [0, 0, 1, 1], "texture": "#0"},
				"east": {"uv": [0, 0, 2, 1], "texture": "#0"},
				"south": {"uv": [0, 0, 1, 1], "texture": "#0"},
				"west": {"uv": [0, 0, 2, 1], "texture": "#0"},
				"up": {"uv": [0, 0, 1, 2], "texture": "#0"},
				"down": {"uv": [0, 0, 1, 2], "texture": "#0"}
			}
		},
		{
			"from": [13, 10.67397, 10.20131],
			"to": [14, 11.67397, 12.20131],
			"rotation": {"angle": 45, "axis": "x", "origin": [13.5, 11.17397, 11.20131]},
			"faces": {
				"north": {"uv": [0, 0, 1, 1], "texture": "#0"},
				"east": {"uv": [0, 0, 2, 1], "texture": "#0"},
				"south": {"uv": [0, 0, 1, 1], "texture": "#0"},
				"west": {"uv": [0, 0, 2, 1], "texture": "#0"},
				"up": {"uv": [0, 0, 1, 2], "texture": "#0"},
				"down": {"uv": [0, 0, 1, 2], "texture": "#0"}
			}
		},
		{
			"from": [13, 3.77135, 4.29869],
			"to": [14, 5.77135, 5.29869],
			"rotation": {"angle": -45, "axis": "x", "origin": [13.5, 4.77135, 4.79869]},
			"faces": {
				"north": {"uv": [0, 0, 1, 2], "rotation": 180, "texture": "#0"},
				"east": {"uv": [0, 0, 2, 1], "rotation": 270, "texture": "#0"},
				"south": {"uv": [0, 0, 1, 2], "texture": "#0"},
				"west": {"uv": [0, 0, 2, 1], "rotation": 90, "texture": "#0"},
				"up": {"uv": [0, 0, 1, 1], "rotation": 180, "texture": "#0"},
				"down": {"uv": [0, 0, 1, 1], "texture": "#0"}
			}
		},
		{
			"from": [13, 8.7052, 11.68272],
			"to": [14, 10.7052, 12.68272],
			"rotation": {"angle": -22.5, "axis": "x", "origin": [13.5, 9.7052, 12.18272]},
			"faces": {
				"north": {"uv": [0, 0, 1, 2], "rotation": 180, "texture": "#0"},
				"east": {"uv": [0, 0, 2, 1], "rotation": 270, "texture": "#0"},
				"south": {"uv": [0, 0, 1, 2], "texture": "#0"},
				"west": {"uv": [0, 0, 2, 1], "rotation": 90, "texture": "#0"},
				"up": {"uv": [0, 0, 1, 1], "rotation": 180, "texture": "#0"},
				"down": {"uv": [0, 0, 1, 1], "texture": "#0"}
			}
		},
		{
			"from": [13, 5.24012, 3.31728],
			"to": [14, 7.24012, 4.31728],
			"rotation": {"angle": -22.5, "axis": "x", "origin": [13.5, 6.24012, 3.81728]},
			"faces": {
				"north": {"uv": [0, 0, 1, 2], "rotation": 180, "texture": "#0"},
				"east": {"uv": [0, 0, 2, 1], "rotation": 270, "texture": "#0"},
				"south": {"uv": [0, 0, 1, 2], "texture": "#0"},
				"west": {"uv": [0, 0, 2, 1], "rotation": 90, "texture": "#0"},
				"up": {"uv": [0, 0, 1, 1], "rotation": 180, "texture": "#0"},
				"down": {"uv": [0, 0, 1, 1], "texture": "#0"}
			}
		},
		{
			"from": [13, 6.97266, 12.02734],
			"to": [14, 8.97266, 13.02734],
			"rotation": {"angle": 0, "axis": "x", "origin": [13.5, 7.97266, 12.52734]},
			"faces": {
				"north": {"uv": [0, 0, 1, 2], "rotation": 180, "texture": "#0"},
				"east": {"uv": [0, 0, 2, 1], "rotation": 270, "texture": "#0"},
				"south": {"uv": [0, 0, 1, 2], "texture": "#0"},
				"west": {"uv": [0, 0, 2, 1], "rotation": 90, "texture": "#0"},
				"up": {"uv": [0, 0, 1, 1], "rotation": 180, "texture": "#0"},
				"down": {"uv": [0, 0, 1, 1], "texture": "#0"}
			}
		},
		{
			"from": [13, 6.97266, 2.97266],
			"to": [14, 8.97266, 3.97266],
			"rotation": {"angle": 0, "axis": "x", "origin": [13.5, 7.97266, 3.47266]},
			"faces": {
				"north": {"uv": [0, 0, 1, 2], "rotation": 180, "texture": "#0"},
				"east": {"uv": [0, 0, 2, 1], "rotation": 270, "texture": "#0"},
				"south": {"uv": [0, 0, 1, 2], "texture": "#0"},
				"west": {"uv": [0, 0, 2, 1], "rotation": 90, "texture": "#0"},
				"up": {"uv": [0, 0, 1, 1], "rotation": 180, "texture": "#0"},
				"down": {"uv": [0, 0, 1, 1], "texture": "#0"}
			}
		}
	],
	"gui_light": "front",
	"display": {
		"thirdperson_righthand": {
			"rotation": [0, -180, 0]
		},
		"thirdperson_lefthand": {
			"rotation": [0, -180, 0],
			"translation": [0, 8, 0]
		},
		"firstperson_righthand": {
			"rotation": [0, 45, 0],
			"scale": [0.4, 0.4, 0.4]
		},
		"firstperson_lefthand": {
			"rotation": [0, 225, 0],
			"scale": [0.4, 0.4, 0.4]
		},
		"ground": {
			"translation": [0, 3, 0],
			"scale": [0.25, 0.25, 0.25]
		},
		"gui": {
			"rotation": [30, 225, 0],
			"scale": [0.625, 0.625, 0.625]
		},
		"fixed": {
			"scale": [0.5, 0.5, 0.5]
		}
	}
}