{
		"textures": {
		"0": "block/light_gray_concrete",
		"2": "block/black_concrete",
		"3": "block/gray_concrete",
		"particle": "block/light_gray_concrete"
	},
	"elements": [
		{
			"from": [7.5, 0, 7.5],
			"to": [8.5, 16, 8.5],
			"rotation": {"angle": 0, "axis": "y", "origin": [1.5, 8, 0.5]},
			"faces": {
				"north": {"uv": [0, 0, 1, 16], "texture": "#3"},
				"east": {"uv": [0, 0, 1, 16], "texture": "#3"},
				"south": {"uv": [0, 0, 1, 16], "texture": "#3"},
				"west": {"uv": [0, 0, 1, 16], "texture": "#3"},
				"up": {"uv": [2, 2, 3, 3], "texture": "#3"},
				"down": {"uv": [2, 2, 3, 3], "texture": "#3"}
			}
		},
		{
			"from": [7.5, 18.5, -11.5],
			"to": [8.5, 19.5, 20.5],
			"rotation": {"angle": 22.5, "axis": "x", "origin": [7, 19, 3.5]},
			"faces": {
				"north": {"uv": [0, 0, 1, 1], "texture": "#3"},
				"east": {"uv": [0, 0, 16, 1], "texture": "#3"},
				"south": {"uv": [0, 0, 1, 1], "texture": "#3"},
				"west": {"uv": [0, 0, 16, 1], "texture": "#3"},
				"up": {"uv": [2, 0, 3, 16], "texture": "#3"},
				"down": {"uv": [2, 0, 3, 16], "texture": "#3"}
			}
		},
		{
			"from": [7.25, 24.5, -10],
			"to": [8.75, 26.5, -9],
			"rotation": {"angle": 0, "axis": "x", "origin": [7.875, 25, -9.5]},
			"faces": {
				"north": {"uv": [0, 0, 1.5, 2], "texture": "#3"},
				"east": {"uv": [0, 0, 1, 2], "texture": "#3"},
				"south": {"uv": [0, 0, 1.5, 2], "texture": "#3"},
				"west": {"uv": [0, 0, 1, 2], "texture": "#3"},
				"up": {"uv": [2, 0, 3.5, 1], "texture": "#3"},
				"down": {"uv": [2, 0, 3.5, 1], "texture": "#3"}
			}
		},
		{
			"from": [7.375, 15.5, 7.25],
			"to": [8.625, 18.5, 8.75],
			"rotation": {"angle": 0, "axis": "x", "origin": [8, 16, 8]},
			"faces": {
				"north": {"uv": [0, 0, 1.25, 3], "texture": "#3"},
				"east": {"uv": [0, 0, 1.5, 3], "texture": "#3"},
				"south": {"uv": [0, 0, 1.25, 3], "texture": "#3"},
				"west": {"uv": [0, 0, 1.5, 3], "texture": "#3"},
				"up": {"uv": [2, 0, 3.25, 1.5], "texture": "#3"},
				"down": {"uv": [2, 0, 3.25, 1.5], "texture": "#3"}
			}
		},
		{
			"from": [7.5481, 0, 5.30546],
			"to": [19.5481, 1, 5.80546],
			"rotation": {"angle": 45, "axis": "y", "origin": [10.5481, 0.5, 5.55546]},
			"faces": {
				"north": {"uv": [0, 0, 6, 1], "texture": "#3"},
				"east": {"uv": [0, 0, 0.5, 1], "texture": "#3"},
				"south": {"uv": [0, 0, 6, 1], "texture": "#3"},
				"west": {"uv": [0, 0, 0.5, 1], "texture": "#3"},
				"up": {"uv": [0, 0, 6, 0.5], "texture": "#3"},
				"down": {"uv": [0, 0, 6, 0.5], "texture": "#3"}
			}
		},
		{
			"from": [7.7981, 0, 8.5],
			"to": [8.2981, 1, 20.5],
			"rotation": {"angle": 0, "axis": "y", "origin": [8.0481, 0.5, 11.5]},
			"faces": {
				"north": {"uv": [0, 0, 0.5, 1], "texture": "#3"},
				"east": {"uv": [0, 0, 6, 1], "texture": "#3"},
				"south": {"uv": [0, 0, 0.5, 1], "texture": "#3"},
				"west": {"uv": [0, 0, 6, 1], "texture": "#3"},
				"up": {"uv": [0, 0, 6, 0.5], "rotation": 270, "texture": "#3"},
				"down": {"uv": [0, 0, 6, 0.5], "rotation": 90, "texture": "#3"}
			}
		},
		{
			"from": [-3.5481, 0, 5.30546],
			"to": [8.4519, 1, 5.80546],
			"rotation": {"angle": -45, "axis": "y", "origin": [5.4519, 0.5, 5.55546]},
			"faces": {
				"north": {"uv": [0, 0, 6, 1], "texture": "#3"},
				"east": {"uv": [0, 0, 0.5, 1], "texture": "#3"},
				"south": {"uv": [0, 0, 6, 1], "texture": "#3"},
				"west": {"uv": [0, 0, 0.5, 1], "texture": "#3"},
				"up": {"uv": [0, 0, 6, 0.5], "texture": "#3"},
				"down": {"uv": [0, 0, 6, 0.5], "texture": "#3"}
			}
		},
		{
			"from": [7.5, 25.25, -11],
			"to": [8.5, 26.25, -7],
			"rotation": {"angle": 0, "axis": "y", "origin": [15.5, 33.25, -2]},
			"faces": {
				"north": {"uv": [0, 0, 1, 1], "texture": "#0"},
				"east": {"uv": [0, 0, 4, 1], "texture": "#0"},
				"south": {"uv": [0, 0, 1, 1], "texture": "#0"},
				"west": {"uv": [0, 0, 4, 1], "texture": "#0"},
				"up": {"uv": [0, 0, 1, 4], "texture": "#0"},
				"down": {"uv": [0, 0, 1, 4], "texture": "#0"}
			}
		},
		{
			"from": [7.25, 25, -13],
			"to": [8.75, 26.5, -11],
			"rotation": {"angle": 0, "axis": "y", "origin": [15.5, 33.25, -3]},
			"faces": {
				"north": {"uv": [0, 0, 1.5, 1.5], "texture": "#2"},
				"east": {"uv": [0, 0, 2, 1.5], "texture": "#2"},
				"south": {"uv": [0, 0, 1.5, 1.5], "texture": "#2"},
				"west": {"uv": [0, 0, 2, 1.5], "texture": "#2"},
				"up": {"uv": [0, 0, 1.5, 2], "texture": "#2"},
				"down": {"uv": [0, 0, 1.5, 2], "texture": "#2"}
			}
		}
	],
	"gui_light": "front",
	"display": {
		"thirdperson_righthand": {
			"rotation": [0, -180, 0],
			"translation": [0, 8, 0]
		},
		"thirdperson_lefthand": {
			"rotation": [0, -180, 0],
			"translation": [0, 8, 0]
		},
		"firstperson_righthand": {
			"rotation": [0, 45, 0],
			"scale": [0.4, 0.4, 0.4]
		},
		"firstperson_lefthand": {
			"rotation": [0, 225, 0],
			"scale": [0.4, 0.4, 0.4]
		},
		"ground": {
			"translation": [0, 3, 0],
			"scale": [0.25, 0.25, 0.25]
		},
		"gui": {
			"rotation": [30, 225, 0],
			"scale": [0.625, 0.625, 0.625]
		},
		"fixed": {
			"scale": [0.5, 0.5, 0.5]
		}
	}
}