{
		"textures": {
		"0": "block/gray_concrete",
		"1": "block/light_gray_concrete",
		"2": "block/white_concrete",
		"particle": "block/white_concrete"
	},
	"elements": [
		{
			"from": [-4, 1, 0],
			"to": [20, 2, 16],
			"rotation": {"angle": 0, "axis": "y", "origin": [8, 9, 8]},
			"faces": {
				"north": {"uv": [0, 0, 16, 1], "texture": "#0"},
				"east": {"uv": [0, 0, 16, 1], "texture": "#0"},
				"south": {"uv": [0, 0, 16, 1], "texture": "#0"},
				"west": {"uv": [0, 0, 16, 1], "texture": "#0"},
				"up": {"uv": [0, 0, 16, 16], "texture": "#0"},
				"down": {"uv": [0, 0, 16, 16], "texture": "#0"}
			}
		},
		{
			"from": [-4, 14, 0],
			"to": [20, 15, 16],
			"rotation": {"angle": 0, "axis": "y", "origin": [8, 22, 8]},
			"faces": {
				"north": {"uv": [0, 0, 16, 1], "texture": "#0"},
				"east": {"uv": [0, 0, 16, 1], "texture": "#0"},
				"south": {"uv": [0, 0, 16, 1], "texture": "#0"},
				"west": {"uv": [0, 0, 16, 1], "texture": "#0"},
				"up": {"uv": [0, 0, 16, 16], "texture": "#0"},
				"down": {"uv": [0, 0, 16, 16], "texture": "#0"}
			}
		},
		{
			"from": [20, 14, 0],
			"to": [20.25, 15, 16],
			"rotation": {"angle": 0, "axis": "y", "origin": [8.25, 22, 8]},
			"faces": {
				"north": {"uv": [0, 0, 0.25, 1], "texture": "#1"},
				"east": {"uv": [0, 0, 16, 1], "texture": "#1"},
				"south": {"uv": [0, 0, 0.25, 1], "texture": "#1"},
				"west": {"uv": [0, 0, 16, 1], "texture": "#1"},
				"up": {"uv": [0, 0, 0.25, 16], "texture": "#1"},
				"down": {"uv": [0, 0, 0.25, 16], "texture": "#1"}
			}
		},
		{
			"from": [-4.25, 14, 0],
			"to": [-4, 15, 16],
			"rotation": {"angle": 0, "axis": "y", "origin": [-16, 22, 8]},
			"faces": {
				"north": {"uv": [0, 0, 0.25, 1], "texture": "#1"},
				"east": {"uv": [0, 0, 16, 1], "texture": "#1"},
				"south": {"uv": [0, 0, 0.25, 1], "texture": "#1"},
				"west": {"uv": [0, 0, 16, 1], "texture": "#1"},
				"up": {"uv": [0, 0, 0.25, 16], "texture": "#1"},
				"down": {"uv": [0, 0, 0.25, 16], "texture": "#1"}
			}
		},
		{
			"from": [20, 1, 0],
			"to": [20.25, 2, 16],
			"rotation": {"angle": 0, "axis": "y", "origin": [8.25, 9, 8]},
			"faces": {
				"north": {"uv": [0, 0, 0.25, 1], "texture": "#1"},
				"east": {"uv": [0, 0, 16, 1], "texture": "#1"},
				"south": {"uv": [0, 0, 0.25, 1], "texture": "#1"},
				"west": {"uv": [0, 0, 16, 1], "texture": "#1"},
				"up": {"uv": [0, 0, 0.25, 16], "texture": "#1"},
				"down": {"uv": [0, 0, 0.25, 16], "texture": "#1"}
			}
		},
		{
			"from": [-4.25, 1, -0.25],
			"to": [20.25, 2, 0],
			"rotation": {"angle": 0, "axis": "y", "origin": [8.25, 9, 7.75]},
			"faces": {
				"north": {"uv": [0, 0, 16, 1], "texture": "#1"},
				"east": {"uv": [0, 0, 0.25, 1], "texture": "#1"},
				"south": {"uv": [0, 0, 16, 1], "texture": "#1"},
				"west": {"uv": [0, 0, 0.25, 1], "texture": "#1"},
				"up": {"uv": [0, 0, 16, 0.25], "texture": "#1"},
				"down": {"uv": [0, 0, 16, 0.25], "texture": "#1"}
			}
		},
		{
			"from": [-4.25, 1, 16],
			"to": [20.25, 2, 16.25],
			"rotation": {"angle": 0, "axis": "y", "origin": [8.25, 9, 24]},
			"faces": {
				"north": {"uv": [0, 0, 16, 1], "texture": "#1"},
				"east": {"uv": [0, 0, 0.25, 1], "texture": "#1"},
				"south": {"uv": [0, 0, 16, 1], "texture": "#1"},
				"west": {"uv": [0, 0, 0.25, 1], "texture": "#1"},
				"up": {"uv": [0, 0, 16, 0.25], "texture": "#1"},
				"down": {"uv": [0, 0, 16, 0.25], "texture": "#1"}
			}
		},
		{
			"from": [-4.25, 14, -0.25],
			"to": [20.25, 15, 0],
			"rotation": {"angle": 0, "axis": "y", "origin": [8.25, 22, 7.75]},
			"faces": {
				"north": {"uv": [0, 0, 16, 1], "texture": "#1"},
				"east": {"uv": [0, 0, 0.25, 1], "texture": "#1"},
				"south": {"uv": [0, 0, 16, 1], "texture": "#1"},
				"west": {"uv": [0, 0, 0.25, 1], "texture": "#1"},
				"up": {"uv": [0, 0, 16, 0.25], "texture": "#1"},
				"down": {"uv": [0, 0, 16, 0.25], "texture": "#1"}
			}
		},
		{
			"from": [-4.25, 14, 16],
			"to": [20.25, 15, 16.25],
			"rotation": {"angle": 0, "axis": "y", "origin": [8.25, 22, 24]},
			"faces": {
				"north": {"uv": [0, 0, 16, 1], "texture": "#1"},
				"east": {"uv": [0, 0, 0.25, 1], "texture": "#1"},
				"south": {"uv": [0, 0, 16, 1], "texture": "#1"},
				"west": {"uv": [0, 0, 0.25, 1], "texture": "#1"},
				"up": {"uv": [0, 0, 16, 0.25], "texture": "#1"},
				"down": {"uv": [0, 0, 16, 0.25], "texture": "#1"}
			}
		},
		{
			"from": [-4.25, 2, 16],
			"to": [-3, 14, 16.25],
			"rotation": {"angle": 0, "axis": "y", "origin": [8.25, 21, 24]},
			"faces": {
				"north": {"uv": [0, 0, 1.25, 12], "texture": "#1"},
				"east": {"uv": [0, 0, 0.25, 12], "texture": "#1"},
				"south": {"uv": [0, 0, 1.25, 12], "texture": "#1"},
				"west": {"uv": [0, 0, 0.25, 12], "texture": "#1"},
				"up": {"uv": [0, 0, 1.25, 0.25], "texture": "#1"},
				"down": {"uv": [0, 0, 1.25, 0.25], "texture": "#1"}
			}
		},
		{
			"from": [-4.25, 2, -0.25],
			"to": [-3, 14, 0],
			"rotation": {"angle": 0, "axis": "y", "origin": [8.25, 21, 7.75]},
			"faces": {
				"north": {"uv": [0, 0, 1.25, 12], "texture": "#1"},
				"east": {"uv": [0, 0, 0.25, 12], "texture": "#1"},
				"south": {"uv": [0, 0, 1.25, 12], "texture": "#1"},
				"west": {"uv": [0, 0, 0.25, 12], "texture": "#1"},
				"up": {"uv": [0, 0, 1.25, 0.25], "texture": "#1"},
				"down": {"uv": [0, 0, 1.25, 0.25], "texture": "#1"}
			}
		},
		{
			"from": [19, 2, 16],
			"to": [20.25, 14, 16.25],
			"rotation": {"angle": 0, "axis": "y", "origin": [31.5, 21, 24]},
			"faces": {
				"north": {"uv": [0, 0, 1.25, 12], "texture": "#1"},
				"east": {"uv": [0, 0, 0.25, 12], "texture": "#1"},
				"south": {"uv": [0, 0, 1.25, 12], "texture": "#1"},
				"west": {"uv": [0, 0, 0.25, 12], "texture": "#1"},
				"up": {"uv": [0, 0, 1.25, 0.25], "texture": "#1"},
				"down": {"uv": [0, 0, 1.25, 0.25], "texture": "#1"}
			}
		},
		{
			"from": [19, 2, -0.25],
			"to": [20.25, 14, 0],
			"rotation": {"angle": 0, "axis": "y", "origin": [31.5, 21, 7.75]},
			"faces": {
				"north": {"uv": [0, 0, 1.25, 12], "texture": "#1"},
				"east": {"uv": [0, 0, 0.25, 12], "texture": "#1"},
				"south": {"uv": [0, 0, 1.25, 12], "texture": "#1"},
				"west": {"uv": [0, 0, 0.25, 12], "texture": "#1"},
				"up": {"uv": [0, 0, 1.25, 0.25], "texture": "#1"},
				"down": {"uv": [0, 0, 1.25, 0.25], "texture": "#1"}
			}
		},
		{
			"from": [-4.25, 1, 0],
			"to": [-4, 2, 16],
			"rotation": {"angle": 0, "axis": "y", "origin": [-16, 9, 8]},
			"faces": {
				"north": {"uv": [0, 0, 0.25, 1], "texture": "#1"},
				"east": {"uv": [0, 0, 16, 1], "texture": "#1"},
				"south": {"uv": [0, 0, 0.25, 1], "texture": "#1"},
				"west": {"uv": [0, 0, 16, 1], "texture": "#1"},
				"up": {"uv": [0, 0, 0.25, 16], "texture": "#1"},
				"down": {"uv": [0, 0, 0.25, 16], "texture": "#1"}
			}
		},
		{
			"from": [20, 2, 15],
			"to": [20.25, 14, 16],
			"rotation": {"angle": 0, "axis": "y", "origin": [8.25, 10, 8]},
			"faces": {
				"north": {"uv": [0, 0, 0.25, 12], "texture": "#1"},
				"east": {"uv": [0, 0, 1, 12], "texture": "#1"},
				"south": {"uv": [0, 0, 0.25, 12], "texture": "#1"},
				"west": {"uv": [0, 0, 1, 12], "texture": "#1"},
				"up": {"uv": [0, 0, 0.25, 1], "texture": "#1"},
				"down": {"uv": [0, 0, 0.25, 1], "texture": "#1"}
			}
		},
		{
			"from": [-4.25, 2, 15],
			"to": [-4, 14, 16],
			"rotation": {"angle": 0, "axis": "y", "origin": [-16, 10, 8]},
			"faces": {
				"north": {"uv": [0, 0, 0.25, 12], "texture": "#1"},
				"east": {"uv": [0, 0, 1, 12], "texture": "#1"},
				"south": {"uv": [0, 0, 0.25, 12], "texture": "#1"},
				"west": {"uv": [0, 0, 1, 12], "texture": "#1"},
				"up": {"uv": [0, 0, 0.25, 1], "texture": "#1"},
				"down": {"uv": [0, 0, 0.25, 1], "texture": "#1"}
			}
		},
		{
			"from": [20, 2, 0],
			"to": [20.25, 14, 1],
			"rotation": {"angle": 0, "axis": "y", "origin": [8.25, 10, -7]},
			"faces": {
				"north": {"uv": [0, 0, 0.25, 12], "texture": "#1"},
				"east": {"uv": [0, 0, 1, 12], "texture": "#1"},
				"south": {"uv": [0, 0, 0.25, 12], "texture": "#1"},
				"west": {"uv": [0, 0, 1, 12], "texture": "#1"},
				"up": {"uv": [0, 0, 0.25, 1], "texture": "#1"},
				"down": {"uv": [0, 0, 0.25, 1], "texture": "#1"}
			}
		},
		{
			"from": [-4.25, 2, 0],
			"to": [-4, 14, 1],
			"rotation": {"angle": 0, "axis": "y", "origin": [-16, 10, -7]},
			"faces": {
				"north": {"uv": [0, 0, 0.25, 12], "texture": "#1"},
				"east": {"uv": [0, 0, 1, 12], "texture": "#1"},
				"south": {"uv": [0, 0, 0.25, 12], "texture": "#1"},
				"west": {"uv": [0, 0, 1, 12], "texture": "#1"},
				"up": {"uv": [0, 0, 0.25, 1], "texture": "#1"},
				"down": {"uv": [0, 0, 0.25, 1], "texture": "#1"}
			}
		},
		{
			"from": [-3, 10, 0],
			"to": [19, 11, 16],
			"rotation": {"angle": 0, "axis": "y", "origin": [8, 18, 8]},
			"faces": {
				"north": {"uv": [0, 0, 16, 1], "texture": "#0"},
				"east": {"uv": [0, 0, 16, 1], "texture": "#0"},
				"south": {"uv": [0, 0, 16, 1], "texture": "#0"},
				"west": {"uv": [0, 0, 16, 1], "texture": "#0"},
				"up": {"uv": [0, 0, 16, 16], "texture": "#0"},
				"down": {"uv": [0, 0, 16, 16], "texture": "#0"}
			}
		},
		{
			"from": [-2, 11, 1],
			"to": [18, 13.5, 16],
			"rotation": {"angle": 0, "axis": "y", "origin": [8, 19, 8]},
			"faces": {
				"north": {"uv": [0, 0, 16, 2.5], "texture": "#0"},
				"east": {"uv": [0, 0, 15, 2.5], "texture": "#0"},
				"south": {"uv": [0, 0, 16, 2.5], "texture": "#0"},
				"west": {"uv": [0, 0, 15, 2.5], "texture": "#0"},
				"up": {"uv": [0, 0, 16, 15], "texture": "#0"},
				"down": {"uv": [0, 0, 16, 15], "texture": "#0"}
			}
		},
		{
			"from": [-2, 7, 1],
			"to": [18, 9.5, 16],
			"rotation": {"angle": 0, "axis": "y", "origin": [8, 15, 8]},
			"faces": {
				"north": {"uv": [0, 0, 16, 2.5], "texture": "#1"},
				"east": {"uv": [0, 0, 15, 2.5], "texture": "#1"},
				"south": {"uv": [0, 0, 16, 2.5], "texture": "#1"},
				"west": {"uv": [0, 0, 15, 2.5], "texture": "#1"},
				"up": {"uv": [0, 0, 16, 15], "texture": "#1"},
				"down": {"uv": [0, 0, 16, 15], "texture": "#1"}
			}
		},
		{
			"from": [-2, 15, 1],
			"to": [18, 16.5, 16],
			"rotation": {"angle": 0, "axis": "y", "origin": [8, 23, 8]},
			"faces": {
				"north": {"uv": [0, 0, 16, 1.5], "texture": "#0"},
				"east": {"uv": [0, 0, 15, 1.5], "texture": "#0"},
				"south": {"uv": [0, 0, 16, 1.5], "texture": "#0"},
				"west": {"uv": [0, 0, 15, 1.5], "texture": "#0"},
				"up": {"uv": [0, 0, 16, 15], "texture": "#0"},
				"down": {"uv": [0, 0, 16, 15], "texture": "#0"}
			}
		},
		{
			"from": [-2, 16.5, 13],
			"to": [18, 18, 16],
			"rotation": {"angle": 0, "axis": "y", "origin": [8, 24.5, 8]},
			"faces": {
				"north": {"uv": [0, 0, 16, 1.5], "texture": "#0"},
				"east": {"uv": [0, 0, 3, 1.5], "texture": "#0"},
				"south": {"uv": [0, 0, 16, 1.5], "texture": "#0"},
				"west": {"uv": [0, 0, 3, 1.5], "texture": "#0"},
				"up": {"uv": [0, 0, 16, 3], "texture": "#0"},
				"down": {"uv": [0, 0, 16, 3], "texture": "#0"}
			}
		},
		{
			"from": [15.5, 16.5, 10],
			"to": [16.5, 17, 11],
			"rotation": {"angle": 0, "axis": "y", "origin": [6.5, 24.5, 5]},
			"faces": {
				"north": {"uv": [0, 0, 1, 0.5], "texture": "#2"},
				"east": {"uv": [0, 0, 1, 0.5], "texture": "#2"},
				"south": {"uv": [0, 0, 1, 0.5], "texture": "#2"},
				"west": {"uv": [0, 0, 1, 0.5], "texture": "#2"},
				"up": {"uv": [0, 0, 1, 1], "texture": "#2"},
				"down": {"uv": [0, 0, 1, 1], "texture": "#2"}
			}
		},
		{
			"from": [15.5, 16.5, 4],
			"to": [16.5, 17, 5],
			"rotation": {"angle": 0, "axis": "y", "origin": [6.5, 24.5, -1]},
			"faces": {
				"north": {"uv": [0, 0, 1, 0.5], "texture": "#2"},
				"east": {"uv": [0, 0, 1, 0.5], "texture": "#2"},
				"south": {"uv": [0, 0, 1, 0.5], "texture": "#2"},
				"west": {"uv": [0, 0, 1, 0.5], "texture": "#2"},
				"up": {"uv": [0, 0, 1, 1], "texture": "#2"},
				"down": {"uv": [0, 0, 1, 1], "texture": "#2"}
			}
		},
		{
			"from": [15.5, 16.5, 2.25],
			"to": [16.5, 17, 3.25],
			"rotation": {"angle": 0, "axis": "y", "origin": [6.5, 24.5, -2.75]},
			"faces": {
				"north": {"uv": [0, 0, 1, 0.5], "texture": "#2"},
				"east": {"uv": [0, 0, 1, 0.5], "texture": "#2"},
				"south": {"uv": [0, 0, 1, 0.5], "texture": "#2"},
				"west": {"uv": [0, 0, 1, 0.5], "texture": "#2"},
				"up": {"uv": [0, 0, 1, 1], "texture": "#2"},
				"down": {"uv": [0, 0, 1, 1], "texture": "#2"}
			}
		},
		{
			"from": [9.5, 16.5, 10],
			"to": [10.5, 17, 11],
			"rotation": {"angle": 0, "axis": "y", "origin": [0.5, 24.5, 5]},
			"faces": {
				"north": {"uv": [0, 0, 1, 0.5], "texture": "#2"},
				"east": {"uv": [0, 0, 1, 0.5], "texture": "#2"},
				"south": {"uv": [0, 0, 1, 0.5], "texture": "#2"},
				"west": {"uv": [0, 0, 1, 0.5], "texture": "#2"},
				"up": {"uv": [0, 0, 1, 1], "texture": "#2"},
				"down": {"uv": [0, 0, 1, 1], "texture": "#2"}
			}
		},
		{
			"from": [9.5, 16.5, 4],
			"to": [10.5, 17, 5],
			"rotation": {"angle": 0, "axis": "y", "origin": [0.5, 24.5, -1]},
			"faces": {
				"north": {"uv": [0, 0, 1, 0.5], "texture": "#2"},
				"east": {"uv": [0, 0, 1, 0.5], "texture": "#2"},
				"south": {"uv": [0, 0, 1, 0.5], "texture": "#2"},
				"west": {"uv": [0, 0, 1, 0.5], "texture": "#2"},
				"up": {"uv": [0, 0, 1, 1], "texture": "#2"},
				"down": {"uv": [0, 0, 1, 1], "texture": "#2"}
			}
		},
		{
			"from": [9.5, 16.5, 2.25],
			"to": [10.5, 17, 3.25],
			"rotation": {"angle": 0, "axis": "y", "origin": [0.5, 24.5, -2.75]},
			"faces": {
				"north": {"uv": [0, 0, 1, 0.5], "texture": "#2"},
				"east": {"uv": [0, 0, 1, 0.5], "texture": "#2"},
				"south": {"uv": [0, 0, 1, 0.5], "texture": "#2"},
				"west": {"uv": [0, 0, 1, 0.5], "texture": "#2"},
				"up": {"uv": [0, 0, 1, 1], "texture": "#2"},
				"down": {"uv": [0, 0, 1, 1], "texture": "#2"}
			}
		},
		{
			"from": [3.5, 16.5, 10],
			"to": [4.5, 17, 11],
			"rotation": {"angle": 0, "axis": "y", "origin": [-5.5, 24.5, 5]},
			"faces": {
				"north": {"uv": [0, 0, 1, 0.5], "texture": "#2"},
				"east": {"uv": [0, 0, 1, 0.5], "texture": "#2"},
				"south": {"uv": [0, 0, 1, 0.5], "texture": "#2"},
				"west": {"uv": [0, 0, 1, 0.5], "texture": "#2"},
				"up": {"uv": [0, 0, 1, 1], "texture": "#2"},
				"down": {"uv": [0, 0, 1, 1], "texture": "#2"}
			}
		},
		{
			"from": [3.5, 16.5, 4],
			"to": [4.5, 17, 5],
			"rotation": {"angle": 0, "axis": "y", "origin": [-5.5, 24.5, -1]},
			"faces": {
				"north": {"uv": [0, 0, 1, 0.5], "texture": "#2"},
				"east": {"uv": [0, 0, 1, 0.5], "texture": "#2"},
				"south": {"uv": [0, 0, 1, 0.5], "texture": "#2"},
				"west": {"uv": [0, 0, 1, 0.5], "texture": "#2"},
				"up": {"uv": [0, 0, 1, 1], "texture": "#2"},
				"down": {"uv": [0, 0, 1, 1], "texture": "#2"}
			}
		},
		{
			"from": [3.5, 16.5, 2.25],
			"to": [4.5, 17, 3.25],
			"rotation": {"angle": 0, "axis": "y", "origin": [-5.5, 24.5, -2.75]},
			"faces": {
				"north": {"uv": [0, 0, 1, 0.5], "texture": "#2"},
				"east": {"uv": [0, 0, 1, 0.5], "texture": "#2"},
				"south": {"uv": [0, 0, 1, 0.5], "texture": "#2"},
				"west": {"uv": [0, 0, 1, 0.5], "texture": "#2"},
				"up": {"uv": [0, 0, 1, 1], "texture": "#2"},
				"down": {"uv": [0, 0, 1, 1], "texture": "#2"}
			}
		},
		{
			"from": [13.5, 16.5, 10],
			"to": [14.5, 17, 11],
			"rotation": {"angle": 0, "axis": "y", "origin": [4.5, 24.5, 5]},
			"faces": {
				"north": {"uv": [0, 0, 1, 0.5], "texture": "#2"},
				"east": {"uv": [0, 0, 1, 0.5], "texture": "#2"},
				"south": {"uv": [0, 0, 1, 0.5], "texture": "#2"},
				"west": {"uv": [0, 0, 1, 0.5], "texture": "#2"},
				"up": {"uv": [0, 0, 1, 1], "texture": "#2"},
				"down": {"uv": [0, 0, 1, 1], "texture": "#2"}
			}
		},
		{
			"from": [13.5, 16.5, 4],
			"to": [14.5, 17, 5],
			"rotation": {"angle": 0, "axis": "y", "origin": [4.5, 24.5, -1]},
			"faces": {
				"north": {"uv": [0, 0, 1, 0.5], "texture": "#2"},
				"east": {"uv": [0, 0, 1, 0.5], "texture": "#2"},
				"south": {"uv": [0, 0, 1, 0.5], "texture": "#2"},
				"west": {"uv": [0, 0, 1, 0.5], "texture": "#2"},
				"up": {"uv": [0, 0, 1, 1], "texture": "#2"},
				"down": {"uv": [0, 0, 1, 1], "texture": "#2"}
			}
		},
		{
			"from": [13.5, 16.5, 2.25],
			"to": [14.5, 17, 3.25],
			"rotation": {"angle": 0, "axis": "y", "origin": [4.5, 24.5, -2.75]},
			"faces": {
				"north": {"uv": [0, 0, 1, 0.5], "texture": "#2"},
				"east": {"uv": [0, 0, 1, 0.5], "texture": "#2"},
				"south": {"uv": [0, 0, 1, 0.5], "texture": "#2"},
				"west": {"uv": [0, 0, 1, 0.5], "texture": "#2"},
				"up": {"uv": [0, 0, 1, 1], "texture": "#2"},
				"down": {"uv": [0, 0, 1, 1], "texture": "#2"}
			}
		},
		{
			"from": [7.5, 16.5, 10],
			"to": [8.5, 17, 11],
			"rotation": {"angle": 0, "axis": "y", "origin": [-1.5, 24.5, 5]},
			"faces": {
				"north": {"uv": [0, 0, 1, 0.5], "texture": "#2"},
				"east": {"uv": [0, 0, 1, 0.5], "texture": "#2"},
				"south": {"uv": [0, 0, 1, 0.5], "texture": "#2"},
				"west": {"uv": [0, 0, 1, 0.5], "texture": "#2"},
				"up": {"uv": [0, 0, 1, 1], "texture": "#2"},
				"down": {"uv": [0, 0, 1, 1], "texture": "#2"}
			}
		},
		{
			"from": [7.5, 16.5, 4],
			"to": [8.5, 17, 5],
			"rotation": {"angle": 0, "axis": "y", "origin": [-1.5, 24.5, -1]},
			"faces": {
				"north": {"uv": [0, 0, 1, 0.5], "texture": "#2"},
				"east": {"uv": [0, 0, 1, 0.5], "texture": "#2"},
				"south": {"uv": [0, 0, 1, 0.5], "texture": "#2"},
				"west": {"uv": [0, 0, 1, 0.5], "texture": "#2"},
				"up": {"uv": [0, 0, 1, 1], "texture": "#2"},
				"down": {"uv": [0, 0, 1, 1], "texture": "#2"}
			}
		},
		{
			"from": [7.5, 16.5, 2.25],
			"to": [8.5, 17, 3.25],
			"rotation": {"angle": 0, "axis": "y", "origin": [-1.5, 24.5, -2.75]},
			"faces": {
				"north": {"uv": [0, 0, 1, 0.5], "texture": "#2"},
				"east": {"uv": [0, 0, 1, 0.5], "texture": "#2"},
				"south": {"uv": [0, 0, 1, 0.5], "texture": "#2"},
				"west": {"uv": [0, 0, 1, 0.5], "texture": "#2"},
				"up": {"uv": [0, 0, 1, 1], "texture": "#2"},
				"down": {"uv": [0, 0, 1, 1], "texture": "#2"}
			}
		},
		{
			"from": [1.5, 16.5, 10],
			"to": [2.5, 17, 11],
			"rotation": {"angle": 0, "axis": "y", "origin": [-7.5, 24.5, 5]},
			"faces": {
				"north": {"uv": [0, 0, 1, 0.5], "texture": "#2"},
				"east": {"uv": [0, 0, 1, 0.5], "texture": "#2"},
				"south": {"uv": [0, 0, 1, 0.5], "texture": "#2"},
				"west": {"uv": [0, 0, 1, 0.5], "texture": "#2"},
				"up": {"uv": [0, 0, 1, 1], "texture": "#2"},
				"down": {"uv": [0, 0, 1, 1], "texture": "#2"}
			}
		},
		{
			"from": [1.5, 16.5, 4],
			"to": [2.5, 17, 5],
			"rotation": {"angle": 0, "axis": "y", "origin": [-7.5, 24.5, -1]},
			"faces": {
				"north": {"uv": [0, 0, 1, 0.5], "texture": "#2"},
				"east": {"uv": [0, 0, 1, 0.5], "texture": "#2"},
				"south": {"uv": [0, 0, 1, 0.5], "texture": "#2"},
				"west": {"uv": [0, 0, 1, 0.5], "texture": "#2"},
				"up": {"uv": [0, 0, 1, 1], "texture": "#2"},
				"down": {"uv": [0, 0, 1, 1], "texture": "#2"}
			}
		},
		{
			"from": [1.5, 16.5, 2.25],
			"to": [2.5, 17, 3.25],
			"rotation": {"angle": 0, "axis": "y", "origin": [-7.5, 24.5, -2.75]},
			"faces": {
				"north": {"uv": [0, 0, 1, 0.5], "texture": "#2"},
				"east": {"uv": [0, 0, 1, 0.5], "texture": "#2"},
				"south": {"uv": [0, 0, 1, 0.5], "texture": "#2"},
				"west": {"uv": [0, 0, 1, 0.5], "texture": "#2"},
				"up": {"uv": [0, 0, 1, 1], "texture": "#2"},
				"down": {"uv": [0, 0, 1, 1], "texture": "#2"}
			}
		},
		{
			"from": [11.5, 16.5, 10],
			"to": [12.5, 17, 11],
			"rotation": {"angle": 0, "axis": "y", "origin": [2.5, 24.5, 5]},
			"faces": {
				"north": {"uv": [0, 0, 1, 0.5], "texture": "#2"},
				"east": {"uv": [0, 0, 1, 0.5], "texture": "#2"},
				"south": {"uv": [0, 0, 1, 0.5], "texture": "#2"},
				"west": {"uv": [0, 0, 1, 0.5], "texture": "#2"},
				"up": {"uv": [0, 0, 1, 1], "texture": "#2"},
				"down": {"uv": [0, 0, 1, 1], "texture": "#2"}
			}
		},
		{
			"from": [11.5, 16.5, 4],
			"to": [12.5, 17, 5],
			"rotation": {"angle": 0, "axis": "y", "origin": [2.5, 24.5, -1]},
			"faces": {
				"north": {"uv": [0, 0, 1, 0.5], "texture": "#2"},
				"east": {"uv": [0, 0, 1, 0.5], "texture": "#2"},
				"south": {"uv": [0, 0, 1, 0.5], "texture": "#2"},
				"west": {"uv": [0, 0, 1, 0.5], "texture": "#2"},
				"up": {"uv": [0, 0, 1, 1], "texture": "#2"},
				"down": {"uv": [0, 0, 1, 1], "texture": "#2"}
			}
		},
		{
			"from": [11.5, 16.5, 2.25],
			"to": [12.5, 17, 3.25],
			"rotation": {"angle": 0, "axis": "y", "origin": [2.5, 24.5, -2.75]},
			"faces": {
				"north": {"uv": [0, 0, 1, 0.5], "texture": "#2"},
				"east": {"uv": [0, 0, 1, 0.5], "texture": "#2"},
				"south": {"uv": [0, 0, 1, 0.5], "texture": "#2"},
				"west": {"uv": [0, 0, 1, 0.5], "texture": "#2"},
				"up": {"uv": [0, 0, 1, 1], "texture": "#2"},
				"down": {"uv": [0, 0, 1, 1], "texture": "#2"}
			}
		},
		{
			"from": [5.5, 16.5, 10],
			"to": [6.5, 17, 11],
			"rotation": {"angle": 0, "axis": "y", "origin": [-3.5, 24.5, 5]},
			"faces": {
				"north": {"uv": [0, 0, 1, 0.5], "texture": "#2"},
				"east": {"uv": [0, 0, 1, 0.5], "texture": "#2"},
				"south": {"uv": [0, 0, 1, 0.5], "texture": "#2"},
				"west": {"uv": [0, 0, 1, 0.5], "texture": "#2"},
				"up": {"uv": [0, 0, 1, 1], "texture": "#2"},
				"down": {"uv": [0, 0, 1, 1], "texture": "#2"}
			}
		},
		{
			"from": [5.5, 16.5, 4],
			"to": [6.5, 17, 5],
			"rotation": {"angle": 0, "axis": "y", "origin": [-3.5, 24.5, -1]},
			"faces": {
				"north": {"uv": [0, 0, 1, 0.5], "texture": "#2"},
				"east": {"uv": [0, 0, 1, 0.5], "texture": "#2"},
				"south": {"uv": [0, 0, 1, 0.5], "texture": "#2"},
				"west": {"uv": [0, 0, 1, 0.5], "texture": "#2"},
				"up": {"uv": [0, 0, 1, 1], "texture": "#2"},
				"down": {"uv": [0, 0, 1, 1], "texture": "#2"}
			}
		},
		{
			"from": [5.5, 16.5, 2.25],
			"to": [6.5, 17, 3.25],
			"rotation": {"angle": 0, "axis": "y", "origin": [-3.5, 24.5, -2.75]},
			"faces": {
				"north": {"uv": [0, 0, 1, 0.5], "texture": "#2"},
				"east": {"uv": [0, 0, 1, 0.5], "texture": "#2"},
				"south": {"uv": [0, 0, 1, 0.5], "texture": "#2"},
				"west": {"uv": [0, 0, 1, 0.5], "texture": "#2"},
				"up": {"uv": [0, 0, 1, 1], "texture": "#2"},
				"down": {"uv": [0, 0, 1, 1], "texture": "#2"}
			}
		},
		{
			"from": [-0.5, 16.5, 10],
			"to": [0.5, 17, 11],
			"rotation": {"angle": 0, "axis": "y", "origin": [-9.5, 24.5, 5]},
			"faces": {
				"north": {"uv": [0, 0, 1, 0.5], "texture": "#2"},
				"east": {"uv": [0, 0, 1, 0.5], "texture": "#2"},
				"south": {"uv": [0, 0, 1, 0.5], "texture": "#2"},
				"west": {"uv": [0, 0, 1, 0.5], "texture": "#2"},
				"up": {"uv": [0, 0, 1, 1], "texture": "#2"},
				"down": {"uv": [0, 0, 1, 1], "texture": "#2"}
			}
		},
		{
			"from": [-0.5, 16.5, 4],
			"to": [0.5, 17, 5],
			"rotation": {"angle": 0, "axis": "y", "origin": [-9.5, 24.5, -1]},
			"faces": {
				"north": {"uv": [0, 0, 1, 0.5], "texture": "#2"},
				"east": {"uv": [0, 0, 1, 0.5], "texture": "#2"},
				"south": {"uv": [0, 0, 1, 0.5], "texture": "#2"},
				"west": {"uv": [0, 0, 1, 0.5], "texture": "#2"},
				"up": {"uv": [0, 0, 1, 1], "texture": "#2"},
				"down": {"uv": [0, 0, 1, 1], "texture": "#2"}
			}
		},
		{
			"from": [-0.5, 16.5, 2.25],
			"to": [0.5, 17, 3.25],
			"rotation": {"angle": 0, "axis": "y", "origin": [-9.5, 24.5, -2.75]},
			"faces": {
				"north": {"uv": [0, 0, 1, 0.5], "texture": "#2"},
				"east": {"uv": [0, 0, 1, 0.5], "texture": "#2"},
				"south": {"uv": [0, 0, 1, 0.5], "texture": "#2"},
				"west": {"uv": [0, 0, 1, 0.5], "texture": "#2"},
				"up": {"uv": [0, 0, 1, 1], "texture": "#2"},
				"down": {"uv": [0, 0, 1, 1], "texture": "#2"}
			}
		},
		{
			"from": [-2, 2, 1],
			"to": [18, 4.5, 16],
			"rotation": {"angle": 0, "axis": "y", "origin": [8, 10, 8]},
			"faces": {
				"north": {"uv": [0, 0, 16, 2.5], "texture": "#2"},
				"east": {"uv": [0, 0, 15, 2.5], "texture": "#2"},
				"south": {"uv": [0, 0, 16, 2.5], "texture": "#2"},
				"west": {"uv": [0, 0, 15, 2.5], "texture": "#2"},
				"up": {"uv": [0, 0, 16, 15], "texture": "#2"},
				"down": {"uv": [0, 0, 16, 15], "texture": "#2"}
			}
		},
		{
			"from": [-3, 6, 0],
			"to": [19, 7, 16],
			"rotation": {"angle": 0, "axis": "y", "origin": [8, 14, 8]},
			"faces": {
				"north": {"uv": [0, 0, 16, 1], "texture": "#0"},
				"east": {"uv": [0, 0, 16, 1], "texture": "#0"},
				"south": {"uv": [0, 0, 16, 1], "texture": "#0"},
				"west": {"uv": [0, 0, 16, 1], "texture": "#0"},
				"up": {"uv": [0, 0, 16, 16], "texture": "#0"},
				"down": {"uv": [0, 0, 16, 16], "texture": "#0"}
			}
		},
		{
			"from": [19, 2, 0],
			"to": [20, 14, 16],
			"rotation": {"angle": 0, "axis": "y", "origin": [8, 21, 8]},
			"faces": {
				"north": {"uv": [0, 0, 1, 12], "texture": "#0"},
				"east": {"uv": [0, 0, 16, 12], "texture": "#0"},
				"south": {"uv": [0, 0, 1, 12], "texture": "#0"},
				"west": {"uv": [0, 0, 16, 12], "texture": "#0"},
				"up": {"uv": [0, 0, 1, 16], "texture": "#0"},
				"down": {"uv": [0, 0, 1, 16], "texture": "#0"}
			}
		},
		{
			"from": [-4, 2, 0],
			"to": [-3, 14, 16],
			"rotation": {"angle": 0, "axis": "y", "origin": [-15, 21, 8]},
			"faces": {
				"north": {"uv": [0, 0, 1, 12], "texture": "#0"},
				"east": {"uv": [0, 0, 16, 12], "texture": "#0"},
				"south": {"uv": [0, 0, 1, 12], "texture": "#0"},
				"west": {"uv": [0, 0, 16, 12], "texture": "#0"},
				"up": {"uv": [0, 0, 1, 16], "texture": "#0"},
				"down": {"uv": [0, 0, 1, 16], "texture": "#0"}
			}
		},
		{
			"from": [20, 7.25, 5.875],
			"to": [20.25, 9.25, 6.125],
			"rotation": {"angle": 0, "axis": "y", "origin": [28, 15.25, 13.125]},
			"faces": {
				"north": {"uv": [0, 0, 0.25, 2], "texture": "#1"},
				"east": {"uv": [0, 0, 0.25, 2], "texture": "#1"},
				"south": {"uv": [0, 0, 0.25, 2], "texture": "#1"},
				"west": {"uv": [0, 0, 0.25, 2], "texture": "#1"},
				"up": {"uv": [0, 0, 0.25, 0.25], "texture": "#1"},
				"down": {"uv": [0, 0, 0.25, 0.25], "texture": "#1"}
			}
		},
		{
			"from": [-4.25, 7.25, 5.875],
			"to": [-4, 9.25, 6.125],
			"rotation": {"angle": 0, "axis": "y", "origin": [3.75, 15.25, 13.125]},
			"faces": {
				"north": {"uv": [0, 0, 0.25, 2], "texture": "#1"},
				"east": {"uv": [0, 0, 0.25, 2], "texture": "#1"},
				"south": {"uv": [0, 0, 0.25, 2], "texture": "#1"},
				"west": {"uv": [0, 0, 0.25, 2], "texture": "#1"},
				"up": {"uv": [0, 0, 0.25, 0.25], "texture": "#1"},
				"down": {"uv": [0, 0, 0.25, 0.25], "texture": "#1"}
			}
		},
		{
			"from": [20, 7.25, 6.125],
			"to": [20.25, 7.75, 9.875],
			"rotation": {"angle": 0, "axis": "y", "origin": [28, 15.25, 13.375]},
			"faces": {
				"north": {"uv": [0, 0, 0.25, 0.5], "texture": "#1"},
				"east": {"uv": [0, 0, 3.75, 0.5], "texture": "#1"},
				"south": {"uv": [0, 0, 0.25, 0.5], "texture": "#1"},
				"west": {"uv": [0, 0, 3.75, 0.5], "texture": "#1"},
				"up": {"uv": [0, 0, 0.25, 3.75], "texture": "#1"},
				"down": {"uv": [0, 0, 0.25, 3.75], "texture": "#1"}
			}
		},
		{
			"from": [-4.25, 7.25, 6.125],
			"to": [-4, 7.75, 9.875],
			"rotation": {"angle": 0, "axis": "y", "origin": [3.75, 15.25, 13.375]},
			"faces": {
				"north": {"uv": [0, 0, 0.25, 0.5], "texture": "#1"},
				"east": {"uv": [0, 0, 3.75, 0.5], "texture": "#1"},
				"south": {"uv": [0, 0, 0.25, 0.5], "texture": "#1"},
				"west": {"uv": [0, 0, 3.75, 0.5], "texture": "#1"},
				"up": {"uv": [0, 0, 0.25, 3.75], "texture": "#1"},
				"down": {"uv": [0, 0, 0.25, 3.75], "texture": "#1"}
			}
		},
		{
			"from": [20, 7.25, 9.875],
			"to": [20.25, 9.25, 10.125],
			"rotation": {"angle": 0, "axis": "y", "origin": [28, 15.25, 17.125]},
			"faces": {
				"north": {"uv": [0, 0, 0.25, 2], "texture": "#1"},
				"east": {"uv": [0, 0, 0.25, 2], "texture": "#1"},
				"south": {"uv": [0, 0, 0.25, 2], "texture": "#1"},
				"west": {"uv": [0, 0, 0.25, 2], "texture": "#1"},
				"up": {"uv": [0, 0, 0.25, 0.25], "texture": "#1"},
				"down": {"uv": [0, 0, 0.25, 0.25], "texture": "#1"}
			}
		},
		{
			"from": [-4.25, 7.25, 9.875],
			"to": [-4, 9.25, 10.125],
			"rotation": {"angle": 0, "axis": "y", "origin": [3.75, 15.25, 17.125]},
			"faces": {
				"north": {"uv": [0, 0, 0.25, 2], "texture": "#1"},
				"east": {"uv": [0, 0, 0.25, 2], "texture": "#1"},
				"south": {"uv": [0, 0, 0.25, 2], "texture": "#1"},
				"west": {"uv": [0, 0, 0.25, 2], "texture": "#1"},
				"up": {"uv": [0, 0, 0.25, 0.25], "texture": "#1"},
				"down": {"uv": [0, 0, 0.25, 0.25], "texture": "#1"}
			}
		}
	],
	"gui_light": "front",
	"display": {
		"thirdperson_righthand": {
			"rotation": [0, -180, 0],
			"translation": [0, 8, 0]
		},
		"thirdperson_lefthand": {
			"rotation": [0, -180, 0],
			"translation": [0, 8, 0]
		},
		"firstperson_righthand": {
			"rotation": [0, 45, 0],
			"scale": [0.4, 0.4, 0.4]
		},
		"firstperson_lefthand": {
			"rotation": [0, 225, 0],
			"scale": [0.4, 0.4, 0.4]
		},
		"ground": {
			"translation": [0, 3, 0],
			"scale": [0.25, 0.25, 0.25]
		},
		"gui": {
			"rotation": [30, 225, 0],
			"scale": [0.625, 0.625, 0.625]
		},
		"fixed": {
			"scale": [0.5, 0.5, 0.5]
		}
	}
}