{
		"textures": {
		"0": "block/black_concrete_powder",
		"particle": "block/black_concrete_powder"
	},
	"elements": [
		{
			"from": [6.25, 7.14063, 12.07813],
			"to": [9.75, 7.39063, 15.57813],
			"rotation": {"angle": 22.5, "axis": "x", "origin": [8, 19.10938, 13.71875]},
			"faces": {
				"north": {"uv": [0, 0, 3.5, 0.25], "rotation": 180, "texture": "#0"},
				"east": {"uv": [0, 0, 0.25, 3.5], "rotation": 90, "texture": "#0"},
				"south": {"uv": [0, 0, 3.5, 0.25], "texture": "#0"},
				"west": {"uv": [0, 0, 0.25, 3.5], "rotation": 270, "texture": "#0"},
				"up": {"uv": [0, 0, 3.5, 3.5], "texture": "#0"},
				"down": {"uv": [0, 5.6, 3.5, 9.1], "rotation": 180, "texture": "#0"}
			}
		},
		{
			"from": [4, 7.39063, 9.82813],
			"to": [12, 23.39063, 17.82813],
			"rotation": {"angle": 22.5, "axis": "x", "origin": [8, 19.10938, 13.71875]},
			"faces": {
				"north": {"uv": [0, 0, 8, 16], "rotation": 180, "texture": "#0"},
				"east": {"uv": [0, 0, 16, 8], "rotation": 90, "texture": "#0"},
				"south": {"uv": [0, 0, 8, 16], "texture": "#0"},
				"west": {"uv": [0, 0, 16, 8], "rotation": 270, "texture": "#0"},
				"up": {"uv": [0, 0, 8, 8], "texture": "#0"},
				"down": {"uv": [0, 0, 8, 8], "rotation": 180, "texture": "#0"}
			}
		},
		{
			"from": [3.5, 15.39063, 16.57813],
			"to": [12.5, 23.89063, 16.82813],
			"rotation": {"angle": 22.5, "axis": "x", "origin": [8, 19.10938, 13.71875]},
			"faces": {
				"north": {"uv": [0, 0, 9, 8.5], "rotation": 180, "texture": "#0"},
				"east": {"uv": [0, 0, 8.5, 0.25], "rotation": 90, "texture": "#0"},
				"south": {"uv": [0, 0, 9, 8.5], "texture": "#0"},
				"west": {"uv": [0, 0, 8.5, 0.25], "rotation": 270, "texture": "#0"},
				"up": {"uv": [0, 0, 9, 0.25], "texture": "#0"},
				"down": {"uv": [0, 0, 9, 0.25], "rotation": 180, "texture": "#0"}
			}
		},
		{
			"from": [3.5, 15.39063, 15.57813],
			"to": [12.5, 23.89063, 15.82813],
			"rotation": {"angle": 22.5, "axis": "x", "origin": [8, 19.10938, 13.71875]},
			"faces": {
				"north": {"uv": [0, 0, 9, 8.5], "rotation": 180, "texture": "#0"},
				"east": {"uv": [0, 0, 8.5, 0.25], "rotation": 90, "texture": "#0"},
				"south": {"uv": [0, 0, 9, 8.5], "texture": "#0"},
				"west": {"uv": [0, 0, 8.5, 0.25], "rotation": 270, "texture": "#0"},
				"up": {"uv": [0, 0, 9, 0.25], "texture": "#0"},
				"down": {"uv": [0, 0, 9, 0.25], "rotation": 180, "texture": "#0"}
			}
		},
		{
			"from": [3.5, 15.39063, 14.57813],
			"to": [12.5, 23.89063, 14.82813],
			"rotation": {"angle": 22.5, "axis": "x", "origin": [8, 19.10938, 13.71875]},
			"faces": {
				"north": {"uv": [0, 0, 9, 8.5], "rotation": 180, "texture": "#0"},
				"east": {"uv": [0, 0, 8.5, 0.25], "rotation": 90, "texture": "#0"},
				"south": {"uv": [0, 0, 9, 8.5], "texture": "#0"},
				"west": {"uv": [0, 0, 8.5, 0.25], "rotation": 270, "texture": "#0"},
				"up": {"uv": [0, 0, 9, 0.25], "texture": "#0"},
				"down": {"uv": [0, 0, 9, 0.25], "rotation": 180, "texture": "#0"}
			}
		},
		{
			"from": [3.5, 15.39063, 13.57813],
			"to": [12.5, 23.89063, 13.82813],
			"rotation": {"angle": 22.5, "axis": "x", "origin": [8, 19.10938, 13.71875]},
			"faces": {
				"north": {"uv": [0, 0, 9, 8.5], "rotation": 180, "texture": "#0"},
				"east": {"uv": [0, 0, 8.5, 0.25], "rotation": 90, "texture": "#0"},
				"south": {"uv": [0, 0, 9, 8.5], "texture": "#0"},
				"west": {"uv": [0, 0, 8.5, 0.25], "rotation": 270, "texture": "#0"},
				"up": {"uv": [0, 0, 9, 0.25], "texture": "#0"},
				"down": {"uv": [0, 0, 9, 0.25], "rotation": 180, "texture": "#0"}
			}
		},
		{
			"from": [3.5, 15.39063, 12.57813],
			"to": [12.5, 23.89063, 12.82813],
			"rotation": {"angle": 22.5, "axis": "x", "origin": [8, 19.10938, 13.71875]},
			"faces": {
				"north": {"uv": [0, 0, 9, 8.5], "rotation": 180, "texture": "#0"},
				"east": {"uv": [0, 0, 8.5, 0.25], "rotation": 90, "texture": "#0"},
				"south": {"uv": [0, 0, 9, 8.5], "texture": "#0"},
				"west": {"uv": [0, 0, 8.5, 0.25], "rotation": 270, "texture": "#0"},
				"up": {"uv": [0, 0, 9, 0.25], "texture": "#0"},
				"down": {"uv": [0, 0, 9, 0.25], "rotation": 180, "texture": "#0"}
			}
		},
		{
			"from": [3.5, 15.39063, 11.57813],
			"to": [12.5, 23.89063, 11.82813],
			"rotation": {"angle": 22.5, "axis": "x", "origin": [8, 19.10938, 13.71875]},
			"faces": {
				"north": {"uv": [0, 0, 9, 8.5], "rotation": 180, "texture": "#0"},
				"east": {"uv": [0, 0, 8.5, 0.25], "rotation": 90, "texture": "#0"},
				"south": {"uv": [0, 0, 9, 8.5], "texture": "#0"},
				"west": {"uv": [0, 0, 8.5, 0.25], "rotation": 270, "texture": "#0"},
				"up": {"uv": [0, 0, 9, 0.25], "texture": "#0"},
				"down": {"uv": [0, 0, 9, 0.25], "rotation": 180, "texture": "#0"}
			}
		},
		{
			"from": [3.5, 15.39063, 10.57813],
			"to": [12.5, 23.89063, 10.82813],
			"rotation": {"angle": 22.5, "axis": "x", "origin": [8, 19.10938, 13.71875]},
			"faces": {
				"north": {"uv": [0, 0, 9, 8.5], "rotation": 180, "texture": "#0"},
				"east": {"uv": [0, 0, 8.5, 0.25], "rotation": 90, "texture": "#0"},
				"south": {"uv": [0, 0, 9, 8.5], "texture": "#0"},
				"west": {"uv": [0, 0, 8.5, 0.25], "rotation": 270, "texture": "#0"},
				"up": {"uv": [0, 0, 9, 0.25], "texture": "#0"},
				"down": {"uv": [0, 0, 9, 0.25], "rotation": 180, "texture": "#0"}
			}
		},
		{
			"from": [12, 16, 12],
			"to": [13, 32, 13],
			"rotation": {"angle": 0, "axis": "y", "origin": [20, 28, 20]},
			"faces": {
				"north": {"uv": [0, 0, 1, 16], "texture": "#0"},
				"east": {"uv": [0, 0, 1, 16], "texture": "#0"},
				"south": {"uv": [0, 0, 1, 16], "texture": "#0"},
				"west": {"uv": [0, 0, 1, 16], "texture": "#0"},
				"up": {"uv": [0, 0, 1, 1], "texture": "#0"},
				"down": {"uv": [0, 0, 1, 1], "texture": "#0"}
			}
		},
		{
			"from": [3, 16, 12],
			"to": [4, 32, 13],
			"rotation": {"angle": 0, "axis": "y", "origin": [11, 28, 20]},
			"faces": {
				"north": {"uv": [0, 0, 1, 16], "texture": "#0"},
				"east": {"uv": [0, 0, 1, 16], "texture": "#0"},
				"south": {"uv": [0, 0, 1, 16], "texture": "#0"},
				"west": {"uv": [0, 0, 1, 16], "texture": "#0"},
				"up": {"uv": [0, 0, 1, 1], "texture": "#0"},
				"down": {"uv": [0, 0, 1, 1], "texture": "#0"}
			}
		},
		{
			"from": [4, 31, 12],
			"to": [12, 32, 13],
			"rotation": {"angle": 0, "axis": "y", "origin": [12, 28, 20]},
			"faces": {
				"north": {"uv": [0, 0, 8, 1], "texture": "#0"},
				"east": {"uv": [0, 0, 1, 1], "texture": "#0"},
				"south": {"uv": [0, 0, 8, 1], "texture": "#0"},
				"west": {"uv": [0, 0, 1, 1], "texture": "#0"},
				"up": {"uv": [0, 0, 8, 1], "texture": "#0"},
				"down": {"uv": [0, 0, 8, 1], "texture": "#0"}
			}
		}
	],
	"gui_light": "front",
	"display": {
		"thirdperson_righthand": {
			"rotation": [0, -180, 0],
			"translation": [0, 8, 4.5]
		},
		"thirdperson_lefthand": {
			"rotation": [0, -180, 0],
			"translation": [0, 8, 0]
		},
		"firstperson_righthand": {
			"rotation": [0, 45, 0],
			"scale": [0.4, 0.4, 0.4]
		},
		"firstperson_lefthand": {
			"rotation": [0, 225, 0],
			"scale": [0.4, 0.4, 0.4]
		},
		"ground": {
			"translation": [0, 3, 0],
			"scale": [0.25, 0.25, 0.25]
		},
		"gui": {
			"rotation": [30, 225, 0],
			"scale": [0.625, 0.625, 0.625]
		},
		"fixed": {
			"scale": [0.5, 0.5, 0.5]
		}
	}
}